"","OTU","Sample","Abundance","sample_Sample","Description","Site","Sample.Type","Mat","X..Organic.Matter","X..Organic.Carbon","X..Nitrogen","is.neg","Kingdom","Phylum","Class","Order","Family","Genus","Species","V8"
"1","sq2","E2",0.260081952174179,"E2","TM2 21E1","TM","External",21,3.767123288,NA,0,FALSE,"Bacteria","Desulfobacterota","Desulfobulbia","Desulfobulbales","Desulfocapsaceae",NA,NA,NA
"2","sq2","E1",0.222538814909577,"E1","TM2 21N1","TM","Internal",21,0.632675847,NA,0,FALSE,"Bacteria","Desulfobacterota","Desulfobulbia","Desulfobulbales","Desulfocapsaceae",NA,NA,NA
"3","sq5","D2",0.169327500484277,"D2","SB3 1E2","SB","External",1,0.994590822,NA,0,FALSE,"Bacteria","Proteobacteria","Alphaproteobacteria","Rhodobacterales","Rhodobacteraceae",NA,NA,NA
"4","sq2","E3",0.16832445734359,"E3","TM2 22N1","TM","Internal",22,1.027042307,1.612,NA,FALSE,"Bacteria","Desulfobacterota","Desulfobulbia","Desulfobulbales","Desulfocapsaceae",NA,NA,NA
"5","sq2","E6",0.16815906739034,"E6","TM2 23E1","TM","External",23,1.016192071,0.102,0,FALSE,"Bacteria","Desulfobacterota","Desulfobulbia","Desulfobulbales","Desulfocapsaceae",NA,NA,NA
"6","sq5","D4",0.164030022545448,"D4","SB3 2E1","SB","External",2,0.652985075,0.136,NA,FALSE,"Bacteria","Proteobacteria","Alphaproteobacteria","Rhodobacterales","Rhodobacteraceae",NA,NA,NA
"7","sq5","D3",0.158374849291385,"D3","SB3 2N1","SB","Internal",2,0.775372332,0.11,NA,FALSE,"Bacteria","Proteobacteria","Alphaproteobacteria","Rhodobacterales","Rhodobacteraceae",NA,NA,NA
"8","sq20","D3",0.148513387474692,"D3","SB3 2N1","SB","Internal",2,0.775372332,0.11,NA,FALSE,"Bacteria","Bacteroidota","Bacteroidia","Chitinophagales","Saprospiraceae",NA,NA,NA
"9","sq20","D4",0.147877208169633,"D4","SB3 2E1","SB","External",2,0.652985075,0.136,NA,FALSE,"Bacteria","Bacteroidota","Bacteroidia","Chitinophagales","Saprospiraceae",NA,NA,NA
"10","sq20","D6",0.147380754478905,"D6","SB3 3E1","SB","External",3,0.711169545,0.121,0,FALSE,"Bacteria","Bacteroidota","Bacteroidia","Chitinophagales","Saprospiraceae",NA,NA,NA
"11","sq5","D6",0.143815656388636,"D6","SB3 3E1","SB","External",3,0.711169545,0.121,0,FALSE,"Bacteria","Proteobacteria","Alphaproteobacteria","Rhodobacterales","Rhodobacteraceae",NA,NA,NA
"12","sq4","E8",0.142992200425431,"E8","TM3 26E1","TM","External",26,1.169004676,NA,0.034,FALSE,"Bacteria","Bacteroidota","Bacteroidia","Flavobacteriales","Flavobacteriaceae",NA,NA,NA
"13","sq5","D8",0.141363154291238,"D8","SB4 3E1","SB","External",3,0.797997922,NA,0,FALSE,"Bacteria","Proteobacteria","Alphaproteobacteria","Rhodobacterales","Rhodobacteraceae",NA,NA,NA
"14","sq2","E4",0.138715979391316,"E4","TM2 22E1","TM","External",22,1.31061599,0.595,NA,FALSE,"Bacteria","Desulfobacterota","Desulfobulbia","Desulfobulbales","Desulfocapsaceae",NA,NA,NA
"15","sq4","E10",0.132364857527129,"E10","TM3 27E1","TM","External",27,0.830019021,0.233,NA,FALSE,"Bacteria","Bacteroidota","Bacteroidia","Flavobacteriales","Flavobacteriaceae",NA,NA,NA
"16","sq2","E12",0.131163902998201,"E12","TM3 28E1","TM","External",28,1.516085295,1.023,0,FALSE,"Bacteria","Desulfobacterota","Desulfobulbia","Desulfobulbales","Desulfocapsaceae",NA,NA,NA
"17","sq5","D1",0.131047621541644,"D1","SB3 1N1 ","SB","Internal",1,1.016765819,NA,0,FALSE,"Bacteria","Proteobacteria","Alphaproteobacteria","Rhodobacterales","Rhodobacteraceae",NA,NA,NA
"18","sq4","E7",0.130210709190259,"E7","TM3 26N1","TM","Internal",26,1.910828025,NA,0.056,FALSE,"Bacteria","Bacteroidota","Bacteroidia","Flavobacteriales","Flavobacteriaceae",NA,NA,NA
"19","sq5","D10",0.128710450388772,"D10","SB4 4E1","SB","External",4,0.947375251,0.459,NA,FALSE,"Bacteria","Proteobacteria","Alphaproteobacteria","Rhodobacterales","Rhodobacteraceae",NA,NA,NA
"20","sq5","D5",0.125574300901317,"D5","SB3 3N1","SB","Internal",3,0.456230396,0,0,FALSE,"Bacteria","Proteobacteria","Alphaproteobacteria","Rhodobacterales","Rhodobacteraceae",NA,NA,NA
"21","sq2","E5",0.120377640322488,"E5","TM2 23N1","TM","Internal",23,1.041089822,0.484,0,FALSE,"Bacteria","Desulfobacterota","Desulfobulbia","Desulfobulbales","Desulfocapsaceae",NA,NA,NA
"22","sq19","E8",0.120066178208461,"E8","TM3 26E1","TM","External",26,1.169004676,NA,0.034,FALSE,"Bacteria","Desulfobacterota","Desulfovibrionia","Desulfovibrionales","Desulfovibrionaceae",NA,NA,NA
"23","sq20","D10",0.119117479257339,"D10","SB4 4E1","SB","External",4,0.947375251,0.459,NA,FALSE,"Bacteria","Bacteroidota","Bacteroidia","Chitinophagales","Saprospiraceae",NA,NA,NA
"24","sq4","E11",0.117850180430545,"E11","TM3 28N1","TM","Internal",28,1.477155617,2.427,0.039,FALSE,"Bacteria","Bacteroidota","Bacteroidia","Flavobacteriales","Flavobacteriaceae",NA,NA,NA
"25","sq5","D12",0.117103127809366,"D12","SB4 5E1","SB","External",5,0.897520783,0.4,0,FALSE,"Bacteria","Proteobacteria","Alphaproteobacteria","Rhodobacterales","Rhodobacteraceae",NA,NA,NA
"26","sq6","D12",0.113495464151032,"D12","SB4 5E1","SB","External",5,0.897520783,0.4,0,FALSE,"Bacteria","Cyanobacteria","Cyanobacteriia","Cyanobacteriales","Desertifilaceae",NA,NA,NA
"27","sq2","E10",0.112608285229769,"E10","TM3 27E1","TM","External",27,0.830019021,0.233,NA,FALSE,"Bacteria","Desulfobacterota","Desulfobulbia","Desulfobulbales","Desulfocapsaceae",NA,NA,NA
"28","sq20","D2",0.111343384774327,"D2","SB3 1E2","SB","External",1,0.994590822,NA,0,FALSE,"Bacteria","Bacteroidota","Bacteroidia","Chitinophagales","Saprospiraceae",NA,NA,NA
"29","sq5","D9",0.11110656943854,"D9","SB4 4N1","SB","Internal",4,1.337102689,1.856,NA,FALSE,"Bacteria","Proteobacteria","Alphaproteobacteria","Rhodobacterales","Rhodobacteraceae",NA,NA,NA
"30","sq5","E7",0.108110993565168,"E7","TM3 26N1","TM","Internal",26,1.910828025,NA,0.056,FALSE,"Bacteria","Proteobacteria","Alphaproteobacteria","Rhodobacterales","Rhodobacteraceae",NA,NA,NA
"31","sq42","D11",0.107472190794677,"D11","SB4 5N1","SB","Internal",5,1.132759402,0.701,0,FALSE,"Bacteria","Chloroflexi","Anaerolineae","SBR1031","A4b",NA,NA,NA
"32","sq5","E8",0.105176081304656,"E8","TM3 26E1","TM","External",26,1.169004676,NA,0.034,FALSE,"Bacteria","Proteobacteria","Alphaproteobacteria","Rhodobacterales","Rhodobacteraceae",NA,NA,NA
"33","sq10","E9",0.104630169961339,"E9","TM3 27N1","TM","Internal",27,1.647954829,2.235,NA,FALSE,"Bacteria","Proteobacteria","Gammaproteobacteria","Steroidobacterales","Woeseiaceae",NA,NA,NA
"34","sq20","D1",0.100428161784924,"D1","SB3 1N1 ","SB","Internal",1,1.016765819,NA,0,FALSE,"Bacteria","Bacteroidota","Bacteroidia","Chitinophagales","Saprospiraceae",NA,NA,NA
"35","sq2","E11",0.100190800116139,"E11","TM3 28N1","TM","Internal",28,1.477155617,2.427,0.039,FALSE,"Bacteria","Desulfobacterota","Desulfobulbia","Desulfobulbales","Desulfocapsaceae",NA,NA,NA
"36","sq2","E9",0.097891895834853,"E9","TM3 27N1","TM","Internal",27,1.647954829,2.235,NA,FALSE,"Bacteria","Desulfobacterota","Desulfobulbia","Desulfobulbales","Desulfocapsaceae",NA,NA,NA
"37","sq4","E12",0.097011680534419,"E12","TM3 28E1","TM","External",28,1.516085295,1.023,0,FALSE,"Bacteria","Bacteroidota","Bacteroidia","Flavobacteriales","Flavobacteriaceae",NA,NA,NA
"38","sq4","E4",0.0954205052575128,"E4","TM2 22E1","TM","External",22,1.31061599,0.595,NA,FALSE,"Bacteria","Bacteroidota","Bacteroidia","Flavobacteriales","Flavobacteriaceae",NA,NA,NA
"39","sq20","D12",0.0916510023233821,"D12","SB4 5E1","SB","External",5,0.897520783,0.4,0,FALSE,"Bacteria","Bacteroidota","Bacteroidia","Chitinophagales","Saprospiraceae",NA,NA,NA
"40","sq46","E1",0.0914985171832296,"E1","TM2 21N1","TM","Internal",21,0.632675847,NA,0,FALSE,"Bacteria","Desulfobacterota","Desulfobacteria","Desulfobacterales","Desulfosarcinaceae",NA,NA,NA
"41","sq42","D9",0.0899659919557895,"D9","SB4 4N1","SB","Internal",4,1.337102689,1.856,NA,FALSE,"Bacteria","Chloroflexi","Anaerolineae","SBR1031","A4b",NA,NA,NA
"42","sq5","D7",0.0879666883805291,"D7","SB4 3N1","SB","Internal",3,0.947464318,NA,0,FALSE,"Bacteria","Proteobacteria","Alphaproteobacteria","Rhodobacterales","Rhodobacteraceae",NA,NA,NA
"43","sq5","D11",0.086666599917899,"D11","SB4 5N1","SB","Internal",5,1.132759402,0.701,0,FALSE,"Bacteria","Proteobacteria","Alphaproteobacteria","Rhodobacterales","Rhodobacteraceae",NA,NA,NA
"44","sq4","D6",0.0832390318154962,"D6","SB3 3E1","SB","External",3,0.711169545,0.121,0,FALSE,"Bacteria","Bacteroidota","Bacteroidia","Flavobacteriales","Flavobacteriaceae",NA,NA,NA
"45","sq20","D9",0.0831889081455806,"D9","SB4 4N1","SB","Internal",4,1.337102689,1.856,NA,FALSE,"Bacteria","Bacteroidota","Bacteroidia","Chitinophagales","Saprospiraceae",NA,NA,NA
"46","sq10","E5",0.0823263563070913,"E5","TM2 23N1","TM","Internal",23,1.041089822,0.484,0,FALSE,"Bacteria","Proteobacteria","Gammaproteobacteria","Steroidobacterales","Woeseiaceae",NA,NA,NA
"47","sq42","D3",0.0816215109533884,"D3","SB3 2N1","SB","Internal",2,0.775372332,0.11,NA,FALSE,"Bacteria","Chloroflexi","Anaerolineae","SBR1031","A4b",NA,NA,NA
"48","sq112","D5",0.0805823896464063,"D5","SB3 3N1","SB","Internal",3,0.456230396,0,0,FALSE,"Bacteria","Desulfobacterota","Desulfobacteria","Desulfobacterales","Desulfobacteraceae",NA,NA,NA
"49","sq5","E11",0.0800842009208179,"E11","TM3 28N1","TM","Internal",28,1.477155617,2.427,0.039,FALSE,"Bacteria","Proteobacteria","Alphaproteobacteria","Rhodobacterales","Rhodobacteraceae",NA,NA,NA
"50","sq5","E4",0.0795234720652736,"E4","TM2 22E1","TM","External",22,1.31061599,0.595,NA,FALSE,"Bacteria","Proteobacteria","Alphaproteobacteria","Rhodobacterales","Rhodobacteraceae",NA,NA,NA
"51","sq20","D7",0.0791278691037284,"D7","SB4 3N1","SB","Internal",3,0.947464318,NA,0,FALSE,"Bacteria","Bacteroidota","Bacteroidia","Chitinophagales","Saprospiraceae",NA,NA,NA
"52","sq42","D2",0.0785578226899981,"D2","SB3 1E2","SB","External",1,0.994590822,NA,0,FALSE,"Bacteria","Chloroflexi","Anaerolineae","SBR1031","A4b",NA,NA,NA
"53","sq5","E3",0.0781368874862633,"E3","TM2 22N1","TM","Internal",22,1.027042307,1.612,NA,FALSE,"Bacteria","Proteobacteria","Alphaproteobacteria","Rhodobacterales","Rhodobacteraceae",NA,NA,NA
"54","sq4","E6",0.0779392198686406,"E6","TM2 23E1","TM","External",23,1.016192071,0.102,0,FALSE,"Bacteria","Bacteroidota","Bacteroidia","Flavobacteriales","Flavobacteriaceae",NA,NA,NA
"55","sq5","E6",0.0777069122088235,"E6","TM2 23E1","TM","External",23,1.016192071,0.102,0,FALSE,"Bacteria","Proteobacteria","Alphaproteobacteria","Rhodobacterales","Rhodobacteraceae",NA,NA,NA
"56","sq59","E2",0.0774998471041527,"E2","TM2 21E1","TM","External",21,3.767123288,NA,0,FALSE,"Bacteria","Planctomycetota","Planctomycetes","Pirellulales","Pirellulaceae",NA,NA,NA
"57","sq10","E3",0.0761832304845633,"E3","TM2 22N1","TM","Internal",22,1.027042307,1.612,NA,FALSE,"Bacteria","Proteobacteria","Gammaproteobacteria","Steroidobacterales","Woeseiaceae",NA,NA,NA
"58","sq42","D12",0.0754340287912576,"D12","SB4 5E1","SB","External",5,0.897520783,0.4,0,FALSE,"Bacteria","Chloroflexi","Anaerolineae","SBR1031","A4b",NA,NA,NA
"59","sq46","E5",0.0741492560179245,"E5","TM2 23N1","TM","Internal",23,1.041089822,0.484,0,FALSE,"Bacteria","Desulfobacterota","Desulfobacteria","Desulfobacterales","Desulfosarcinaceae",NA,NA,NA
"60","sq4","D4",0.0738196934960664,"D4","SB3 2E1","SB","External",2,0.652985075,0.136,NA,FALSE,"Bacteria","Bacteroidota","Bacteroidia","Flavobacteriales","Flavobacteriaceae",NA,NA,NA
"61","sq5","E9",0.0731180246553359,"E9","TM3 27N1","TM","Internal",27,1.647954829,2.235,NA,FALSE,"Bacteria","Proteobacteria","Alphaproteobacteria","Rhodobacterales","Rhodobacteraceae",NA,NA,NA
"62","sq2","D10",0.073019055536538,"D10","SB4 4E1","SB","External",4,0.947375251,0.459,NA,FALSE,"Bacteria","Desulfobacterota","Desulfobulbia","Desulfobulbales","Desulfocapsaceae",NA,NA,NA
"63","sq10","D10",0.0717639004352291,"D10","SB4 4E1","SB","External",4,0.947375251,0.459,NA,FALSE,"Bacteria","Proteobacteria","Gammaproteobacteria","Steroidobacterales","Woeseiaceae",NA,NA,NA
"64","sq59","E6",0.0708221579269709,"E6","TM2 23E1","TM","External",23,1.016192071,0.102,0,FALSE,"Bacteria","Planctomycetota","Planctomycetes","Pirellulales","Pirellulaceae",NA,NA,NA
"65","sq2","E7",0.0701231644230489,"E7","TM3 26N1","TM","Internal",26,1.910828025,NA,0.056,FALSE,"Bacteria","Desulfobacterota","Desulfobulbia","Desulfobulbales","Desulfocapsaceae",NA,NA,NA
"66","sq2","D5",0.0688513981973654,"D5","SB3 3N1","SB","Internal",3,0.456230396,0,0,FALSE,"Bacteria","Desulfobacterota","Desulfobulbia","Desulfobulbales","Desulfocapsaceae",NA,NA,NA
"67","sq4","D2",0.0688319235487828,"D2","SB3 1E2","SB","External",1,0.994590822,NA,0,FALSE,"Bacteria","Bacteroidota","Bacteroidia","Flavobacteriales","Flavobacteriaceae",NA,NA,NA
"68","sq59","D10",0.0676887215348754,"D10","SB4 4E1","SB","External",4,0.947375251,0.459,NA,FALSE,"Bacteria","Planctomycetota","Planctomycetes","Pirellulales","Pirellulaceae",NA,NA,NA
"69","sq4","D1",0.0674125672685373,"D1","SB3 1N1 ","SB","Internal",1,1.016765819,NA,0,FALSE,"Bacteria","Bacteroidota","Bacteroidia","Flavobacteriales","Flavobacteriaceae",NA,NA,NA
"70","sq4","E9",0.0660423809176453,"E9","TM3 27N1","TM","Internal",27,1.647954829,2.235,NA,FALSE,"Bacteria","Bacteroidota","Bacteroidia","Flavobacteriales","Flavobacteriaceae",NA,NA,NA
"71","sq4","D3",0.0658681953638618,"D3","SB3 2N1","SB","Internal",2,0.775372332,0.11,NA,FALSE,"Bacteria","Bacteroidota","Bacteroidia","Flavobacteriales","Flavobacteriaceae",NA,NA,NA
"72","sq5","E10",0.0653011102107646,"E10","TM3 27E1","TM","External",27,0.830019021,0.233,NA,FALSE,"Bacteria","Proteobacteria","Alphaproteobacteria","Rhodobacterales","Rhodobacteraceae",NA,NA,NA
"73","sq20","E11",0.0649135177734456,"E11","TM3 28N1","TM","Internal",28,1.477155617,2.427,0.039,FALSE,"Bacteria","Bacteroidota","Bacteroidia","Chitinophagales","Saprospiraceae",NA,NA,NA
"74","sq46","E2",0.0640572442052474,"E2","TM2 21E1","TM","External",21,3.767123288,NA,0,FALSE,"Bacteria","Desulfobacterota","Desulfobacteria","Desulfobacterales","Desulfosarcinaceae",NA,NA,NA
"75","sq10","E6",0.0632193617875019,"E6","TM2 23E1","TM","External",23,1.016192071,0.102,0,FALSE,"Bacteria","Proteobacteria","Gammaproteobacteria","Steroidobacterales","Woeseiaceae",NA,NA,NA
"76","sq37","E7",0.0625042462123786,"E7","TM3 26N1","TM","Internal",26,1.910828025,NA,0.056,FALSE,"Bacteria","Desulfobacterota","Desulfobulbia","Desulfobulbales","Desulfobulbaceae",NA,NA,NA
"77","sq5","E5",0.0618165801719681,"E5","TM2 23N1","TM","Internal",23,1.041089822,0.484,0,FALSE,"Bacteria","Proteobacteria","Alphaproteobacteria","Rhodobacterales","Rhodobacteraceae",NA,NA,NA
"78","sq20","D11",0.0609149253581906,"D11","SB4 5N1","SB","Internal",5,1.132759402,0.701,0,FALSE,"Bacteria","Bacteroidota","Bacteroidia","Chitinophagales","Saprospiraceae",NA,NA,NA
"79","sq20","D8",0.0607337996214206,"D8","SB4 3E1","SB","External",3,0.797997922,NA,0,FALSE,"Bacteria","Bacteroidota","Bacteroidia","Chitinophagales","Saprospiraceae",NA,NA,NA
"80","sq1","D2",0.0601795053916188,"D2","SB3 1E2","SB","External",1,0.994590822,NA,0,FALSE,"Bacteria","Proteobacteria","Gammaproteobacteria","Pseudomonadales","Halieaceae",NA,NA,NA
"81","sq4","D5",0.0597272937370002,"D5","SB3 3N1","SB","Internal",3,0.456230396,0,0,FALSE,"Bacteria","Bacteroidota","Bacteroidia","Flavobacteriales","Flavobacteriaceae",NA,NA,NA
"82","sq5","E1",0.0587893237192534,"E1","TM2 21N1","TM","Internal",21,0.632675847,NA,0,FALSE,"Bacteria","Proteobacteria","Alphaproteobacteria","Rhodobacterales","Rhodobacteraceae",NA,NA,NA
"83","sq1","D9",0.058582126156764,"D9","SB4 4N1","SB","Internal",4,1.337102689,1.856,NA,FALSE,"Bacteria","Proteobacteria","Gammaproteobacteria","Pseudomonadales","Halieaceae",NA,NA,NA
"84","sq2","D7",0.0583719712355188,"D7","SB4 3N1","SB","Internal",3,0.947464318,NA,0,FALSE,"Bacteria","Desulfobacterota","Desulfobulbia","Desulfobulbales","Desulfocapsaceae",NA,NA,NA
"85","sq10","E2",0.0583328236805088,"E2","TM2 21E1","TM","External",21,3.767123288,NA,0,FALSE,"Bacteria","Proteobacteria","Gammaproteobacteria","Steroidobacterales","Woeseiaceae",NA,NA,NA
"86","sq42","D7",0.0577844196650956,"D7","SB4 3N1","SB","Internal",3,0.947464318,NA,0,FALSE,"Bacteria","Chloroflexi","Anaerolineae","SBR1031","A4b",NA,NA,NA
"87","sq5","E12",0.0571970670197838,"E12","TM3 28E1","TM","External",28,1.516085295,1.023,0,FALSE,"Bacteria","Proteobacteria","Alphaproteobacteria","Rhodobacterales","Rhodobacteraceae",NA,NA,NA
"88","sq59","E9",0.0571431176599314,"E9","TM3 27N1","TM","Internal",27,1.647954829,2.235,NA,FALSE,"Bacteria","Planctomycetota","Planctomycetes","Pirellulales","Pirellulaceae",NA,NA,NA
"89","sq46","E4",0.0570569420237115,"E4","TM2 22E1","TM","External",22,1.31061599,0.595,NA,FALSE,"Bacteria","Desulfobacterota","Desulfobacteria","Desulfobacterales","Desulfosarcinaceae",NA,NA,NA
"90","sq42","D4",0.0564777732327508,"D4","SB3 2E1","SB","External",2,0.652985075,0.136,NA,FALSE,"Bacteria","Chloroflexi","Anaerolineae","SBR1031","A4b",NA,NA,NA
"91","sq1","D3",0.056040856252417,"D3","SB3 2N1","SB","Internal",2,0.775372332,0.11,NA,FALSE,"Bacteria","Proteobacteria","Gammaproteobacteria","Pseudomonadales","Halieaceae",NA,NA,NA
"92","sq20","D5",0.055863184654495,"D5","SB3 3N1","SB","Internal",3,0.456230396,0,0,FALSE,"Bacteria","Bacteroidota","Bacteroidia","Chitinophagales","Saprospiraceae",NA,NA,NA
"93","sq161","D11",0.0556784845359793,"D11","SB4 5N1","SB","Internal",5,1.132759402,0.701,0,FALSE,"Bacteria","Verrucomicrobiota","Verrucomicrobiae","Opitutales","Puniceicoccaceae",NA,NA,NA
"94","sq42","D6",0.0537668866479065,"D6","SB3 3E1","SB","External",3,0.711169545,0.121,0,FALSE,"Bacteria","Chloroflexi","Anaerolineae","SBR1031","A4b",NA,NA,NA
"95","sq10","E10",0.0526368549875947,"E10","TM3 27E1","TM","External",27,0.830019021,0.233,NA,FALSE,"Bacteria","Proteobacteria","Gammaproteobacteria","Steroidobacterales","Woeseiaceae",NA,NA,NA
"96","sq4","E5",0.0526245236408204,"E5","TM2 23N1","TM","Internal",23,1.041089822,0.484,0,FALSE,"Bacteria","Bacteroidota","Bacteroidia","Flavobacteriales","Flavobacteriaceae",NA,NA,NA
"97","sq46","E6",0.0522269857025195,"E6","TM2 23E1","TM","External",23,1.016192071,0.102,0,FALSE,"Bacteria","Desulfobacterota","Desulfobacteria","Desulfobacterales","Desulfosarcinaceae",NA,NA,NA
"98","sq4","E1",0.0521311856719195,"E1","TM2 21N1","TM","Internal",21,0.632675847,NA,0,FALSE,"Bacteria","Bacteroidota","Bacteroidia","Flavobacteriales","Flavobacteriaceae",NA,NA,NA
"99","sq59","D7",0.0516151281756524,"D7","SB4 3N1","SB","Internal",3,0.947464318,NA,0,FALSE,"Bacteria","Planctomycetota","Planctomycetes","Pirellulales","Pirellulaceae",NA,NA,NA
"100","sq20","E10",0.0502309806444068,"E10","TM3 27E1","TM","External",27,0.830019021,0.233,NA,FALSE,"Bacteria","Bacteroidota","Bacteroidia","Chitinophagales","Saprospiraceae",NA,NA,NA
"101","sq59","E12",0.0500622566555329,"E12","TM3 28E1","TM","External",28,1.516085295,1.023,0,FALSE,"Bacteria","Planctomycetota","Planctomycetes","Pirellulales","Pirellulaceae",NA,NA,NA
"102","sq20","E8",0.0496218388087922,"E8","TM3 26E1","TM","External",26,1.169004676,NA,0.034,FALSE,"Bacteria","Bacteroidota","Bacteroidia","Chitinophagales","Saprospiraceae",NA,NA,NA
"103","sq10","E4",0.0495680986765241,"E4","TM2 22E1","TM","External",22,1.31061599,0.595,NA,FALSE,"Bacteria","Proteobacteria","Gammaproteobacteria","Steroidobacterales","Woeseiaceae",NA,NA,NA
"104","sq59","E5",0.0491392022060936,"E5","TM2 23N1","TM","Internal",23,1.041089822,0.484,0,FALSE,"Bacteria","Planctomycetota","Planctomycetes","Pirellulales","Pirellulaceae",NA,NA,NA
"105","sq11","E7",0.049100773538575,"E7","TM3 26N1","TM","Internal",26,1.910828025,NA,0.056,FALSE,"Bacteria","Cyanobacteria","Cyanobacteriia","Cyanobacteriales","Coleofasciculaceae",NA,NA,NA
"106","sq5","E2",0.0489633661549752,"E2","TM2 21E1","TM","External",21,3.767123288,NA,0,FALSE,"Bacteria","Proteobacteria","Alphaproteobacteria","Rhodobacterales","Rhodobacteraceae",NA,NA,NA
"107","sq4","D10",0.0478670513635549,"D10","SB4 4E1","SB","External",4,0.947375251,0.459,NA,FALSE,"Bacteria","Bacteroidota","Bacteroidia","Flavobacteriales","Flavobacteriaceae",NA,NA,NA
"108","sq10","E12",0.047710338557622,"E12","TM3 28E1","TM","External",28,1.516085295,1.023,0,FALSE,"Bacteria","Proteobacteria","Gammaproteobacteria","Steroidobacterales","Woeseiaceae",NA,NA,NA
"109","sq59","E11",0.0475755941764486,"E11","TM3 28N1","TM","Internal",28,1.477155617,2.427,0.039,FALSE,"Bacteria","Planctomycetota","Planctomycetes","Pirellulales","Pirellulaceae",NA,NA,NA
"110","sq59","E4",0.0469441305472027,"E4","TM2 22E1","TM","External",22,1.31061599,0.595,NA,FALSE,"Bacteria","Planctomycetota","Planctomycetes","Pirellulales","Pirellulaceae",NA,NA,NA
"111","sq10","D11",0.0461767974608769,"D11","SB4 5N1","SB","Internal",5,1.132759402,0.701,0,FALSE,"Bacteria","Proteobacteria","Gammaproteobacteria","Steroidobacterales","Woeseiaceae",NA,NA,NA
"112","sq20","E3",0.0457324804869114,"E3","TM2 22N1","TM","Internal",22,1.027042307,1.612,NA,FALSE,"Bacteria","Bacteroidota","Bacteroidia","Chitinophagales","Saprospiraceae",NA,NA,NA
"113","sq59","E10",0.0457116125205711,"E10","TM3 27E1","TM","External",27,0.830019021,0.233,NA,FALSE,"Bacteria","Planctomycetota","Planctomycetes","Pirellulales","Pirellulaceae",NA,NA,NA
"114","sq2","D1",0.0456247626779097,"D1","SB3 1N1 ","SB","Internal",1,1.016765819,NA,0,FALSE,"Bacteria","Desulfobacterota","Desulfobulbia","Desulfobulbales","Desulfocapsaceae",NA,NA,NA
"115","sq59","E1",0.0452695237541432,"E1","TM2 21N1","TM","Internal",21,0.632675847,NA,0,FALSE,"Bacteria","Planctomycetota","Planctomycetes","Pirellulales","Pirellulaceae",NA,NA,NA
"116","sq59","D11",0.0451555413158185,"D11","SB4 5N1","SB","Internal",5,1.132759402,0.701,0,FALSE,"Bacteria","Planctomycetota","Planctomycetes","Pirellulales","Pirellulaceae",NA,NA,NA
"117","sq14","D8",0.0450939064828364,"D8","SB4 3E1","SB","External",3,0.797997922,NA,0,FALSE,"Bacteria","Cyanobacteria","Cyanobacteriia","Phormidesmiales","Phormidesmiaceae",NA,NA,NA
"118","sq10","E1",0.0447752514973542,"E1","TM2 21N1","TM","Internal",21,0.632675847,NA,0,FALSE,"Bacteria","Proteobacteria","Gammaproteobacteria","Steroidobacterales","Woeseiaceae",NA,NA,NA
"119","sq42","D1",0.0447016615819727,"D1","SB3 1N1 ","SB","Internal",1,1.016765819,NA,0,FALSE,"Bacteria","Chloroflexi","Anaerolineae","SBR1031","A4b",NA,NA,NA
"120","sq1","D4",0.0445201244280401,"D4","SB3 2E1","SB","External",2,0.652985075,0.136,NA,FALSE,"Bacteria","Proteobacteria","Gammaproteobacteria","Pseudomonadales","Halieaceae",NA,NA,NA
"121","sq1","D6",0.0445136545259721,"D6","SB3 3E1","SB","External",3,0.711169545,0.121,0,FALSE,"Bacteria","Proteobacteria","Gammaproteobacteria","Pseudomonadales","Halieaceae",NA,NA,NA
"122","sq1","E12",0.043569776864241,"E12","TM3 28E1","TM","External",28,1.516085295,1.023,0,FALSE,"Bacteria","Proteobacteria","Gammaproteobacteria","Pseudomonadales","Halieaceae",NA,NA,NA
"123","sq161","D9",0.0432866812726857,"D9","SB4 4N1","SB","Internal",4,1.337102689,1.856,NA,FALSE,"Bacteria","Verrucomicrobiota","Verrucomicrobiae","Opitutales","Puniceicoccaceae",NA,NA,NA
"124","sq59","E3",0.0431401279269633,"E3","TM2 22N1","TM","Internal",22,1.027042307,1.612,NA,FALSE,"Bacteria","Planctomycetota","Planctomycetes","Pirellulales","Pirellulaceae",NA,NA,NA
"125","sq46","E3",0.0426704988400162,"E3","TM2 22N1","TM","Internal",22,1.027042307,1.612,NA,FALSE,"Bacteria","Desulfobacterota","Desulfobacteria","Desulfobacterales","Desulfosarcinaceae",NA,NA,NA
"126","sq59","D1",0.0424626504131041,"D1","SB3 1N1 ","SB","Internal",1,1.016765819,NA,0,FALSE,"Bacteria","Planctomycetota","Planctomycetes","Pirellulales","Pirellulaceae",NA,NA,NA
"127","sq2","E8",0.0422595131174663,"E8","TM3 26E1","TM","External",26,1.169004676,NA,0.034,FALSE,"Bacteria","Desulfobacterota","Desulfobulbia","Desulfobulbales","Desulfocapsaceae",NA,NA,NA
"128","sq90","E9",0.0421803194981399,"E9","TM3 27N1","TM","Internal",27,1.647954829,2.235,NA,FALSE,"Bacteria","Proteobacteria","Gammaproteobacteria","Gammaproteobacteria Incertae Sedis","Unknown Family",NA,NA,NA
"129","sq10","D8",0.0420062022580515,"D8","SB4 3E1","SB","External",3,0.797997922,NA,0,FALSE,"Bacteria","Proteobacteria","Gammaproteobacteria","Steroidobacterales","Woeseiaceae",NA,NA,NA
"130","sq12","D11",0.0417813911110666,"D11","SB4 5N1","SB","Internal",5,1.132759402,0.701,0,FALSE,"Bacteria","Bacteroidota","Bacteroidia","Cytophagales","Cyclobacteriaceae",NA,NA,NA
"131","sq161","D4",0.0416472446038375,"D4","SB3 2E1","SB","External",2,0.652985075,0.136,NA,FALSE,"Bacteria","Verrucomicrobiota","Verrucomicrobiae","Opitutales","Puniceicoccaceae",NA,NA,NA
"132","sq42","D8",0.0414692102189585,"D8","SB4 3E1","SB","External",3,0.797997922,NA,0,FALSE,"Bacteria","Chloroflexi","Anaerolineae","SBR1031","A4b",NA,NA,NA
"133","sq1","D11",0.0413708861900137,"D11","SB4 5N1","SB","Internal",5,1.132759402,0.701,0,FALSE,"Bacteria","Proteobacteria","Gammaproteobacteria","Pseudomonadales","Halieaceae",NA,NA,NA
"134","sq12","E12",0.0412672688104038,"E12","TM3 28E1","TM","External",28,1.516085295,1.023,0,FALSE,"Bacteria","Bacteroidota","Bacteroidia","Cytophagales","Cyclobacteriaceae",NA,NA,NA
"135","sq1","E9",0.0411864468597272,"E9","TM3 27N1","TM","Internal",27,1.647954829,2.235,NA,FALSE,"Bacteria","Proteobacteria","Gammaproteobacteria","Pseudomonadales","Halieaceae",NA,NA,NA
"136","sq12","D12",0.0404081680307294,"D12","SB4 5E1","SB","External",5,0.897520783,0.4,0,FALSE,"Bacteria","Bacteroidota","Bacteroidia","Cytophagales","Cyclobacteriaceae",NA,NA,NA
"137","sq12","E10",0.0403401639001896,"E10","TM3 27E1","TM","External",27,0.830019021,0.233,NA,FALSE,"Bacteria","Bacteroidota","Bacteroidia","Cytophagales","Cyclobacteriaceae",NA,NA,NA
"138","sq10","D12",0.0402914151615276,"D12","SB4 5E1","SB","External",5,0.897520783,0.4,0,FALSE,"Bacteria","Proteobacteria","Gammaproteobacteria","Steroidobacterales","Woeseiaceae",NA,NA,NA
"139","sq10","D7",0.0401578725524007,"D7","SB4 3N1","SB","Internal",3,0.947464318,NA,0,FALSE,"Bacteria","Proteobacteria","Gammaproteobacteria","Steroidobacterales","Woeseiaceae",NA,NA,NA
"140","sq2","D8",0.0401133053202486,"D8","SB4 3E1","SB","External",3,0.797997922,NA,0,FALSE,"Bacteria","Desulfobacterota","Desulfobulbia","Desulfobulbales","Desulfocapsaceae",NA,NA,NA
"141","sq10","D9",0.0394362512671266,"D9","SB4 4N1","SB","Internal",4,1.337102689,1.856,NA,FALSE,"Bacteria","Proteobacteria","Gammaproteobacteria","Steroidobacterales","Woeseiaceae",NA,NA,NA
"142","sq1","E11",0.0393214152391223,"E11","TM3 28N1","TM","Internal",28,1.477155617,2.427,0.039,FALSE,"Bacteria","Proteobacteria","Gammaproteobacteria","Pseudomonadales","Halieaceae",NA,NA,NA
"143","sq12","D1",0.0392481636180326,"D1","SB3 1N1 ","SB","Internal",1,1.016765819,NA,0,FALSE,"Bacteria","Bacteroidota","Bacteroidia","Cytophagales","Cyclobacteriaceae",NA,NA,NA
"144","sq1","D1",0.0388095269270554,"D1","SB3 1N1 ","SB","Internal",1,1.016765819,NA,0,FALSE,"Bacteria","Proteobacteria","Gammaproteobacteria","Pseudomonadales","Halieaceae",NA,NA,NA
"145","sq90","E6",0.0383413233089058,"E6","TM2 23E1","TM","External",23,1.016192071,0.102,0,FALSE,"Bacteria","Proteobacteria","Gammaproteobacteria","Gammaproteobacteria Incertae Sedis","Unknown Family",NA,NA,NA
"146","sq20","E12",0.0381346720161274,"E12","TM3 28E1","TM","External",28,1.516085295,1.023,0,FALSE,"Bacteria","Bacteroidota","Bacteroidia","Chitinophagales","Saprospiraceae",NA,NA,NA
"147","sq4","E3",0.0380963115331511,"E3","TM2 22N1","TM","Internal",22,1.027042307,1.612,NA,FALSE,"Bacteria","Bacteroidota","Bacteroidia","Flavobacteriales","Flavobacteriaceae",NA,NA,NA
"148","sq90","E10",0.0380679492427343,"E10","TM3 27E1","TM","External",27,0.830019021,0.233,NA,FALSE,"Bacteria","Proteobacteria","Gammaproteobacteria","Gammaproteobacteria Incertae Sedis","Unknown Family",NA,NA,NA
"149","sq12","D6",0.0377039166007391,"D6","SB3 3E1","SB","External",3,0.711169545,0.121,0,FALSE,"Bacteria","Bacteroidota","Bacteroidia","Cytophagales","Cyclobacteriaceae",NA,NA,NA
"150","sq1","D8",0.0376834163433527,"D8","SB4 3E1","SB","External",3,0.797997922,NA,0,FALSE,"Bacteria","Proteobacteria","Gammaproteobacteria","Pseudomonadales","Halieaceae",NA,NA,NA
"151","sq90","E2",0.037661305118953,"E2","TM2 21E1","TM","External",21,3.767123288,NA,0,FALSE,"Bacteria","Proteobacteria","Gammaproteobacteria","Gammaproteobacteria Incertae Sedis","Unknown Family",NA,NA,NA
"152","sq12","D4",0.0375947717392338,"D4","SB3 2E1","SB","External",2,0.652985075,0.136,NA,FALSE,"Bacteria","Bacteroidota","Bacteroidia","Cytophagales","Cyclobacteriaceae",NA,NA,NA
"153","sq90","E5",0.0373427296577874,"E5","TM2 23N1","TM","Internal",23,1.041089822,0.484,0,FALSE,"Bacteria","Proteobacteria","Gammaproteobacteria","Gammaproteobacteria Incertae Sedis","Unknown Family",NA,NA,NA
"154","sq20","E5",0.0365958750646316,"E5","TM2 23N1","TM","Internal",23,1.041089822,0.484,0,FALSE,"Bacteria","Bacteroidota","Bacteroidia","Chitinophagales","Saprospiraceae",NA,NA,NA
"155","sq46","E11",0.0365320004977394,"E11","TM3 28N1","TM","Internal",28,1.477155617,2.427,0.039,FALSE,"Bacteria","Desulfobacterota","Desulfobacteria","Desulfobacterales","Desulfosarcinaceae",NA,NA,NA
"156","sq161","D2",0.0365306386001162,"D2","SB3 1E2","SB","External",1,0.994590822,NA,0,FALSE,"Bacteria","Verrucomicrobiota","Verrucomicrobiae","Opitutales","Puniceicoccaceae",NA,NA,NA
"157","sq1","E7",0.0361049372531131,"E7","TM3 26N1","TM","Internal",26,1.910828025,NA,0.056,FALSE,"Bacteria","Proteobacteria","Gammaproteobacteria","Pseudomonadales","Halieaceae",NA,NA,NA
"158","sq52","E5",0.0360596717669814,"E5","TM2 23N1","TM","Internal",23,1.041089822,0.484,0,FALSE,"Bacteria","Proteobacteria","Gammaproteobacteria","Thiotrichales","Thiotrichaceae",NA,NA,NA
"159","sq11","E8",0.0360553060742141,"E8","TM3 26E1","TM","External",26,1.169004676,NA,0.034,FALSE,"Bacteria","Cyanobacteria","Cyanobacteriia","Cyanobacteriales","Coleofasciculaceae",NA,NA,NA
"160","sq59","D8",0.035965041818255,"D8","SB4 3E1","SB","External",3,0.797997922,NA,0,FALSE,"Bacteria","Planctomycetota","Planctomycetes","Pirellulales","Pirellulaceae",NA,NA,NA
"161","sq56","D8",0.0359516170172777,"D8","SB4 3E1","SB","External",3,0.797997922,NA,0,FALSE,"Bacteria","Proteobacteria","Alphaproteobacteria","Sphingomonadales","Sphingomonadaceae",NA,NA,NA
"162","sq20","E9",0.0358432416660588,"E9","TM3 27N1","TM","Internal",27,1.647954829,2.235,NA,FALSE,"Bacteria","Bacteroidota","Bacteroidia","Chitinophagales","Saprospiraceae",NA,NA,NA
"163","sq6","D7",0.0358278729355865,"D7","SB4 3N1","SB","Internal",3,0.947464318,NA,0,FALSE,"Bacteria","Cyanobacteria","Cyanobacteriia","Cyanobacteriales","Desertifilaceae",NA,NA,NA
"164","sq1","E10",0.0354532316405891,"E10","TM3 27E1","TM","External",27,0.830019021,0.233,NA,FALSE,"Bacteria","Proteobacteria","Gammaproteobacteria","Pseudomonadales","Halieaceae",NA,NA,NA
"165","sq65","D7",0.0350359556015378,"D7","SB4 3N1","SB","Internal",3,0.947464318,NA,0,FALSE,"Bacteria","Cyanobacteria","Cyanobacteriia","Cyanobacteriales","Oscillatoriaceae",NA,NA,NA
"166","sq4","E2",0.0348480215277353,"E2","TM2 21E1","TM","External",21,3.767123288,NA,0,FALSE,"Bacteria","Bacteroidota","Bacteroidia","Flavobacteriales","Flavobacteriaceae",NA,NA,NA
"167","sq46","E10",0.0347849332119258,"E10","TM3 27E1","TM","External",27,0.830019021,0.233,NA,FALSE,"Bacteria","Desulfobacterota","Desulfobacteria","Desulfobacterales","Desulfosarcinaceae",NA,NA,NA
"168","sq90","E3",0.034677411780176,"E3","TM2 22N1","TM","Internal",22,1.027042307,1.612,NA,FALSE,"Bacteria","Proteobacteria","Gammaproteobacteria","Gammaproteobacteria Incertae Sedis","Unknown Family",NA,NA,NA
"169","sq59","D6",0.0346495488548625,"D6","SB3 3E1","SB","External",3,0.711169545,0.121,0,FALSE,"Bacteria","Planctomycetota","Planctomycetes","Pirellulales","Pirellulaceae",NA,NA,NA
"170","sq12","D3",0.0345321777110489,"D3","SB3 2N1","SB","Internal",2,0.775372332,0.11,NA,FALSE,"Bacteria","Bacteroidota","Bacteroidia","Cytophagales","Cyclobacteriaceae",NA,NA,NA
"171","sq59","D4",0.0345126092788311,"D4","SB3 2E1","SB","External",2,0.652985075,0.136,NA,FALSE,"Bacteria","Planctomycetota","Planctomycetes","Pirellulales","Pirellulaceae",NA,NA,NA
"172","sq37","E2",0.0340896581248853,"E2","TM2 21E1","TM","External",21,3.767123288,NA,0,FALSE,"Bacteria","Desulfobacterota","Desulfobulbia","Desulfobulbales","Desulfobulbaceae",NA,NA,NA
"173","sq59","D9",0.0340816193061051,"D9","SB4 4N1","SB","Internal",4,1.337102689,1.856,NA,FALSE,"Bacteria","Planctomycetota","Planctomycetes","Pirellulales","Pirellulaceae",NA,NA,NA
"174","sq90","D12",0.0340801625199939,"D12","SB4 5E1","SB","External",5,0.897520783,0.4,0,FALSE,"Bacteria","Proteobacteria","Gammaproteobacteria","Gammaproteobacteria Incertae Sedis","Unknown Family",NA,NA,NA
"175","sq12","D9",0.0338690690297897,"D9","SB4 4N1","SB","Internal",4,1.337102689,1.856,NA,FALSE,"Bacteria","Bacteroidota","Bacteroidia","Cytophagales","Cyclobacteriaceae",NA,NA,NA
"176","sq97","E11",0.0338359119001203,"E11","TM3 28N1","TM","Internal",28,1.477155617,2.427,0.039,FALSE,"Bacteria","Proteobacteria","Gammaproteobacteria","Chromatiales","Chromatiaceae",NA,NA,NA
"177","sq1","E8",0.0338336090758686,"E8","TM3 26E1","TM","External",26,1.169004676,NA,0.034,FALSE,"Bacteria","Proteobacteria","Gammaproteobacteria","Pseudomonadales","Halieaceae",NA,NA,NA
"178","sq10","D3",0.0338156009008394,"D3","SB3 2N1","SB","Internal",2,0.775372332,0.11,NA,FALSE,"Bacteria","Proteobacteria","Gammaproteobacteria","Steroidobacterales","Woeseiaceae",NA,NA,NA
"179","sq12","E11",0.0328922808909536,"E11","TM3 28N1","TM","Internal",28,1.477155617,2.427,0.039,FALSE,"Bacteria","Bacteroidota","Bacteroidia","Cytophagales","Cyclobacteriaceae",NA,NA,NA
"180","sq1","D12",0.0328192315326149,"D12","SB4 5E1","SB","External",5,0.897520783,0.4,0,FALSE,"Bacteria","Proteobacteria","Gammaproteobacteria","Pseudomonadales","Halieaceae",NA,NA,NA
"181","sq134","E3",0.032545295725436,"E3","TM2 22N1","TM","Internal",22,1.027042307,1.612,NA,FALSE,"Bacteria","Bacteroidota","Bacteroidia","Bacteroidales","Bacteroidetes BD2-2",NA,NA,NA
"182","sq10","D1",0.0319288230133686,"D1","SB3 1N1 ","SB","Internal",1,1.016765819,NA,0,FALSE,"Bacteria","Proteobacteria","Gammaproteobacteria","Steroidobacterales","Woeseiaceae",NA,NA,NA
"183","sq97","E12",0.031899124454019,"E12","TM3 28E1","TM","External",28,1.516085295,1.023,0,FALSE,"Bacteria","Proteobacteria","Gammaproteobacteria","Chromatiales","Chromatiaceae",NA,NA,NA
"184","sq37","E6",0.0317627927604486,"E6","TM2 23E1","TM","External",23,1.016192071,0.102,0,FALSE,"Bacteria","Desulfobacterota","Desulfobulbia","Desulfobulbales","Desulfobulbaceae",NA,NA,NA
"185","sq10","D2",0.0317282236714664,"D2","SB3 1E2","SB","External",1,0.994590822,NA,0,FALSE,"Bacteria","Proteobacteria","Gammaproteobacteria","Steroidobacterales","Woeseiaceae",NA,NA,NA
"186","sq10","E11",0.0316271931643785,"E11","TM3 28N1","TM","Internal",28,1.477155617,2.427,0.039,FALSE,"Bacteria","Proteobacteria","Gammaproteobacteria","Steroidobacterales","Woeseiaceae",NA,NA,NA
"187","sq37","E3",0.0316248227150197,"E3","TM2 22N1","TM","Internal",22,1.027042307,1.612,NA,FALSE,"Bacteria","Desulfobacterota","Desulfobulbia","Desulfobulbales","Desulfobulbaceae",NA,NA,NA
"188","sq35","D12",0.0314532229629543,"D12","SB4 5E1","SB","External",5,0.897520783,0.4,0,FALSE,"Bacteria","Bacteroidota","Bacteroidia","Cytophagales","Flammeovirgaceae",NA,NA,NA
"189","sq10","D4",0.0314399596655283,"D4","SB3 2E1","SB","External",2,0.652985075,0.136,NA,FALSE,"Bacteria","Proteobacteria","Gammaproteobacteria","Steroidobacterales","Woeseiaceae",NA,NA,NA
"190","sq1","D5",0.0314305523457361,"D5","SB3 3N1","SB","Internal",3,0.456230396,0,0,FALSE,"Bacteria","Proteobacteria","Gammaproteobacteria","Pseudomonadales","Halieaceae",NA,NA,NA
"191","sq4","D12",0.0313131195199122,"D12","SB4 5E1","SB","External",5,0.897520783,0.4,0,FALSE,"Bacteria","Bacteroidota","Bacteroidia","Flavobacteriales","Flavobacteriaceae",NA,NA,NA
"192","sq12","D8",0.0311992374713045,"D8","SB4 3E1","SB","External",3,0.797997922,NA,0,FALSE,"Bacteria","Bacteroidota","Bacteroidia","Cytophagales","Cyclobacteriaceae",NA,NA,NA
"193","sq1","E5",0.0311572416170359,"E5","TM2 23N1","TM","Internal",23,1.041089822,0.484,0,FALSE,"Bacteria","Proteobacteria","Gammaproteobacteria","Pseudomonadales","Halieaceae",NA,NA,NA
"194","sq90","E12",0.0310789177223946,"E12","TM3 28E1","TM","External",28,1.516085295,1.023,0,FALSE,"Bacteria","Proteobacteria","Gammaproteobacteria","Gammaproteobacteria Incertae Sedis","Unknown Family",NA,NA,NA
"195","sq20","E7",0.0310288936554308,"E7","TM3 26N1","TM","Internal",26,1.910828025,NA,0.056,FALSE,"Bacteria","Bacteroidota","Bacteroidia","Chitinophagales","Saprospiraceae",NA,NA,NA
"196","sq35","D11",0.0309480661213292,"D11","SB4 5N1","SB","Internal",5,1.132759402,0.701,0,FALSE,"Bacteria","Bacteroidota","Bacteroidia","Cytophagales","Flammeovirgaceae",NA,NA,NA
"197","sq42","D5",0.0308943840998382,"D5","SB3 3N1","SB","Internal",3,0.456230396,0,0,FALSE,"Bacteria","Chloroflexi","Anaerolineae","SBR1031","A4b",NA,NA,NA
"198","sq2","D6",0.0305837347406792,"D6","SB3 3E1","SB","External",3,0.711169545,0.121,0,FALSE,"Bacteria","Desulfobacterota","Desulfobulbia","Desulfobulbales","Desulfocapsaceae",NA,NA,NA
"199","sq161","D1",0.0302921189425582,"D1","SB3 1N1 ","SB","Internal",1,1.016765819,NA,0,FALSE,"Bacteria","Verrucomicrobiota","Verrucomicrobiae","Opitutales","Puniceicoccaceae",NA,NA,NA
"200","sq1","E4",0.0302522456953516,"E4","TM2 22E1","TM","External",22,1.31061599,0.595,NA,FALSE,"Bacteria","Proteobacteria","Gammaproteobacteria","Pseudomonadales","Halieaceae",NA,NA,NA
"201","sq12","E9",0.0301444306659858,"E9","TM3 27N1","TM","Internal",27,1.647954829,2.235,NA,FALSE,"Bacteria","Bacteroidota","Bacteroidia","Cytophagales","Cyclobacteriaceae",NA,NA,NA
"202","sq59","D5",0.0301178645712965,"D5","SB3 3N1","SB","Internal",3,0.456230396,0,0,FALSE,"Bacteria","Planctomycetota","Planctomycetes","Pirellulales","Pirellulaceae",NA,NA,NA
"203","sq19","E4",0.0299553733887495,"E4","TM2 22E1","TM","External",22,1.31061599,0.595,NA,FALSE,"Bacteria","Desulfobacterota","Desulfovibrionia","Desulfovibrionales","Desulfovibrionaceae",NA,NA,NA
"204","sq97","E9",0.0299438325187833,"E9","TM3 27N1","TM","Internal",27,1.647954829,2.235,NA,FALSE,"Bacteria","Proteobacteria","Gammaproteobacteria","Chromatiales","Chromatiaceae",NA,NA,NA
"205","sq161","D3",0.0298346186218977,"D3","SB3 2N1","SB","Internal",2,0.775372332,0.11,NA,FALSE,"Bacteria","Verrucomicrobiota","Verrucomicrobiae","Opitutales","Puniceicoccaceae",NA,NA,NA
"206","sq161","D8",0.0297627837667307,"D8","SB4 3E1","SB","External",3,0.797997922,NA,0,FALSE,"Bacteria","Verrucomicrobiota","Verrucomicrobiae","Opitutales","Puniceicoccaceae",NA,NA,NA
"207","sq97","E7",0.0296409888094106,"E7","TM3 26N1","TM","Internal",26,1.910828025,NA,0.056,FALSE,"Bacteria","Proteobacteria","Gammaproteobacteria","Chromatiales","Chromatiaceae",NA,NA,NA
"208","sq90","E4",0.0296393480301086,"E4","TM2 22E1","TM","External",22,1.31061599,0.595,NA,FALSE,"Bacteria","Proteobacteria","Gammaproteobacteria","Gammaproteobacteria Incertae Sedis","Unknown Family",NA,NA,NA
"209","sq52","E12",0.0296064984089966,"E12","TM3 28E1","TM","External",28,1.516085295,1.023,0,FALSE,"Bacteria","Proteobacteria","Gammaproteobacteria","Thiotrichales","Thiotrichaceae",NA,NA,NA
"210","sq112","E4",0.0295723123479727,"E4","TM2 22E1","TM","External",22,1.31061599,0.595,NA,FALSE,"Bacteria","Desulfobacterota","Desulfobacteria","Desulfobacterales","Desulfobacteraceae",NA,NA,NA
"211","sq12","D2",0.0294763349906373,"D2","SB3 1E2","SB","External",1,0.994590822,NA,0,FALSE,"Bacteria","Bacteroidota","Bacteroidia","Cytophagales","Cyclobacteriaceae",NA,NA,NA
"212","sq97","E6",0.0294713944795252,"E6","TM2 23E1","TM","External",23,1.016192071,0.102,0,FALSE,"Bacteria","Proteobacteria","Gammaproteobacteria","Chromatiales","Chromatiaceae",NA,NA,NA
"213","sq59","E7",0.029359525588889,"E7","TM3 26N1","TM","Internal",26,1.910828025,NA,0.056,FALSE,"Bacteria","Planctomycetota","Planctomycetes","Pirellulales","Pirellulaceae",NA,NA,NA
"214","sq4","D9",0.0293564631634021,"D9","SB4 4N1","SB","Internal",4,1.337102689,1.856,NA,FALSE,"Bacteria","Bacteroidota","Bacteroidia","Flavobacteriales","Flavobacteriaceae",NA,NA,NA
"215","sq59","D12",0.0289080104143559,"D12","SB4 5E1","SB","External",5,0.897520783,0.4,0,FALSE,"Bacteria","Planctomycetota","Planctomycetes","Pirellulales","Pirellulaceae",NA,NA,NA
"216","sq105","D5",0.028832909637162,"D5","SB3 3N1","SB","Internal",3,0.456230396,0,0,FALSE,"Bacteria","Spirochaetota","Spirochaetia","Spirochaetales","Spirochaetaceae",NA,NA,NA
"217","sq90","D11",0.0288054306797361,"D11","SB4 5N1","SB","Internal",5,1.132759402,0.701,0,FALSE,"Bacteria","Proteobacteria","Gammaproteobacteria","Gammaproteobacteria Incertae Sedis","Unknown Family",NA,NA,NA
"218","sq19","E7",0.0282433783350965,"E7","TM3 26N1","TM","Internal",26,1.910828025,NA,0.056,FALSE,"Bacteria","Desulfobacterota","Desulfovibrionia","Desulfovibrionales","Desulfovibrionaceae",NA,NA,NA
"219","sq90","D8",0.0281383828484743,"D8","SB4 3E1","SB","External",3,0.797997922,NA,0,FALSE,"Bacteria","Proteobacteria","Gammaproteobacteria","Gammaproteobacteria Incertae Sedis","Unknown Family",NA,NA,NA
"220","sq12","D10",0.028053531550035,"D10","SB4 4E1","SB","External",4,0.947375251,0.459,NA,FALSE,"Bacteria","Bacteroidota","Bacteroidia","Cytophagales","Cyclobacteriaceae",NA,NA,NA
"221","sq4","D8",0.0277490636201318,"D8","SB4 3E1","SB","External",3,0.797997922,NA,0,FALSE,"Bacteria","Bacteroidota","Bacteroidia","Flavobacteriales","Flavobacteriaceae",NA,NA,NA
"222","sq12","D5",0.0273815576611971,"D5","SB3 3N1","SB","Internal",3,0.456230396,0,0,FALSE,"Bacteria","Bacteroidota","Bacteroidia","Cytophagales","Cyclobacteriaceae",NA,NA,NA
"223","sq90","E8",0.0272985109903096,"E8","TM3 26E1","TM","External",26,1.169004676,NA,0.034,FALSE,"Bacteria","Proteobacteria","Gammaproteobacteria","Gammaproteobacteria Incertae Sedis","Unknown Family",NA,NA,NA
"224","sq46","E12",0.0272941083463446,"E12","TM3 28E1","TM","External",28,1.516085295,1.023,0,FALSE,"Bacteria","Desulfobacterota","Desulfobacteria","Desulfobacterales","Desulfosarcinaceae",NA,NA,NA
"225","sq59","D2",0.0272486601665913,"D2","SB3 1E2","SB","External",1,0.994590822,NA,0,FALSE,"Bacteria","Planctomycetota","Planctomycetes","Pirellulales","Pirellulaceae",NA,NA,NA
"226","sq66","E4",0.0269483442186512,"E4","TM2 22E1","TM","External",22,1.31061599,0.595,NA,FALSE,"Bacteria","Bacteroidota","Bacteroidia","Bacteroidales","Prolixibacteraceae",NA,NA,NA
"227","sq90","E1",0.0269233005756818,"E1","TM2 21N1","TM","Internal",21,0.632675847,NA,0,FALSE,"Bacteria","Proteobacteria","Gammaproteobacteria","Gammaproteobacteria Incertae Sedis","Unknown Family",NA,NA,NA
"228","sq90","E11",0.0268571902608984,"E11","TM3 28N1","TM","Internal",28,1.477155617,2.427,0.039,FALSE,"Bacteria","Proteobacteria","Gammaproteobacteria","Gammaproteobacteria Incertae Sedis","Unknown Family",NA,NA,NA
"229","sq90","D9",0.0268140348582453,"D9","SB4 4N1","SB","Internal",4,1.337102689,1.856,NA,FALSE,"Bacteria","Proteobacteria","Gammaproteobacteria","Gammaproteobacteria Incertae Sedis","Unknown Family",NA,NA,NA
"230","sq112","E11",0.0267534945456054,"E11","TM3 28N1","TM","Internal",28,1.477155617,2.427,0.039,FALSE,"Bacteria","Desulfobacterota","Desulfobacteria","Desulfobacterales","Desulfobacteraceae",NA,NA,NA
"231","sq14","D7",0.0266569592928945,"D7","SB4 3N1","SB","Internal",3,0.947464318,NA,0,FALSE,"Bacteria","Cyanobacteria","Cyanobacteriia","Phormidesmiales","Phormidesmiaceae",NA,NA,NA
"232","sq97","E5",0.026637813822555,"E5","TM2 23N1","TM","Internal",23,1.041089822,0.484,0,FALSE,"Bacteria","Proteobacteria","Gammaproteobacteria","Chromatiales","Chromatiaceae",NA,NA,NA
"233","sq45","D10",0.0265946175037084,"D10","SB4 4E1","SB","External",4,0.947375251,0.459,NA,FALSE,"Bacteria","Desulfobacterota","Desulfuromonadia","Desulfuromonadales","Geopsychrobacteraceae",NA,NA,NA
"234","sq97","E4",0.0265652831778744,"E4","TM2 22E1","TM","External",22,1.31061599,0.595,NA,FALSE,"Bacteria","Proteobacteria","Gammaproteobacteria","Chromatiales","Chromatiaceae",NA,NA,NA
"235","sq20","E4",0.0264790944436996,"E4","TM2 22E1","TM","External",22,1.31061599,0.595,NA,FALSE,"Bacteria","Bacteroidota","Bacteroidia","Chitinophagales","Saprospiraceae",NA,NA,NA
"236","sq2","D11",0.0264525366200427,"D11","SB4 5N1","SB","Internal",5,1.132759402,0.701,0,FALSE,"Bacteria","Desulfobacterota","Desulfobulbia","Desulfobulbales","Desulfocapsaceae",NA,NA,NA
"237","sq37","E4",0.0264407883396219,"E4","TM2 22E1","TM","External",22,1.31061599,0.595,NA,FALSE,"Bacteria","Desulfobacterota","Desulfobulbia","Desulfobulbales","Desulfobulbaceae",NA,NA,NA
"238","sq37","E1",0.0262836541257196,"E1","TM2 21N1","TM","Internal",21,0.632675847,NA,0,FALSE,"Bacteria","Desulfobacterota","Desulfobulbia","Desulfobulbales","Desulfobulbaceae",NA,NA,NA
"239","sq4","D11",0.0262723149473853,"D11","SB4 5N1","SB","Internal",5,1.132759402,0.701,0,FALSE,"Bacteria","Bacteroidota","Bacteroidia","Flavobacteriales","Flavobacteriaceae",NA,NA,NA
"240","sq97","E1",0.0262255044484503,"E1","TM2 21N1","TM","Internal",21,0.632675847,NA,0,FALSE,"Bacteria","Proteobacteria","Gammaproteobacteria","Chromatiales","Chromatiaceae",NA,NA,NA
"241","sq10","D6",0.0261774337302342,"D6","SB3 3E1","SB","External",3,0.711169545,0.121,0,FALSE,"Bacteria","Proteobacteria","Gammaproteobacteria","Steroidobacterales","Woeseiaceae",NA,NA,NA
"242","sq12","E3",0.0257450665464416,"E3","TM2 22N1","TM","Internal",22,1.027042307,1.612,NA,FALSE,"Bacteria","Bacteroidota","Bacteroidia","Cytophagales","Cyclobacteriaceae",NA,NA,NA
"243","sq42","D10",0.0256980781456306,"D10","SB4 4E1","SB","External",4,0.947375251,0.459,NA,FALSE,"Bacteria","Chloroflexi","Anaerolineae","SBR1031","A4b",NA,NA,NA
"244","sq112","E1",0.0256149328371228,"E1","TM2 21N1","TM","Internal",21,0.632675847,NA,0,FALSE,"Bacteria","Desulfobacterota","Desulfobacteria","Desulfobacterales","Desulfobacteraceae",NA,NA,NA
"245","sq161","D6",0.0255865888220155,"D6","SB3 3E1","SB","External",3,0.711169545,0.121,0,FALSE,"Bacteria","Verrucomicrobiota","Verrucomicrobiae","Opitutales","Puniceicoccaceae",NA,NA,NA
"246","sq251","D7",0.0255712661736343,"D7","SB4 3N1","SB","Internal",3,0.947464318,NA,0,FALSE,"Bacteria","Proteobacteria","Gammaproteobacteria","Pseudomonadales","Pseudomonadaceae",NA,NA,NA
"247","sq59","D3",0.0253759184694829,"D3","SB3 2N1","SB","Internal",2,0.775372332,0.11,NA,FALSE,"Bacteria","Planctomycetota","Planctomycetes","Pirellulales","Pirellulaceae",NA,NA,NA
"248","sq49","D9",0.0253507079559203,"D9","SB4 4N1","SB","Internal",4,1.337102689,1.856,NA,FALSE,"Bacteria","Cyanobacteria","Cyanobacteriia","Cyanobacteriales","Phormidiaceae",NA,NA,NA
"249","sq2","D9",0.0253098329027828,"D9","SB4 4N1","SB","Internal",4,1.337102689,1.856,NA,FALSE,"Bacteria","Desulfobacterota","Desulfobulbia","Desulfobulbales","Desulfocapsaceae",NA,NA,NA
"250","sq4","D7",0.0252519446679695,"D7","SB4 3N1","SB","Internal",3,0.947464318,NA,0,FALSE,"Bacteria","Bacteroidota","Bacteroidia","Flavobacteriales","Flavobacteriaceae",NA,NA,NA
"251","sq1","E3",0.0252378671325387,"E3","TM2 22N1","TM","Internal",22,1.027042307,1.612,NA,FALSE,"Bacteria","Proteobacteria","Gammaproteobacteria","Pseudomonadales","Halieaceae",NA,NA,NA
"252","sq46","E7",0.0251278716527714,"E7","TM3 26N1","TM","Internal",26,1.910828025,NA,0.056,FALSE,"Bacteria","Desulfobacterota","Desulfobacteria","Desulfobacterales","Desulfosarcinaceae",NA,NA,NA
"253","sq35","D9",0.0250237075308198,"D9","SB4 4N1","SB","Internal",4,1.337102689,1.856,NA,FALSE,"Bacteria","Bacteroidota","Bacteroidia","Cytophagales","Flammeovirgaceae",NA,NA,NA
"254","sq321","E2",0.0250137606262614,"E2","TM2 21E1","TM","External",21,3.767123288,NA,0,FALSE,"Bacteria","Chloroflexi","Anaerolineae","Anaerolineales","Anaerolineaceae",NA,NA,NA
"255","sq90","E7",0.0247881746624868,"E7","TM3 26N1","TM","Internal",26,1.910828025,NA,0.056,FALSE,"Bacteria","Proteobacteria","Gammaproteobacteria","Gammaproteobacteria Incertae Sedis","Unknown Family",NA,NA,NA
"256","sq12","D7",0.0247665759793591,"D7","SB4 3N1","SB","Internal",3,0.947464318,NA,0,FALSE,"Bacteria","Bacteroidota","Bacteroidia","Cytophagales","Cyclobacteriaceae",NA,NA,NA
"257","sq46","E9",0.0243817929827121,"E9","TM3 27N1","TM","Internal",27,1.647954829,2.235,NA,FALSE,"Bacteria","Desulfobacterota","Desulfobacteria","Desulfobacterales","Desulfosarcinaceae",NA,NA,NA
"258","sq45","D7",0.0243706173123348,"D7","SB4 3N1","SB","Internal",3,0.947464318,NA,0,FALSE,"Bacteria","Desulfobacterota","Desulfuromonadia","Desulfuromonadales","Geopsychrobacteraceae",NA,NA,NA
"259","sq637","D11",0.0243299258087448,"D11","SB4 5N1","SB","Internal",5,1.132759402,0.701,0,FALSE,"Bacteria","Planctomycetota","Phycisphaerae","Phycisphaerales","Phycisphaeraceae",NA,NA,NA
"260","sq134","D5",0.0242754795470303,"D5","SB3 3N1","SB","Internal",3,0.456230396,0,0,FALSE,"Bacteria","Bacteroidota","Bacteroidia","Bacteroidales","Bacteroidetes BD2-2",NA,NA,NA
"261","sq161","D5",0.0240813496648948,"D5","SB3 3N1","SB","Internal",3,0.456230396,0,0,FALSE,"Bacteria","Verrucomicrobiota","Verrucomicrobiae","Opitutales","Puniceicoccaceae",NA,NA,NA
"262","sq48","D8",0.0238961457396394,"D8","SB4 3E1","SB","External",3,0.797997922,NA,0,FALSE,"Bacteria","Deinococcota","Deinococci","Deinococcales","Trueperaceae",NA,NA,NA
"263","sq52","E9",0.0238620614195054,"E9","TM3 27N1","TM","Internal",27,1.647954829,2.235,NA,FALSE,"Bacteria","Proteobacteria","Gammaproteobacteria","Thiotrichales","Thiotrichaceae",NA,NA,NA
"264","sq1","D10",0.0238397965670693,"D10","SB4 4E1","SB","External",4,0.947375251,0.459,NA,FALSE,"Bacteria","Proteobacteria","Gammaproteobacteria","Pseudomonadales","Halieaceae",NA,NA,NA
"265","sq52","E2",0.0230077671090453,"E2","TM2 21E1","TM","External",21,3.767123288,NA,0,FALSE,"Bacteria","Proteobacteria","Gammaproteobacteria","Thiotrichales","Thiotrichaceae",NA,NA,NA
"266","sq1","E1",0.02296912252137,"E1","TM2 21N1","TM","Internal",21,0.632675847,NA,0,FALSE,"Bacteria","Proteobacteria","Gammaproteobacteria","Pseudomonadales","Halieaceae",NA,NA,NA
"267","sq97","E10",0.0226135480798951,"E10","TM3 27E1","TM","External",27,0.830019021,0.233,NA,FALSE,"Bacteria","Proteobacteria","Gammaproteobacteria","Chromatiales","Chromatiaceae",NA,NA,NA
"268","sq90","D2",0.0225511719506683,"D2","SB3 1E2","SB","External",1,0.994590822,NA,0,FALSE,"Bacteria","Proteobacteria","Gammaproteobacteria","Gammaproteobacteria Incertae Sedis","Unknown Family",NA,NA,NA
"269","sq97","E8",0.0223233278184826,"E8","TM3 26E1","TM","External",26,1.169004676,NA,0.034,FALSE,"Bacteria","Proteobacteria","Gammaproteobacteria","Chromatiales","Chromatiaceae",NA,NA,NA
"270","sq161","D12",0.0222647721567758,"D12","SB4 5E1","SB","External",5,0.897520783,0.4,0,FALSE,"Bacteria","Verrucomicrobiota","Verrucomicrobiae","Opitutales","Puniceicoccaceae",NA,NA,NA
"271","sq161","D7",0.022084275331775,"D7","SB4 3N1","SB","Internal",3,0.947464318,NA,0,FALSE,"Bacteria","Verrucomicrobiota","Verrucomicrobiae","Opitutales","Puniceicoccaceae",NA,NA,NA
"272","sq104","D8",0.0220837976077005,"D8","SB4 3E1","SB","External",3,0.797997922,NA,0,FALSE,"Bacteria","Cyanobacteria","Cyanobacteriia","Phormidesmiales","Nodosilineaceae",NA,NA,NA
"273","sq1","E6",0.021847479461891,"E6","TM2 23E1","TM","External",23,1.016192071,0.102,0,FALSE,"Bacteria","Proteobacteria","Gammaproteobacteria","Pseudomonadales","Halieaceae",NA,NA,NA
"274","sq59","E8",0.0217915386433467,"E8","TM3 26E1","TM","External",26,1.169004676,NA,0.034,FALSE,"Bacteria","Planctomycetota","Planctomycetes","Pirellulales","Pirellulaceae",NA,NA,NA
"275","sq10","E7",0.021400910387934,"E7","TM3 26N1","TM","Internal",26,1.910828025,NA,0.056,FALSE,"Bacteria","Proteobacteria","Gammaproteobacteria","Steroidobacterales","Woeseiaceae",NA,NA,NA
"276","sq637","D9",0.0212795526634185,"D9","SB4 4N1","SB","Internal",4,1.337102689,1.856,NA,FALSE,"Bacteria","Planctomycetota","Phycisphaerae","Phycisphaerales","Phycisphaeraceae",NA,NA,NA
"277","sq90","D4",0.0211946233388191,"D4","SB3 2E1","SB","External",2,0.652985075,0.136,NA,FALSE,"Bacteria","Proteobacteria","Gammaproteobacteria","Gammaproteobacteria Incertae Sedis","Unknown Family",NA,NA,NA
"278","sq66","E11",0.0211020780621345,"E11","TM3 28N1","TM","Internal",28,1.477155617,2.427,0.039,FALSE,"Bacteria","Bacteroidota","Bacteroidia","Bacteroidales","Prolixibacteraceae",NA,NA,NA
"279","sq20","E6",0.0210027243352833,"E6","TM2 23E1","TM","External",23,1.016192071,0.102,0,FALSE,"Bacteria","Bacteroidota","Bacteroidia","Chitinophagales","Saprospiraceae",NA,NA,NA
"280","sq90","D7",0.0209730364920617,"D7","SB4 3N1","SB","Internal",3,0.947464318,NA,0,FALSE,"Bacteria","Proteobacteria","Gammaproteobacteria","Gammaproteobacteria Incertae Sedis","Unknown Family",NA,NA,NA
"281","sq105","D1",0.0209170780249565,"D1","SB3 1N1 ","SB","Internal",1,1.016765819,NA,0,FALSE,"Bacteria","Spirochaetota","Spirochaetia","Spirochaetales","Spirochaetaceae",NA,NA,NA
"282","sq52","E10",0.0208509109742956,"E10","TM3 27E1","TM","External",27,0.830019021,0.233,NA,FALSE,"Bacteria","Proteobacteria","Gammaproteobacteria","Thiotrichales","Thiotrichaceae",NA,NA,NA
"283","sq88","D5",0.0206609660272706,"D5","SB3 3N1","SB","Internal",3,0.456230396,0,0,FALSE,"Bacteria","Bacteroidota","Bacteroidia","Bacteroidales","SB-5",NA,NA,NA
"284","sq2","D12",0.0206302319879511,"D12","SB4 5E1","SB","External",5,0.897520783,0.4,0,FALSE,"Bacteria","Desulfobacterota","Desulfobulbia","Desulfobulbales","Desulfocapsaceae",NA,NA,NA
"285","sq97","E2",0.0205614335514647,"E2","TM2 21E1","TM","External",21,3.767123288,NA,0,FALSE,"Bacteria","Proteobacteria","Gammaproteobacteria","Chromatiales","Chromatiaceae",NA,NA,NA
"286","sq12","E5",0.0205097761351232,"E5","TM2 23N1","TM","Internal",23,1.041089822,0.484,0,FALSE,"Bacteria","Bacteroidota","Bacteroidia","Cytophagales","Cyclobacteriaceae",NA,NA,NA
"287","sq19","D5",0.0204021261844234,"D5","SB3 3N1","SB","Internal",3,0.456230396,0,0,FALSE,"Bacteria","Desulfobacterota","Desulfovibrionia","Desulfovibrionales","Desulfovibrionaceae",NA,NA,NA
"288","sq637","D1",0.0203802390897307,"D1","SB3 1N1 ","SB","Internal",1,1.016765819,NA,0,FALSE,"Bacteria","Planctomycetota","Phycisphaerae","Phycisphaerales","Phycisphaeraceae",NA,NA,NA
"289","sq637","D8",0.0203654230826028,"D8","SB4 3E1","SB","External",3,0.797997922,NA,0,FALSE,"Bacteria","Planctomycetota","Phycisphaerae","Phycisphaerales","Phycisphaeraceae",NA,NA,NA
"290","sq323","E1",0.0203523870442519,"E1","TM2 21N1","TM","Internal",21,0.632675847,NA,0,FALSE,"Bacteria","Campylobacterota","Campylobacteria","Campylobacterales","Sulfurimonadaceae",NA,NA,NA
"291","sq10","D5",0.0203374162237116,"D5","SB3 3N1","SB","Internal",3,0.456230396,0,0,FALSE,"Bacteria","Proteobacteria","Gammaproteobacteria","Steroidobacterales","Woeseiaceae",NA,NA,NA
"292","sq66","E8",0.0203143464901914,"E8","TM3 26E1","TM","External",26,1.169004676,NA,0.034,FALSE,"Bacteria","Bacteroidota","Bacteroidia","Bacteroidales","Prolixibacteraceae",NA,NA,NA
"293","sq134","E1",0.0202942373669826,"E1","TM2 21N1","TM","Internal",21,0.632675847,NA,0,FALSE,"Bacteria","Bacteroidota","Bacteroidia","Bacteroidales","Bacteroidetes BD2-2",NA,NA,NA
"294","sq49","D12",0.0202799733803458,"D12","SB4 5E1","SB","External",5,0.897520783,0.4,0,FALSE,"Bacteria","Cyanobacteria","Cyanobacteriia","Cyanobacteriales","Phormidiaceae",NA,NA,NA
"295","sq134","E4",0.0202160464269981,"E4","TM2 22E1","TM","External",22,1.31061599,0.595,NA,FALSE,"Bacteria","Bacteroidota","Bacteroidia","Bacteroidales","Bacteroidetes BD2-2",NA,NA,NA
"296","sq48","D12",0.0201865710849844,"D12","SB4 5E1","SB","External",5,0.897520783,0.4,0,FALSE,"Bacteria","Deinococcota","Deinococci","Deinococcales","Trueperaceae",NA,NA,NA
"297","sq2","D3",0.0201551445665279,"D3","SB3 2N1","SB","Internal",2,0.775372332,0.11,NA,FALSE,"Bacteria","Desulfobacterota","Desulfobulbia","Desulfobulbales","Desulfocapsaceae",NA,NA,NA
"298","sq6","D3",0.0199845310402875,"D3","SB3 2N1","SB","Internal",2,0.775372332,0.11,NA,FALSE,"Bacteria","Cyanobacteria","Cyanobacteriia","Cyanobacteriales","Desertifilaceae",NA,NA,NA
"299","sq46","E8",0.019900732687308,"E8","TM3 26E1","TM","External",26,1.169004676,NA,0.034,FALSE,"Bacteria","Desulfobacterota","Desulfobacteria","Desulfobacterales","Desulfosarcinaceae",NA,NA,NA
"300","sq495","E9",0.0197406813042527,"E9","TM3 27N1","TM","Internal",27,1.647954829,2.235,NA,FALSE,"Bacteria","Acidobacteriota","Thermoanaerobaculia","Thermoanaerobaculales","Thermoanaerobaculaceae",NA,NA,NA
"301","sq112","D6",0.0196180538169583,"D6","SB3 3E1","SB","External",3,0.711169545,0.121,0,FALSE,"Bacteria","Desulfobacterota","Desulfobacteria","Desulfobacterales","Desulfobacteraceae",NA,NA,NA
"302","sq105","E8",0.0195934767194517,"E8","TM3 26E1","TM","External",26,1.169004676,NA,0.034,FALSE,"Bacteria","Spirochaetota","Spirochaetia","Spirochaetales","Spirochaetaceae",NA,NA,NA
"303","sq323","E4",0.0195265365535998,"E4","TM2 22E1","TM","External",22,1.31061599,0.595,NA,FALSE,"Bacteria","Campylobacterota","Campylobacteria","Campylobacterales","Sulfurimonadaceae",NA,NA,NA
"304","sq2","D2",0.0195002259959966,"D2","SB3 1E2","SB","External",1,0.994590822,NA,0,FALSE,"Bacteria","Desulfobacterota","Desulfobulbia","Desulfobulbales","Desulfocapsaceae",NA,NA,NA
"305","sq105","D9",0.0194320002616003,"D9","SB4 4N1","SB","Internal",4,1.337102689,1.856,NA,FALSE,"Bacteria","Spirochaetota","Spirochaetia","Spirochaetales","Spirochaetaceae",NA,NA,NA
"306","sq65","D8",0.0194122622132127,"D8","SB4 3E1","SB","External",3,0.797997922,NA,0,FALSE,"Bacteria","Cyanobacteria","Cyanobacteriia","Cyanobacteriales","Oscillatoriaceae",NA,NA,NA
"307","sq66","E1",0.019363842530674,"E1","TM2 21N1","TM","Internal",21,0.632675847,NA,0,FALSE,"Bacteria","Bacteroidota","Bacteroidia","Bacteroidales","Prolixibacteraceae",NA,NA,NA
"308","sq1","D7",0.0192614732216985,"D7","SB4 3N1","SB","Internal",3,0.947464318,NA,0,FALSE,"Bacteria","Proteobacteria","Gammaproteobacteria","Pseudomonadales","Halieaceae",NA,NA,NA
"309","sq12","E7",0.019168615880349,"E7","TM3 26N1","TM","Internal",26,1.910828025,NA,0.056,FALSE,"Bacteria","Bacteroidota","Bacteroidia","Cytophagales","Cyclobacteriaceae",NA,NA,NA
"310","sq90","D3",0.0190973407038377,"D3","SB3 2N1","SB","Internal",2,0.775372332,0.11,NA,FALSE,"Bacteria","Proteobacteria","Gammaproteobacteria","Gammaproteobacteria Incertae Sedis","Unknown Family",NA,NA,NA
"311","sq48","D9",0.0190559497727347,"D9","SB4 4N1","SB","Internal",4,1.337102689,1.856,NA,FALSE,"Bacteria","Deinococcota","Deinococci","Deinococcales","Trueperaceae",NA,NA,NA
"312","sq6","D10",0.0189903336756484,"D10","SB4 4E1","SB","External",4,0.947375251,0.459,NA,FALSE,"Bacteria","Cyanobacteria","Cyanobacteriia","Cyanobacteriales","Desertifilaceae",NA,NA,NA
"313","sq637","D2",0.0189755924323626,"D2","SB3 1E2","SB","External",1,0.994590822,NA,0,FALSE,"Bacteria","Planctomycetota","Phycisphaerae","Phycisphaerales","Phycisphaeraceae",NA,NA,NA
"314","sq90","D10",0.018859927950837,"D10","SB4 4E1","SB","External",4,0.947375251,0.459,NA,FALSE,"Bacteria","Proteobacteria","Gammaproteobacteria","Gammaproteobacteria Incertae Sedis","Unknown Family",NA,NA,NA
"315","sq37","E8",0.0188253367998109,"E8","TM3 26E1","TM","External",26,1.169004676,NA,0.034,FALSE,"Bacteria","Desulfobacterota","Desulfobulbia","Desulfobulbales","Desulfobulbaceae",NA,NA,NA
"316","sq6","D2",0.0187899528636921,"D2","SB3 1E2","SB","External",1,0.994590822,NA,0,FALSE,"Bacteria","Cyanobacteria","Cyanobacteriia","Cyanobacteriales","Desertifilaceae",NA,NA,NA
"317","sq19","E11",0.0187170766103945,"E11","TM3 28N1","TM","Internal",28,1.477155617,2.427,0.039,FALSE,"Bacteria","Desulfobacterota","Desulfovibrionia","Desulfovibrionales","Desulfovibrionaceae",NA,NA,NA
"318","sq495","E2",0.0186655250443398,"E2","TM2 21E1","TM","External",21,3.767123288,NA,0,FALSE,"Bacteria","Acidobacteriota","Thermoanaerobaculia","Thermoanaerobaculales","Thermoanaerobaculaceae",NA,NA,NA
"319","sq35","D2",0.0186608122941822,"D2","SB3 1E2","SB","External",1,0.994590822,NA,0,FALSE,"Bacteria","Bacteroidota","Bacteroidia","Cytophagales","Flammeovirgaceae",NA,NA,NA
"320","sq20","E2",0.018641061708764,"E2","TM2 21E1","TM","External",21,3.767123288,NA,0,FALSE,"Bacteria","Bacteroidota","Bacteroidia","Chitinophagales","Saprospiraceae",NA,NA,NA
"321","sq88","E8",0.0186126211297566,"E8","TM3 26E1","TM","External",26,1.169004676,NA,0.034,FALSE,"Bacteria","Bacteroidota","Bacteroidia","Bacteroidales","SB-5",NA,NA,NA
"322","sq134","E11",0.0185822721805135,"E11","TM3 28N1","TM","Internal",28,1.477155617,2.427,0.039,FALSE,"Bacteria","Bacteroidota","Bacteroidia","Bacteroidales","Bacteroidetes BD2-2",NA,NA,NA
"323","sq12","E1",0.0184334476943653,"E1","TM2 21N1","TM","Internal",21,0.632675847,NA,0,FALSE,"Bacteria","Bacteroidota","Bacteroidia","Cytophagales","Cyclobacteriaceae",NA,NA,NA
"324","sq49","D7",0.0183801458660638,"D7","SB4 3N1","SB","Internal",3,0.947464318,NA,0,FALSE,"Bacteria","Cyanobacteria","Cyanobacteriia","Cyanobacteriales","Phormidiaceae",NA,NA,NA
"325","sq35","D3",0.0183693896585455,"D3","SB3 2N1","SB","Internal",2,0.775372332,0.11,NA,FALSE,"Bacteria","Bacteroidota","Bacteroidia","Cytophagales","Flammeovirgaceae",NA,NA,NA
"326","sq112","E3",0.018315534390938,"E3","TM2 22N1","TM","Internal",22,1.027042307,1.612,NA,FALSE,"Bacteria","Desulfobacterota","Desulfobacteria","Desulfobacterales","Desulfobacteraceae",NA,NA,NA
"327","sq323","E12",0.0183014803249205,"E12","TM3 28E1","TM","External",28,1.516085295,1.023,0,FALSE,"Bacteria","Campylobacterota","Campylobacteria","Campylobacterales","Sulfurimonadaceae",NA,NA,NA
"328","sq134","E5",0.018269212355656,"E5","TM2 23N1","TM","Internal",23,1.041089822,0.484,0,FALSE,"Bacteria","Bacteroidota","Bacteroidia","Bacteroidales","Bacteroidetes BD2-2",NA,NA,NA
"329","sq19","E3",0.0182310011552876,"E3","TM2 22N1","TM","Internal",22,1.027042307,1.612,NA,FALSE,"Bacteria","Desulfobacterota","Desulfovibrionia","Desulfovibrionales","Desulfovibrionaceae",NA,NA,NA
"330","sq46","D7",0.0182013258228915,"D7","SB4 3N1","SB","Internal",3,0.947464318,NA,0,FALSE,"Bacteria","Desulfobacterota","Desulfobacteria","Desulfobacterales","Desulfosarcinaceae",NA,NA,NA
"331","sq495","E5",0.0181926118845631,"E5","TM2 23N1","TM","Internal",23,1.041089822,0.484,0,FALSE,"Bacteria","Acidobacteriota","Thermoanaerobaculia","Thermoanaerobaculales","Thermoanaerobaculaceae",NA,NA,NA
"332","sq83","E5",0.0181926118845631,"E5","TM2 23N1","TM","Internal",23,1.041089822,0.484,0,FALSE,"Bacteria","Myxococcota","Polyangia","Polyangiales","Sandaracinaceae",NA,NA,NA
"333","sq97","E3",0.0181276827561592,"E3","TM2 22N1","TM","Internal",22,1.027042307,1.612,NA,FALSE,"Bacteria","Proteobacteria","Gammaproteobacteria","Chromatiales","Chromatiaceae",NA,NA,NA
"334","sq161","D10",0.0180611928863677,"D10","SB4 4E1","SB","External",4,0.947375251,0.459,NA,FALSE,"Bacteria","Verrucomicrobiota","Verrucomicrobiae","Opitutales","Puniceicoccaceae",NA,NA,NA
"335","sq83","E9",0.0180082427602305,"E9","TM3 27N1","TM","Internal",27,1.647954829,2.235,NA,FALSE,"Bacteria","Myxococcota","Polyangia","Polyangiales","Sandaracinaceae",NA,NA,NA
"336","sq637","D4",0.0179412296306161,"D4","SB3 2E1","SB","External",2,0.652985075,0.136,NA,FALSE,"Bacteria","Planctomycetota","Phycisphaerae","Phycisphaerales","Phycisphaeraceae",NA,NA,NA
"337","sq56","D12",0.0178515137009492,"D12","SB4 5E1","SB","External",5,0.897520783,0.4,0,FALSE,"Bacteria","Proteobacteria","Alphaproteobacteria","Sphingomonadales","Sphingomonadaceae",NA,NA,NA
"338","sq484","D11",0.0177518347567508,"D11","SB4 5N1","SB","Internal",5,1.132759402,0.701,0,FALSE,"Bacteria","Bdellovibrionota","Bdellovibrionia","Bdellovibrionales","Bdellovibrionaceae",NA,NA,NA
"339","sq46","D5",0.0174716893921886,"D5","SB3 3N1","SB","Internal",3,0.456230396,0,0,FALSE,"Bacteria","Desulfobacterota","Desulfobacteria","Desulfobacterales","Desulfosarcinaceae",NA,NA,NA
"340","sq2","D4",0.0174370487343157,"D4","SB3 2E1","SB","External",2,0.652985075,0.136,NA,FALSE,"Bacteria","Desulfobacterota","Desulfobulbia","Desulfobulbales","Desulfocapsaceae",NA,NA,NA
"341","sq495","E12",0.017402217522778,"E12","TM3 28E1","TM","External",28,1.516085295,1.023,0,FALSE,"Bacteria","Acidobacteriota","Thermoanaerobaculia","Thermoanaerobaculales","Thermoanaerobaculaceae",NA,NA,NA
"342","sq19","E6",0.0174019556081181,"E6","TM2 23E1","TM","External",23,1.016192071,0.102,0,FALSE,"Bacteria","Desulfobacterota","Desulfovibrionia","Desulfovibrionales","Desulfovibrionaceae",NA,NA,NA
"343","sq484","D1",0.0172966886203239,"D1","SB3 1N1 ","SB","Internal",1,1.016765819,NA,0,FALSE,"Bacteria","Bdellovibrionota","Bdellovibrionia","Bdellovibrionales","Bdellovibrionaceae",NA,NA,NA
"344","sq105","D6",0.0171345023383438,"D6","SB3 3E1","SB","External",3,0.711169545,0.121,0,FALSE,"Bacteria","Spirochaetota","Spirochaetia","Spirochaetales","Spirochaetaceae",NA,NA,NA
"345","sq37","E5",0.01698615446485,"E5","TM2 23N1","TM","Internal",23,1.041089822,0.484,0,FALSE,"Bacteria","Desulfobacterota","Desulfobulbia","Desulfobulbales","Desulfobulbaceae",NA,NA,NA
"346","sq112","D1",0.016890786010763,"D1","SB3 1N1 ","SB","Internal",1,1.016765819,NA,0,FALSE,"Bacteria","Desulfobacterota","Desulfobacteria","Desulfobacterales","Desulfobacteraceae",NA,NA,NA
"347","sq66","D5",0.0166489484631384,"D5","SB3 3N1","SB","Internal",3,0.456230396,0,0,FALSE,"Bacteria","Bacteroidota","Bacteroidia","Bacteroidales","Prolixibacteraceae",NA,NA,NA
"348","sq105","E11",0.0165083578746526,"E11","TM3 28N1","TM","Internal",28,1.477155617,2.427,0.039,FALSE,"Bacteria","Spirochaetota","Spirochaetia","Spirochaetales","Spirochaetaceae",NA,NA,NA
"349","sq495","E3",0.0164839809518442,"E3","TM2 22N1","TM","Internal",22,1.027042307,1.612,NA,FALSE,"Bacteria","Acidobacteriota","Thermoanaerobaculia","Thermoanaerobaculales","Thermoanaerobaculaceae",NA,NA,NA
"350","sq321","E1",0.0161365354422283,"E1","TM2 21N1","TM","Internal",21,0.632675847,NA,0,FALSE,"Bacteria","Chloroflexi","Anaerolineae","Anaerolineales","Anaerolineaceae",NA,NA,NA
"351","sq10","E8",0.0160600330891042,"E8","TM3 26E1","TM","External",26,1.169004676,NA,0.034,FALSE,"Bacteria","Proteobacteria","Gammaproteobacteria","Steroidobacterales","Woeseiaceae",NA,NA,NA
"352","sq1","E2",0.01586447312091,"E2","TM2 21E1","TM","External",21,3.767123288,NA,0,FALSE,"Bacteria","Proteobacteria","Gammaproteobacteria","Pseudomonadales","Halieaceae",NA,NA,NA
"353","sq112","E8",0.0158591349562751,"E8","TM3 26E1","TM","External",26,1.169004676,NA,0.034,FALSE,"Bacteria","Desulfobacterota","Desulfobacteria","Desulfobacterales","Desulfobacteraceae",NA,NA,NA
"354","sq14","D9",0.0156306203198064,"D9","SB4 4N1","SB","Internal",4,1.337102689,1.856,NA,FALSE,"Bacteria","Cyanobacteria","Cyanobacteriia","Phormidesmiales","Phormidesmiaceae",NA,NA,NA
"355","sq90","D6",0.0156023113051664,"D6","SB3 3E1","SB","External",3,0.711169545,0.121,0,FALSE,"Bacteria","Proteobacteria","Gammaproteobacteria","Gammaproteobacteria Incertae Sedis","Unknown Family",NA,NA,NA
"356","sq222","D5",0.0154934134504275,"D5","SB3 3N1","SB","Internal",3,0.456230396,0,0,FALSE,"Bacteria","Proteobacteria","Gammaproteobacteria","Enterobacterales","Vibrionaceae",NA,NA,NA
"357","sq6","D6",0.0154220535365573,"D6","SB3 3E1","SB","External",3,0.711169545,0.121,0,FALSE,"Bacteria","Cyanobacteria","Cyanobacteriia","Cyanobacteriales","Desertifilaceae",NA,NA,NA
"358","sq66","E10",0.0152873265556734,"E10","TM3 27E1","TM","External",27,0.830019021,0.233,NA,FALSE,"Bacteria","Bacteroidota","Bacteroidia","Bacteroidales","Prolixibacteraceae",NA,NA,NA
"359","sq11","E11",0.015191422290431,"E11","TM3 28N1","TM","Internal",28,1.477155617,2.427,0.039,FALSE,"Bacteria","Cyanobacteria","Cyanobacteriia","Cyanobacteriales","Coleofasciculaceae",NA,NA,NA
"360","sq167","D4",0.0150017598767135,"D4","SB3 2E1","SB","External",2,0.652985075,0.136,NA,FALSE,"Bacteria","Proteobacteria","Alphaproteobacteria","Caulobacterales","Hyphomonadaceae",NA,NA,NA
"361","sq134","E8",0.0149846372016072,"E8","TM3 26E1","TM","External",26,1.169004676,NA,0.034,FALSE,"Bacteria","Bacteroidota","Bacteroidia","Bacteroidales","Bacteroidetes BD2-2",NA,NA,NA
"362","sq637","D12",0.0149093413970648,"D12","SB4 5E1","SB","External",5,0.897520783,0.4,0,FALSE,"Bacteria","Planctomycetota","Phycisphaerae","Phycisphaerales","Phycisphaeraceae",NA,NA,NA
"363","sq20","E1",0.0148572425423039,"E1","TM2 21N1","TM","Internal",21,0.632675847,NA,0,FALSE,"Bacteria","Bacteroidota","Bacteroidia","Chitinophagales","Saprospiraceae",NA,NA,NA
"364","sq637","D3",0.0147978798425806,"D3","SB3 2N1","SB","Internal",2,0.775372332,0.11,NA,FALSE,"Bacteria","Planctomycetota","Phycisphaerae","Phycisphaerales","Phycisphaeraceae",NA,NA,NA
"365","sq90","D1",0.0146845089233106,"D1","SB3 1N1 ","SB","Internal",1,1.016765819,NA,0,FALSE,"Bacteria","Proteobacteria","Gammaproteobacteria","Gammaproteobacteria Incertae Sedis","Unknown Family",NA,NA,NA
"366","sq104","D7",0.0146504706798993,"D7","SB4 3N1","SB","Internal",3,0.947464318,NA,0,FALSE,"Bacteria","Cyanobacteria","Cyanobacteriia","Phormidesmiales","Nodosilineaceae",NA,NA,NA
"367","sq161","E8",0.0145001181753723,"E8","TM3 26E1","TM","External",26,1.169004676,NA,0.034,FALSE,"Bacteria","Verrucomicrobiota","Verrucomicrobiae","Opitutales","Puniceicoccaceae",NA,NA,NA
"368","sq105","E4",0.0144126716592289,"E4","TM2 22E1","TM","External",22,1.31061599,0.595,NA,FALSE,"Bacteria","Spirochaetota","Spirochaetia","Spirochaetales","Spirochaetaceae",NA,NA,NA
"369","sq484","D6",0.0143405069249026,"D6","SB3 3E1","SB","External",3,0.711169545,0.121,0,FALSE,"Bacteria","Bdellovibrionota","Bdellovibrionia","Bdellovibrionales","Bdellovibrionaceae",NA,NA,NA
"370","sq261","E7",0.0142769792202498,"E7","TM3 26N1","TM","Internal",26,1.910828025,NA,0.056,FALSE,"Bacteria","Desulfobacterota","Desulfobacteria","Desulfobacterales","Desulfococcaceae",NA,NA,NA
"371","sq14","D10",0.0142223743622345,"D10","SB4 4E1","SB","External",4,0.947375251,0.459,NA,FALSE,"Bacteria","Cyanobacteria","Cyanobacteriia","Phormidesmiales","Phormidesmiaceae",NA,NA,NA
"372","sq261","E8",0.0139210588513354,"E8","TM3 26E1","TM","External",26,1.169004676,NA,0.034,FALSE,"Bacteria","Desulfobacterota","Desulfobacteria","Desulfobacterales","Desulfococcaceae",NA,NA,NA
"373","sq134","E6",0.0138645435154485,"E6","TM2 23E1","TM","External",23,1.016192071,0.102,0,FALSE,"Bacteria","Bacteroidota","Bacteroidia","Bacteroidales","Bacteroidetes BD2-2",NA,NA,NA
"374","sq484","D3",0.0138196956254692,"D3","SB3 2N1","SB","Internal",2,0.775372332,0.11,NA,FALSE,"Bacteria","Bdellovibrionota","Bdellovibrionia","Bdellovibrionales","Bdellovibrionaceae",NA,NA,NA
"375","sq199","D10",0.0137252025363914,"D10","SB4 4E1","SB","External",4,0.947375251,0.459,NA,FALSE,"Bacteria","Bacteroidota","Rhodothermia","Rhodothermales","Rhodothermaceae",NA,NA,NA
"376","sq104","D9",0.0137094928223407,"D9","SB4 4N1","SB","Internal",4,1.337102689,1.856,NA,FALSE,"Bacteria","Cyanobacteria","Cyanobacteriia","Phormidesmiales","Nodosilineaceae",NA,NA,NA
"377","sq6","D4",0.0136604484356123,"D4","SB3 2E1","SB","External",2,0.652985075,0.136,NA,FALSE,"Bacteria","Cyanobacteria","Cyanobacteriia","Cyanobacteriales","Desertifilaceae",NA,NA,NA
"378","sq484","D2",0.0136566152256731,"D2","SB3 1E2","SB","External",1,0.994590822,NA,0,FALSE,"Bacteria","Bdellovibrionota","Bdellovibrionia","Bdellovibrionales","Bdellovibrionaceae",NA,NA,NA
"379","sq14","D12",0.0136484104096858,"D12","SB4 5E1","SB","External",5,0.897520783,0.4,0,FALSE,"Bacteria","Cyanobacteria","Cyanobacteriia","Phormidesmiales","Phormidesmiaceae",NA,NA,NA
"380","sq390","E3",0.0135534954492941,"E3","TM2 22N1","TM","Internal",22,1.027042307,1.612,NA,FALSE,"Bacteria","Bacteroidota","Bacteroidia","Bacteroidales","Marinifilaceae",NA,NA,NA
"381","sq66","E12",0.0135482340850248,"E12","TM3 28E1","TM","External",28,1.516085295,1.023,0,FALSE,"Bacteria","Bacteroidota","Bacteroidia","Bacteroidales","Prolixibacteraceae",NA,NA,NA
"382","sq105","D11",0.013506613134155,"D11","SB4 5N1","SB","Internal",5,1.132759402,0.701,0,FALSE,"Bacteria","Spirochaetota","Spirochaetia","Spirochaetales","Spirochaetaceae",NA,NA,NA
"383","sq83","E3",0.0134783547953826,"E3","TM2 22N1","TM","Internal",22,1.027042307,1.612,NA,FALSE,"Bacteria","Myxococcota","Polyangia","Polyangiales","Sandaracinaceae",NA,NA,NA
"384","sq637","D6",0.0134292037613788,"D6","SB3 3E1","SB","External",3,0.711169545,0.121,0,FALSE,"Bacteria","Planctomycetota","Phycisphaerae","Phycisphaerales","Phycisphaeraceae",NA,NA,NA
"385","sq19","E1",0.013287201256033,"E1","TM2 21N1","TM","Internal",21,0.632675847,NA,0,FALSE,"Bacteria","Desulfobacterota","Desulfovibrionia","Desulfovibrionales","Desulfovibrionaceae",NA,NA,NA
"386","sq79","D9",0.0132598672378274,"D9","SB4 4N1","SB","Internal",4,1.337102689,1.856,NA,FALSE,"Bacteria","Bacteroidota","Rhodothermia","Balneolales","Balneolaceae",NA,NA,NA
"387","sq79","D7",0.0132454560549744,"D7","SB4 3N1","SB","Internal",3,0.947464318,NA,0,FALSE,"Bacteria","Bacteroidota","Rhodothermia","Balneolales","Balneolaceae",NA,NA,NA
"388","sq79","D11",0.0132062436797261,"D11","SB4 5N1","SB","Internal",5,1.132759402,0.701,0,FALSE,"Bacteria","Bacteroidota","Rhodothermia","Balneolales","Balneolaceae",NA,NA,NA
"389","sq104","D12",0.0131463730721182,"D12","SB4 5E1","SB","External",5,0.897520783,0.4,0,FALSE,"Bacteria","Cyanobacteria","Cyanobacteriia","Phormidesmiales","Nodosilineaceae",NA,NA,NA
"390","sq125","D8",0.0130354817489831,"D8","SB4 3E1","SB","External",3,0.797997922,NA,0,FALSE,"Bacteria","Bacteroidota","Bacteroidia","Flavobacteriales","Cryomorphaceae",NA,NA,NA
"391","sq56","D10",0.0130242717655305,"D10","SB4 4E1","SB","External",4,0.947375251,0.459,NA,FALSE,"Bacteria","Proteobacteria","Alphaproteobacteria","Sphingomonadales","Sphingomonadaceae",NA,NA,NA
"392","sq52","E6",0.0130092289497582,"E6","TM2 23E1","TM","External",23,1.016192071,0.102,0,FALSE,"Bacteria","Proteobacteria","Gammaproteobacteria","Thiotrichales","Thiotrichaceae",NA,NA,NA
"393","sq167","D3",0.0130007506995155,"D3","SB3 2N1","SB","Internal",2,0.775372332,0.11,NA,FALSE,"Bacteria","Proteobacteria","Alphaproteobacteria","Caulobacterales","Hyphomonadaceae",NA,NA,NA
"394","sq66","E6",0.0129669911934278,"E6","TM2 23E1","TM","External",23,1.016192071,0.102,0,FALSE,"Bacteria","Bacteroidota","Bacteroidia","Bacteroidales","Prolixibacteraceae",NA,NA,NA
"395","sq48","D11",0.0129659481161829,"D11","SB4 5N1","SB","Internal",5,1.132759402,0.701,0,FALSE,"Bacteria","Deinococcota","Deinococci","Deinococcales","Trueperaceae",NA,NA,NA
"396","sq323","E5",0.0129071793791532,"E5","TM2 23N1","TM","Internal",23,1.041089822,0.484,0,FALSE,"Bacteria","Campylobacterota","Campylobacteria","Campylobacterales","Sulfurimonadaceae",NA,NA,NA
"397","sq112","E12",0.0128861394944364,"E12","TM3 28E1","TM","External",28,1.516085295,1.023,0,FALSE,"Bacteria","Desulfobacterota","Desulfobacteria","Desulfobacterales","Desulfobacteraceae",NA,NA,NA
"398","sq104","D11",0.0128458003344113,"D11","SB4 5N1","SB","Internal",5,1.132759402,0.701,0,FALSE,"Bacteria","Cyanobacteria","Cyanobacteriia","Phormidesmiales","Nodosilineaceae",NA,NA,NA
"399","sq484","D4",0.0128328307379115,"D4","SB3 2E1","SB","External",2,0.652985075,0.136,NA,FALSE,"Bacteria","Bdellovibrionota","Bdellovibrionia","Bdellovibrionales","Bdellovibrionaceae",NA,NA,NA
"400","sq261","E11",0.0128271599817496,"E11","TM3 28N1","TM","Internal",28,1.477155617,2.427,0.039,FALSE,"Bacteria","Desulfobacterota","Desulfobacteria","Desulfobacterales","Desulfococcaceae",NA,NA,NA
"401","sq52","E1",0.0128220038378787,"E1","TM2 21N1","TM","Internal",21,0.632675847,NA,0,FALSE,"Bacteria","Proteobacteria","Gammaproteobacteria","Thiotrichales","Thiotrichaceae",NA,NA,NA
"402","sq125","D7",0.0127728602265905,"D7","SB4 3N1","SB","Internal",3,0.947464318,NA,0,FALSE,"Bacteria","Bacteroidota","Bacteroidia","Flavobacteriales","Cryomorphaceae",NA,NA,NA
"403","sq12","E6",0.0126818863381977,"E6","TM2 23E1","TM","External",23,1.016192071,0.102,0,FALSE,"Bacteria","Bacteroidota","Bacteroidia","Cytophagales","Cyclobacteriaceae",NA,NA,NA
"404","sq134","E7",0.012675550551765,"E7","TM3 26N1","TM","Internal",26,1.910828025,NA,0.056,FALSE,"Bacteria","Bacteroidota","Bacteroidia","Bacteroidales","Bacteroidetes BD2-2",NA,NA,NA
"405","sq12","E8",0.0126683999054597,"E8","TM3 26E1","TM","External",26,1.169004676,NA,0.034,FALSE,"Bacteria","Bacteroidota","Bacteroidia","Cytophagales","Cyclobacteriaceae",NA,NA,NA
"406","sq6","D9",0.0126467414407639,"D9","SB4 4N1","SB","Internal",4,1.337102689,1.856,NA,FALSE,"Bacteria","Cyanobacteria","Cyanobacteriia","Cyanobacteriales","Desertifilaceae",NA,NA,NA
"407","sq66","E7",0.0126464336668834,"E7","TM3 26N1","TM","Internal",26,1.910828025,NA,0.056,FALSE,"Bacteria","Bacteroidota","Bacteroidia","Bacteroidales","Prolixibacteraceae",NA,NA,NA
"408","sq418","E8",0.0126093122193335,"E8","TM3 26E1","TM","External",26,1.169004676,NA,0.034,FALSE,"Bacteria","Planctomycetota","Phycisphaerae","Phycisphaerales","AKAU3564 sediment group",NA,NA,NA
"409","sq6","D8",0.012538764112822,"D8","SB4 3E1","SB","External",3,0.797997922,NA,0,FALSE,"Bacteria","Cyanobacteria","Cyanobacteriia","Cyanobacteriales","Desertifilaceae",NA,NA,NA
"410","sq161","E9",0.0125282661025604,"E9","TM3 27N1","TM","Internal",27,1.647954829,2.235,NA,FALSE,"Bacteria","Verrucomicrobiota","Verrucomicrobiae","Opitutales","Puniceicoccaceae",NA,NA,NA
"411","sq637","D7",0.0125174030220587,"D7","SB4 3N1","SB","Internal",3,0.947464318,NA,0,FALSE,"Bacteria","Planctomycetota","Phycisphaerae","Phycisphaerales","Phycisphaeraceae",NA,NA,NA
"412","sq56","D2",0.0124620649577065,"D2","SB3 1E2","SB","External",1,0.994590822,NA,0,FALSE,"Bacteria","Proteobacteria","Alphaproteobacteria","Sphingomonadales","Sphingomonadaceae",NA,NA,NA
"413","sq161","E12",0.0124612131154021,"E12","TM3 28E1","TM","External",28,1.516085295,1.023,0,FALSE,"Bacteria","Verrucomicrobiota","Verrucomicrobiae","Opitutales","Puniceicoccaceae",NA,NA,NA
"414","sq161","E11",0.012433116263636,"E11","TM3 28N1","TM","Internal",28,1.477155617,2.427,0.039,FALSE,"Bacteria","Verrucomicrobiota","Verrucomicrobiae","Opitutales","Puniceicoccaceae",NA,NA,NA
"415","sq161","E7",0.0124134985878311,"E7","TM3 26N1","TM","Internal",26,1.910828025,NA,0.056,FALSE,"Bacteria","Verrucomicrobiota","Verrucomicrobiae","Opitutales","Puniceicoccaceae",NA,NA,NA
"416","sq105","E1",0.012385881258359,"E1","TM2 21N1","TM","Internal",21,0.632675847,NA,0,FALSE,"Bacteria","Spirochaetota","Spirochaetia","Spirochaetales","Spirochaetaceae",NA,NA,NA
"417","sq46","D10",0.0123559424258725,"D10","SB4 4E1","SB","External",4,0.947375251,0.459,NA,FALSE,"Bacteria","Desulfobacterota","Desulfobacteria","Desulfobacterales","Desulfosarcinaceae",NA,NA,NA
"418","sq75","D3",0.0123524192998021,"D3","SB3 2N1","SB","Internal",2,0.775372332,0.11,NA,FALSE,"Bacteria","Acidobacteriota","Holophagae","Acanthopleuribacterales","Acanthopleuribacteraceae",NA,NA,NA
"419","sq105","E7",0.0123455591897741,"E7","TM3 26N1","TM","Internal",26,1.910828025,NA,0.056,FALSE,"Bacteria","Spirochaetota","Spirochaetia","Spirochaetales","Spirochaetaceae",NA,NA,NA
"420","sq49","E7",0.0122970310483049,"E7","TM3 26N1","TM","Internal",26,1.910828025,NA,0.056,FALSE,"Bacteria","Cyanobacteria","Cyanobacteriia","Cyanobacteriales","Phormidiaceae",NA,NA,NA
"421","sq88","E7",0.0122970310483049,"E7","TM3 26N1","TM","Internal",26,1.910828025,NA,0.056,FALSE,"Bacteria","Bacteroidota","Bacteroidia","Bacteroidales","SB-5",NA,NA,NA
"422","sq125","D4",0.012271572759011,"D4","SB3 2E1","SB","External",2,0.652985075,0.136,NA,FALSE,"Bacteria","Bacteroidota","Bacteroidia","Flavobacteriales","Cryomorphaceae",NA,NA,NA
"423","sq484","D9",0.0122379909093882,"D9","SB4 4N1","SB","Internal",4,1.337102689,1.856,NA,FALSE,"Bacteria","Bdellovibrionota","Bdellovibrionia","Bdellovibrionales","Bdellovibrionaceae",NA,NA,NA
"424","sq12","E2",0.0122072044523271,"E2","TM2 21E1","TM","External",21,3.767123288,NA,0,FALSE,"Bacteria","Bacteroidota","Bacteroidia","Cytophagales","Cyclobacteriaceae",NA,NA,NA
"425","sq134","D1",0.0121705314705459,"D1","SB3 1N1 ","SB","Internal",1,1.016765819,NA,0,FALSE,"Bacteria","Bacteroidota","Bacteroidia","Bacteroidales","Bacteroidetes BD2-2",NA,NA,NA
"426","sq83","E10",0.0121379702105975,"E10","TM3 27E1","TM","External",27,0.830019021,0.233,NA,FALSE,"Bacteria","Myxococcota","Polyangia","Polyangiales","Sandaracinaceae",NA,NA,NA
"427","sq495","E1",0.0120951328720126,"E1","TM2 21N1","TM","Internal",21,0.632675847,NA,0,FALSE,"Bacteria","Acidobacteriota","Thermoanaerobaculia","Thermoanaerobaculales","Thermoanaerobaculaceae",NA,NA,NA
"428","sq125","D6",0.0120372132148973,"D6","SB3 3E1","SB","External",3,0.711169545,0.121,0,FALSE,"Bacteria","Bacteroidota","Bacteroidia","Flavobacteriales","Cryomorphaceae",NA,NA,NA
"429","sq495","E10",0.0119876030641483,"E10","TM3 27E1","TM","External",27,0.830019021,0.233,NA,FALSE,"Bacteria","Acidobacteriota","Thermoanaerobaculia","Thermoanaerobaculales","Thermoanaerobaculaceae",NA,NA,NA
"430","sq167","D2",0.0119616452508556,"D2","SB3 1E2","SB","External",1,0.994590822,NA,0,FALSE,"Bacteria","Proteobacteria","Alphaproteobacteria","Caulobacterales","Hyphomonadaceae",NA,NA,NA
"431","sq45","D11",0.0119446919711245,"D11","SB4 5N1","SB","Internal",5,1.132759402,0.701,0,FALSE,"Bacteria","Desulfobacterota","Desulfuromonadia","Desulfuromonadales","Geopsychrobacteraceae",NA,NA,NA
"432","sq66","E3",0.011937971390196,"E3","TM2 22N1","TM","Internal",22,1.027042307,1.612,NA,FALSE,"Bacteria","Bacteroidota","Bacteroidia","Bacteroidales","Prolixibacteraceae",NA,NA,NA
"433","sq105","E5",0.0119113732549455,"E5","TM2 23N1","TM","Internal",23,1.041089822,0.484,0,FALSE,"Bacteria","Spirochaetota","Spirochaetia","Spirochaetales","Spirochaetaceae",NA,NA,NA
"434","sq56","D9",0.0118047153461299,"D9","SB4 4N1","SB","Internal",4,1.337102689,1.856,NA,FALSE,"Bacteria","Proteobacteria","Alphaproteobacteria","Sphingomonadales","Sphingomonadaceae",NA,NA,NA
"435","sq637","D10",0.0117935677376237,"D10","SB4 4E1","SB","External",4,0.947375251,0.459,NA,FALSE,"Bacteria","Planctomycetota","Phycisphaerae","Phycisphaerales","Phycisphaeraceae",NA,NA,NA
"436","sq323","E11",0.0117590941142312,"E11","TM3 28N1","TM","Internal",28,1.477155617,2.427,0.039,FALSE,"Bacteria","Campylobacterota","Campylobacteria","Campylobacterales","Sulfurimonadaceae",NA,NA,NA
"437","sq105","E10",0.0117119299623247,"E10","TM3 27E1","TM","External",27,0.830019021,0.233,NA,FALSE,"Bacteria","Spirochaetota","Spirochaetia","Spirochaetales","Spirochaetaceae",NA,NA,NA
"438","sq35","D4",0.0117103147801105,"D4","SB3 2E1","SB","External",2,0.652985075,0.136,NA,FALSE,"Bacteria","Bacteroidota","Bacteroidia","Cytophagales","Flammeovirgaceae",NA,NA,NA
"439","sq14","D11",0.011604273256105,"D11","SB4 5N1","SB","Internal",5,1.132759402,0.701,0,FALSE,"Bacteria","Cyanobacteria","Cyanobacteriia","Phormidesmiales","Phormidesmiaceae",NA,NA,NA
"440","sq105","D8",0.0115856032434319,"D8","SB4 3E1","SB","External",3,0.797997922,NA,0,FALSE,"Bacteria","Spirochaetota","Spirochaetia","Spirochaetales","Spirochaetaceae",NA,NA,NA
"441","sq105","E12",0.0115520683044449,"E12","TM3 28E1","TM","External",28,1.516085295,1.023,0,FALSE,"Bacteria","Spirochaetota","Spirochaetia","Spirochaetales","Spirochaetaceae",NA,NA,NA
"442","sq637","E9",0.0115435115617478,"E9","TM3 27N1","TM","Internal",27,1.647954829,2.235,NA,FALSE,"Bacteria","Planctomycetota","Phycisphaerae","Phycisphaerales","Phycisphaeraceae",NA,NA,NA
"443","sq56","D11",0.011524174734924,"D11","SB4 5N1","SB","Internal",5,1.132759402,0.701,0,FALSE,"Bacteria","Proteobacteria","Alphaproteobacteria","Sphingomonadales","Sphingomonadaceae",NA,NA,NA
"444","sq83","E12",0.0115125402691859,"E12","TM3 28E1","TM","External",28,1.516085295,1.023,0,FALSE,"Bacteria","Myxococcota","Polyangia","Polyangiales","Sandaracinaceae",NA,NA,NA
"445","sq88","D1",0.011496209393372,"D1","SB3 1N1 ","SB","Internal",1,1.016765819,NA,0,FALSE,"Bacteria","Bacteroidota","Bacteroidia","Bacteroidales","SB-5",NA,NA,NA
"446","sq321","E12",0.0114236021898532,"E12","TM3 28E1","TM","External",28,1.516085295,1.023,0,FALSE,"Bacteria","Chloroflexi","Anaerolineae","Anaerolineales","Anaerolineaceae",NA,NA,NA
"447","sq112","E7",0.0113847019886832,"E7","TM3 26N1","TM","Internal",26,1.910828025,NA,0.056,FALSE,"Bacteria","Desulfobacterota","Desulfobacteria","Desulfobacterales","Desulfobacteraceae",NA,NA,NA
"448","sq161","E3",0.0113650239041205,"E3","TM2 22N1","TM","Internal",22,1.027042307,1.612,NA,FALSE,"Bacteria","Verrucomicrobiota","Verrucomicrobiae","Opitutales","Puniceicoccaceae",NA,NA,NA
"449","sq167","D12",0.0113483788864111,"D12","SB4 5E1","SB","External",5,0.897520783,0.4,0,FALSE,"Bacteria","Proteobacteria","Alphaproteobacteria","Caulobacterales","Hyphomonadaceae",NA,NA,NA
"450","sq105","D12",0.0113133530256506,"D12","SB4 5E1","SB","External",5,0.897520783,0.4,0,FALSE,"Bacteria","Spirochaetota","Spirochaetia","Spirochaetales","Spirochaetaceae",NA,NA,NA
"451","sq56","D1",0.011280164456025,"D1","SB3 1N1 ","SB","Internal",1,1.016765819,NA,0,FALSE,"Bacteria","Proteobacteria","Alphaproteobacteria","Sphingomonadales","Sphingomonadaceae",NA,NA,NA
"452","sq66","E5",0.0112602692506559,"E5","TM2 23N1","TM","Internal",23,1.041089822,0.484,0,FALSE,"Bacteria","Bacteroidota","Bacteroidia","Bacteroidales","Prolixibacteraceae",NA,NA,NA
"453","sq52","E3",0.0112429203415143,"E3","TM2 22N1","TM","Internal",22,1.027042307,1.612,NA,FALSE,"Bacteria","Proteobacteria","Gammaproteobacteria","Thiotrichales","Thiotrichaceae",NA,NA,NA
"454","sq104","D10",0.0112230426915742,"D10","SB4 4E1","SB","External",4,0.947375251,0.459,NA,FALSE,"Bacteria","Cyanobacteria","Cyanobacteriia","Phormidesmiales","Nodosilineaceae",NA,NA,NA
"455","sq49","D8",0.0112097088160668,"D8","SB4 3E1","SB","External",3,0.797997922,NA,0,FALSE,"Bacteria","Cyanobacteria","Cyanobacteriia","Cyanobacteriales","Phormidiaceae",NA,NA,NA
"456","sq65","D12",0.0111966001564488,"D12","SB4 5E1","SB","External",5,0.897520783,0.4,0,FALSE,"Bacteria","Cyanobacteria","Cyanobacteriia","Cyanobacteriales","Oscillatoriaceae",NA,NA,NA
"457","sq199","D7",0.0111890255584933,"D7","SB4 3N1","SB","Internal",3,0.947464318,NA,0,FALSE,"Bacteria","Bacteroidota","Rhodothermia","Rhodothermales","Rhodothermaceae",NA,NA,NA
"458","sq56","D5",0.0111855789230414,"D5","SB3 3N1","SB","Internal",3,0.456230396,0,0,FALSE,"Bacteria","Proteobacteria","Alphaproteobacteria","Sphingomonadales","Sphingomonadaceae",NA,NA,NA
"459","sq35","D6",0.0111559530128083,"D6","SB3 3E1","SB","External",3,0.711169545,0.121,0,FALSE,"Bacteria","Bacteroidota","Bacteroidia","Cytophagales","Flammeovirgaceae",NA,NA,NA
"460","sq75","D6",0.0111058814104169,"D6","SB3 3E1","SB","External",3,0.711169545,0.121,0,FALSE,"Bacteria","Acidobacteriota","Holophagae","Acanthopleuribacterales","Acanthopleuribacteraceae",NA,NA,NA
"461","sq12","E4",0.0110991936565092,"E4","TM2 22E1","TM","External",22,1.31061599,0.595,NA,FALSE,"Bacteria","Bacteroidota","Bacteroidia","Cytophagales","Cyclobacteriaceae",NA,NA,NA
"462","sq1367","D8",0.0110888856072709,"D8","SB4 3E1","SB","External",3,0.797997922,NA,0,FALSE,"Bacteria","Proteobacteria","Alphaproteobacteria","Micavibrionales","Micavibrionaceae",NA,NA,NA
"463","sq134","E12",0.0110382038460778,"E12","TM3 28E1","TM","External",28,1.516085295,1.023,0,FALSE,"Bacteria","Bacteroidota","Bacteroidia","Bacteroidales","Bacteroidetes BD2-2",NA,NA,NA
"464","sq323","E2",0.0110207326769005,"E2","TM2 21E1","TM","External",21,3.767123288,NA,0,FALSE,"Bacteria","Campylobacterota","Campylobacteria","Campylobacterales","Sulfurimonadaceae",NA,NA,NA
"465","sq23","D3",0.0110102595600446,"D3","SB3 2N1","SB","Internal",2,0.775372332,0.11,NA,FALSE,"Bacteria","Proteobacteria","Gammaproteobacteria","Arenicellales","Arenicellaceae",NA,NA,NA
"466","sq495","D11",0.0109835097169519,"D11","SB4 5N1","SB","Internal",5,1.132759402,0.701,0,FALSE,"Bacteria","Acidobacteriota","Thermoanaerobaculia","Thermoanaerobaculales","Thermoanaerobaculaceae",NA,NA,NA
"467","sq105","E3",0.0109799280528239,"E3","TM2 22N1","TM","Internal",22,1.027042307,1.612,NA,FALSE,"Bacteria","Spirochaetota","Spirochaetia","Spirochaetales","Spirochaetaceae",NA,NA,NA
"468","sq83","D11",0.010953472771509,"D11","SB4 5N1","SB","Internal",5,1.132759402,0.701,0,FALSE,"Bacteria","Myxococcota","Polyangia","Polyangiales","Sandaracinaceae",NA,NA,NA
"469","sq45","E9",0.0109508352177402,"E9","TM3 27N1","TM","Internal",27,1.647954829,2.235,NA,FALSE,"Bacteria","Desulfobacterota","Desulfuromonadia","Desulfuromonadales","Geopsychrobacteraceae",NA,NA,NA
"470","sq23","D2",0.0109043068379932,"D2","SB3 1E2","SB","External",1,0.994590822,NA,0,FALSE,"Bacteria","Proteobacteria","Gammaproteobacteria","Arenicellales","Arenicellaceae",NA,NA,NA
"471","sq56","D7",0.0108313854721488,"D7","SB4 3N1","SB","Internal",3,0.947464318,NA,0,FALSE,"Bacteria","Proteobacteria","Alphaproteobacteria","Sphingomonadales","Sphingomonadaceae",NA,NA,NA
"472","sq637","D5",0.0108250519990756,"D5","SB3 3N1","SB","Internal",3,0.456230396,0,0,FALSE,"Bacteria","Planctomycetota","Phycisphaerae","Phycisphaerales","Phycisphaeraceae",NA,NA,NA
"473","sq321","E5",0.0108198165418717,"E5","TM2 23N1","TM","Internal",23,1.041089822,0.484,0,FALSE,"Bacteria","Chloroflexi","Anaerolineae","Anaerolineales","Anaerolineaceae",NA,NA,NA
"474","sq446","E4",0.0107640152458294,"E4","TM2 22E1","TM","External",22,1.31061599,0.595,NA,FALSE,"Bacteria","Campylobacterota","Campylobacteria","Campylobacterales","Arcobacteraceae",NA,NA,NA
"475","sq65","D3",0.0107486521531427,"D3","SB3 2N1","SB","Internal",2,0.775372332,0.11,NA,FALSE,"Bacteria","Cyanobacteria","Cyanobacteriia","Cyanobacteriales","Oscillatoriaceae",NA,NA,NA
"476","sq1367","D11",0.0107432141534087,"D11","SB4 5N1","SB","Internal",5,1.132759402,0.701,0,FALSE,"Bacteria","Proteobacteria","Alphaproteobacteria","Micavibrionales","Micavibrionaceae",NA,NA,NA
"477","sq88","E11",0.0107117673897715,"E11","TM3 28N1","TM","Internal",28,1.477155617,2.427,0.039,FALSE,"Bacteria","Bacteroidota","Bacteroidia","Bacteroidales","SB-5",NA,NA,NA
"478","sq112","E10",0.0107011285889714,"E10","TM3 27E1","TM","External",27,0.830019021,0.233,NA,FALSE,"Bacteria","Desulfobacterota","Desulfobacteria","Desulfobacterales","Desulfobacteraceae",NA,NA,NA
"479","sq45","D1",0.0106974978068165,"D1","SB3 1N1 ","SB","Internal",1,1.016765819,NA,0,FALSE,"Bacteria","Desulfobacterota","Desulfuromonadia","Desulfuromonadales","Geopsychrobacteraceae",NA,NA,NA
"480","sq48","D2",0.0106702395557564,"D2","SB3 1E2","SB","External",1,0.994590822,NA,0,FALSE,"Bacteria","Deinococcota","Deinococci","Deinococcales","Trueperaceae",NA,NA,NA
"481","sq495","E6",0.0106333551561741,"E6","TM2 23E1","TM","External",23,1.016192071,0.102,0,FALSE,"Bacteria","Acidobacteriota","Thermoanaerobaculia","Thermoanaerobaculales","Thermoanaerobaculaceae",NA,NA,NA
"482","sq35","D8",0.0105921679711098,"D8","SB4 3E1","SB","External",3,0.797997922,NA,0,FALSE,"Bacteria","Bacteroidota","Bacteroidia","Cytophagales","Flammeovirgaceae",NA,NA,NA
"483","sq45","D8",0.0105921679711098,"D8","SB4 3E1","SB","External",3,0.797997922,NA,0,FALSE,"Bacteria","Desulfobacterota","Desulfuromonadia","Desulfuromonadales","Geopsychrobacteraceae",NA,NA,NA
"484","sq88","E4",0.0105916377774798,"E4","TM2 22E1","TM","External",22,1.31061599,0.595,NA,FALSE,"Bacteria","Bacteroidota","Bacteroidia","Bacteroidales","SB-5",NA,NA,NA
"485","sq37","E12",0.0105737494317845,"E12","TM3 28E1","TM","External",28,1.516085295,1.023,0,FALSE,"Bacteria","Desulfobacterota","Desulfobulbia","Desulfobulbales","Desulfobulbaceae",NA,NA,NA
"486","sq1367","D2",0.010573384128624,"D2","SB3 1E2","SB","External",1,0.994590822,NA,0,FALSE,"Bacteria","Proteobacteria","Alphaproteobacteria","Micavibrionales","Micavibrionaceae",NA,NA,NA
"487","sq161","E6",0.0105277607653481,"E6","TM2 23E1","TM","External",23,1.016192071,0.102,0,FALSE,"Bacteria","Verrucomicrobiota","Verrucomicrobiae","Opitutales","Puniceicoccaceae",NA,NA,NA
"488","sq19","D1",0.0105141869508858,"D1","SB3 1N1 ","SB","Internal",1,1.016765819,NA,0,FALSE,"Bacteria","Desulfobacterota","Desulfovibrionia","Desulfovibrionales","Desulfovibrionaceae",NA,NA,NA
"489","sq56","D6",0.0104549505793284,"D6","SB3 3E1","SB","External",3,0.711169545,0.121,0,FALSE,"Bacteria","Proteobacteria","Alphaproteobacteria","Sphingomonadales","Sphingomonadaceae",NA,NA,NA
"490","sq359","D11",0.0104528570141274,"D11","SB4 5N1","SB","Internal",5,1.132759402,0.701,0,FALSE,"Bacteria","Myxococcota","Myxococcia","Myxococcales","Myxococcaceae",NA,NA,NA
"491","sq14","D2",0.0104119584167366,"D2","SB3 1E2","SB","External",1,0.994590822,NA,0,FALSE,"Bacteria","Cyanobacteria","Cyanobacteriia","Phormidesmiales","Phormidesmiaceae",NA,NA,NA
"492","sq46","D8",0.010310247150586,"D8","SB4 3E1","SB","External",3,0.797997922,NA,0,FALSE,"Bacteria","Desulfobacterota","Desulfobacteria","Desulfobacterales","Desulfosarcinaceae",NA,NA,NA
"493","sq134","E10",0.0103085032621317,"E10","TM3 27E1","TM","External",27,0.830019021,0.233,NA,FALSE,"Bacteria","Bacteroidota","Bacteroidia","Bacteroidales","Bacteroidetes BD2-2",NA,NA,NA
"494","sq125","D3",0.0102823085147524,"D3","SB3 2N1","SB","Internal",2,0.775372332,0.11,NA,FALSE,"Bacteria","Bacteroidota","Bacteroidia","Flavobacteriales","Cryomorphaceae",NA,NA,NA
"495","sq161","E5",0.0102644631264482,"E5","TM2 23N1","TM","Internal",23,1.041089822,0.484,0,FALSE,"Bacteria","Verrucomicrobiota","Verrucomicrobiae","Opitutales","Puniceicoccaceae",NA,NA,NA
"496","sq747","E5",0.010245313008675,"E5","TM2 23N1","TM","Internal",23,1.041089822,0.484,0,FALSE,"Bacteria","Verrucomicrobiota","Kiritimatiellae","Kiritimatiellales","Kiritimatiellaceae",NA,NA,NA
"497","sq79","D12",0.0101808501943935,"D12","SB4 5E1","SB","External",5,0.897520783,0.4,0,FALSE,"Bacteria","Bacteroidota","Rhodothermia","Balneolales","Balneolaceae",NA,NA,NA
"498","sq65","D2",0.0101698198489055,"D2","SB3 1E2","SB","External",1,0.994590822,NA,0,FALSE,"Bacteria","Cyanobacteria","Cyanobacteriia","Cyanobacteriales","Oscillatoriaceae",NA,NA,NA
"499","sq125","D12",0.0101691749074734,"D12","SB4 5E1","SB","External",5,0.897520783,0.4,0,FALSE,"Bacteria","Bacteroidota","Bacteroidia","Flavobacteriales","Cryomorphaceae",NA,NA,NA
"500","sq210","D7",0.0101544238801395,"D7","SB4 3N1","SB","Internal",3,0.947464318,NA,0,FALSE,"Bacteria","Calditrichota","Calditrichia","Calditrichales","Calditrichaceae",NA,NA,NA
"501","sq167","D6",0.0101244780035451,"D6","SB3 3E1","SB","External",3,0.711169545,0.121,0,FALSE,"Bacteria","Proteobacteria","Alphaproteobacteria","Caulobacterales","Hyphomonadaceae",NA,NA,NA
"502","sq104","D4",0.0101026436202091,"D4","SB3 2E1","SB","External",2,0.652985075,0.136,NA,FALSE,"Bacteria","Cyanobacteria","Cyanobacteriia","Phormidesmiales","Nodosilineaceae",NA,NA,NA
"503","sq97","D6",0.0100643920806754,"D6","SB3 3E1","SB","External",3,0.711169545,0.121,0,FALSE,"Bacteria","Proteobacteria","Gammaproteobacteria","Chromatiales","Chromatiaceae",NA,NA,NA
"504","sq159","E9",0.0100481435553286,"E9","TM3 27N1","TM","Internal",27,1.647954829,2.235,NA,FALSE,"Bacteria","Proteobacteria","Gammaproteobacteria","Pseudomonadales","BD2-7",NA,NA,NA
"505","sq23","D4",0.010017027996309,"D4","SB3 2E1","SB","External",2,0.652985075,0.136,NA,FALSE,"Bacteria","Proteobacteria","Gammaproteobacteria","Arenicellales","Arenicellaceae",NA,NA,NA
"506","sq23","D11",0.00999229051733632,"D11","SB4 5N1","SB","Internal",5,1.132759402,0.701,0,FALSE,"Bacteria","Proteobacteria","Gammaproteobacteria","Arenicellales","Arenicellaceae",NA,NA,NA
"507","sq446","D1",0.00995770756681026,"D1","SB3 1N1 ","SB","Internal",1,1.016765819,NA,0,FALSE,"Bacteria","Campylobacterota","Campylobacteria","Campylobacterales","Arcobacteraceae",NA,NA,NA
"508","sq105","D4",0.00995043806660896,"D4","SB3 2E1","SB","External",2,0.652985075,0.136,NA,FALSE,"Bacteria","Spirochaetota","Spirochaetia","Spirochaetales","Spirochaetaceae",NA,NA,NA
"509","sq405","E8",0.00993854880642874,"E8","TM3 26E1","TM","External",26,1.169004676,NA,0.034,FALSE,"Bacteria","Firmicutes","Bacilli","Izemoplasmatales","Izemoplasmataceae",NA,NA,NA
"510","sq65","D1",0.00987259895512812,"D1","SB3 1N1 ","SB","Internal",1,1.016765819,NA,0,FALSE,"Bacteria","Cyanobacteria","Cyanobacteriia","Cyanobacteriales","Oscillatoriaceae",NA,NA,NA
"511","sq1367","D4",0.00982677105430884,"D4","SB3 2E1","SB","External",2,0.652985075,0.136,NA,FALSE,"Bacteria","Proteobacteria","Alphaproteobacteria","Micavibrionales","Micavibrionaceae",NA,NA,NA
"512","sq321","E6",0.00982027834681422,"E6","TM2 23E1","TM","External",23,1.016192071,0.102,0,FALSE,"Bacteria","Chloroflexi","Anaerolineae","Anaerolineales","Anaerolineaceae",NA,NA,NA
"513","sq42","E9",0.00973812823692465,"E9","TM3 27N1","TM","Internal",27,1.647954829,2.235,NA,FALSE,"Bacteria","Chloroflexi","Anaerolineae","SBR1031","A4b",NA,NA,NA
"514","sq35","D1",0.0096958349154806,"D1","SB3 1N1 ","SB","Internal",1,1.016765819,NA,0,FALSE,"Bacteria","Bacteroidota","Bacteroidia","Cytophagales","Flammeovirgaceae",NA,NA,NA
"515","sq37","E11",0.00966444066531171,"E11","TM3 28N1","TM","Internal",28,1.477155617,2.427,0.039,FALSE,"Bacteria","Desulfobacterota","Desulfobulbia","Desulfobulbales","Desulfobulbaceae",NA,NA,NA
"516","sq56","D4",0.00958894987680863,"D4","SB3 2E1","SB","External",2,0.652985075,0.136,NA,FALSE,"Bacteria","Proteobacteria","Alphaproteobacteria","Sphingomonadales","Sphingomonadaceae",NA,NA,NA
"517","sq83","E6",0.00958797068699711,"E6","TM2 23E1","TM","External",23,1.016192071,0.102,0,FALSE,"Bacteria","Myxococcota","Polyangia","Polyangiales","Sandaracinaceae",NA,NA,NA
"518","sq125","D1",0.00957799222238226,"D1","SB3 1N1 ","SB","Internal",1,1.016765819,NA,0,FALSE,"Bacteria","Bacteroidota","Bacteroidia","Flavobacteriales","Cryomorphaceae",NA,NA,NA
"519","sq484","D8",0.00957188309683309,"D8","SB4 3E1","SB","External",3,0.797997922,NA,0,FALSE,"Bacteria","Bdellovibrionota","Bdellovibrionia","Bdellovibrionales","Bdellovibrionaceae",NA,NA,NA
"520","sq104","D2",0.0094111190030348,"D2","SB3 1E2","SB","External",1,0.994590822,NA,0,FALSE,"Bacteria","Cyanobacteria","Cyanobacteriia","Phormidesmiales","Nodosilineaceae",NA,NA,NA
"521","sq165","E12",0.00940767239164377,"E12","TM3 28E1","TM","External",28,1.516085295,1.023,0,FALSE,"Bacteria","Proteobacteria","Gammaproteobacteria","Chromatiales","Sedimenticolaceae",NA,NA,NA
"522","sq83","D10",0.00937291147081357,"D10","SB4 4E1","SB","External",4,0.947375251,0.459,NA,FALSE,"Bacteria","Myxococcota","Polyangia","Polyangiales","Sandaracinaceae",NA,NA,NA
"523","sq88","E1",0.00936209804035588,"E1","TM2 21N1","TM","Internal",21,0.632675847,NA,0,FALSE,"Bacteria","Bacteroidota","Bacteroidia","Bacteroidales","SB-5",NA,NA,NA
"524","sq321","D5",0.00934596718280564,"D5","SB3 3N1","SB","Internal",3,0.456230396,0,0,FALSE,"Bacteria","Chloroflexi","Anaerolineae","Anaerolineales","Anaerolineaceae",NA,NA,NA
"525","sq105","D2",0.00933847743268548,"D2","SB3 1E2","SB","External",1,0.994590822,NA,0,FALSE,"Bacteria","Spirochaetota","Spirochaetia","Spirochaetales","Spirochaetaceae",NA,NA,NA
"526","sq352","D12",0.00932855424922067,"D12","SB4 5E1","SB","External",5,0.897520783,0.4,0,FALSE,"Bacteria","Proteobacteria","Gammaproteobacteria","Enterobacterales","Alteromonadaceae",NA,NA,NA
"527","sq323","E8",0.00932403687071614,"E8","TM3 26E1","TM","External",26,1.169004676,NA,0.034,FALSE,"Bacteria","Campylobacterota","Campylobacteria","Campylobacterales","Sulfurimonadaceae",NA,NA,NA
"528","sq23","D6",0.00931331804480407,"D6","SB3 3E1","SB","External",3,0.711169545,0.121,0,FALSE,"Bacteria","Proteobacteria","Gammaproteobacteria","Arenicellales","Arenicellaceae",NA,NA,NA
"529","sq42","E7",0.00930769753379985,"E7","TM3 26N1","TM","Internal",26,1.910828025,NA,0.056,FALSE,"Bacteria","Chloroflexi","Anaerolineae","SBR1031","A4b",NA,NA,NA
"530","sq161","E10",0.00929770188877843,"E10","TM3 27E1","TM","External",27,0.830019021,0.233,NA,FALSE,"Bacteria","Verrucomicrobiota","Verrucomicrobiae","Opitutales","Puniceicoccaceae",NA,NA,NA
"531","sq125","D9",0.00929498708348321,"D9","SB4 4N1","SB","Internal",4,1.337102689,1.856,NA,FALSE,"Bacteria","Bacteroidota","Bacteroidia","Flavobacteriales","Cryomorphaceae",NA,NA,NA
"532","sq56","D3",0.0092813758274756,"D3","SB3 2N1","SB","Internal",2,0.775372332,0.11,NA,FALSE,"Bacteria","Proteobacteria","Alphaproteobacteria","Sphingomonadales","Sphingomonadaceae",NA,NA,NA
"533","sq125","D2",0.00927390714793052,"D2","SB3 1E2","SB","External",1,0.994590822,NA,0,FALSE,"Bacteria","Bacteroidota","Bacteroidia","Flavobacteriales","Cryomorphaceae",NA,NA,NA
"534","sq98","D9",0.00926228704097315,"D9","SB4 4N1","SB","Internal",4,1.337102689,1.856,NA,FALSE,"Bacteria","Proteobacteria","Gammaproteobacteria","Pseudomonadales","Alcanivoracaceae1",NA,NA,NA
"535","sq161","E4",0.00917431192660551,"E4","TM2 22E1","TM","External",22,1.31061599,0.595,NA,FALSE,"Bacteria","Verrucomicrobiota","Verrucomicrobiae","Opitutales","Puniceicoccaceae",NA,NA,NA
"536","sq79","D10",0.00908764894778881,"D10","SB4 4E1","SB","External",4,0.947375251,0.459,NA,FALSE,"Bacteria","Bacteroidota","Rhodothermia","Balneolales","Balneolaceae",NA,NA,NA
"537","sq11","E6",0.00907055817194991,"E6","TM2 23E1","TM","External",23,1.016192071,0.102,0,FALSE,"Bacteria","Cyanobacteria","Cyanobacteriia","Cyanobacteriales","Coleofasciculaceae",NA,NA,NA
"538","sq48","D7",0.0090431850404261,"D7","SB4 3N1","SB","Internal",3,0.947464318,NA,0,FALSE,"Bacteria","Deinococcota","Deinococci","Deinococcales","Trueperaceae",NA,NA,NA
"539","sq46","D9",0.00901703672214774,"D9","SB4 4N1","SB","Internal",4,1.337102689,1.856,NA,FALSE,"Bacteria","Desulfobacterota","Desulfobacteria","Desulfobacterales","Desulfosarcinaceae",NA,NA,NA
"540","sq391","D5",0.00897619597873815,"D5","SB3 3N1","SB","Internal",3,0.456230396,0,0,FALSE,"Bacteria","Proteobacteria","Gammaproteobacteria","Beggiatoales","Beggiatoaceae",NA,NA,NA
"541","sq359","D12",0.00895494506777504,"D12","SB4 5E1","SB","External",5,0.897520783,0.4,0,FALSE,"Bacteria","Myxococcota","Myxococcia","Myxococcales","Myxococcaceae",NA,NA,NA
"542","sq199","D8",0.00895434225187612,"D8","SB4 3E1","SB","External",3,0.797997922,NA,0,FALSE,"Bacteria","Bacteroidota","Rhodothermia","Rhodothermales","Rhodothermaceae",NA,NA,NA
"543","sq97","D1",0.00892331059405811,"D1","SB3 1N1 ","SB","Internal",1,1.016765819,NA,0,FALSE,"Bacteria","Proteobacteria","Gammaproteobacteria","Chromatiales","Chromatiaceae",NA,NA,NA
"544","sq19","D9",0.00889441156273503,"D9","SB4 4N1","SB","Internal",4,1.337102689,1.856,NA,FALSE,"Bacteria","Desulfobacterota","Desulfovibrionia","Desulfovibrionales","Desulfovibrionaceae",NA,NA,NA
"545","sq56","E9",0.00884455467211321,"E9","TM3 27N1","TM","Internal",27,1.647954829,2.235,NA,FALSE,"Bacteria","Proteobacteria","Alphaproteobacteria","Sphingomonadales","Sphingomonadaceae",NA,NA,NA
"546","sq359","D9",0.00883718648834243,"D9","SB4 4N1","SB","Internal",4,1.337102689,1.856,NA,FALSE,"Bacteria","Myxococcota","Myxococcia","Myxococcales","Myxococcaceae",NA,NA,NA
"547","sq52","E11",0.00879339665685014,"E11","TM3 28N1","TM","Internal",28,1.477155617,2.427,0.039,FALSE,"Bacteria","Proteobacteria","Gammaproteobacteria","Thiotrichales","Thiotrichaceae",NA,NA,NA
"548","sq42","E3",0.00877267134417237,"E3","TM2 22N1","TM","Internal",22,1.027042307,1.612,NA,FALSE,"Bacteria","Chloroflexi","Anaerolineae","SBR1031","A4b",NA,NA,NA
"549","sq37","D6",0.00866238721371561,"D6","SB3 3E1","SB","External",3,0.711169545,0.121,0,FALSE,"Bacteria","Desulfobacterota","Desulfobulbia","Desulfobulbales","Desulfobulbaceae",NA,NA,NA
"550","sq159","D11",0.00866065260270132,"D11","SB4 5N1","SB","Internal",5,1.132759402,0.701,0,FALSE,"Bacteria","Proteobacteria","Gammaproteobacteria","Pseudomonadales","BD2-7",NA,NA,NA
"551","sq167","D11",0.00865064028755369,"D11","SB4 5N1","SB","Internal",5,1.132759402,0.701,0,FALSE,"Bacteria","Proteobacteria","Alphaproteobacteria","Caulobacterales","Hyphomonadaceae",NA,NA,NA
"552","sq112","D8",0.0086321470284203,"D8","SB4 3E1","SB","External",3,0.797997922,NA,0,FALSE,"Bacteria","Desulfobacterota","Desulfobacteria","Desulfobacterales","Desulfobacteraceae",NA,NA,NA
"553","sq125","E11",0.00862748351238127,"E11","TM3 28N1","TM","Internal",28,1.477155617,2.427,0.039,FALSE,"Bacteria","Bacteroidota","Bacteroidia","Flavobacteriales","Cryomorphaceae",NA,NA,NA
"554","sq210","E5",0.00859840288017771,"E5","TM2 23N1","TM","Internal",23,1.041089822,0.484,0,FALSE,"Bacteria","Calditrichota","Calditrichia","Calditrichales","Calditrichaceae",NA,NA,NA
"555","sq23","D1",0.00856323569847983,"D1","SB3 1N1 ","SB","Internal",1,1.016765819,NA,0,FALSE,"Bacteria","Proteobacteria","Gammaproteobacteria","Arenicellales","Arenicellaceae",NA,NA,NA
"556","sq484","D12",0.00855798531248905,"D12","SB4 5E1","SB","External",5,0.897520783,0.4,0,FALSE,"Bacteria","Bdellovibrionota","Bdellovibrionia","Bdellovibrionales","Bdellovibrionaceae",NA,NA,NA
"557","sq321","E10",0.00853751242617391,"E10","TM3 27E1","TM","External",27,0.830019021,0.233,NA,FALSE,"Bacteria","Chloroflexi","Anaerolineae","Anaerolineales","Anaerolineaceae",NA,NA,NA
"558","sq14","D4",0.00851399815450766,"D4","SB3 2E1","SB","External",2,0.652985075,0.136,NA,FALSE,"Bacteria","Cyanobacteria","Cyanobacteriia","Phormidesmiales","Phormidesmiaceae",NA,NA,NA
"559","sq49","D2",0.00847484987408794,"D2","SB3 1E2","SB","External",1,0.994590822,NA,0,FALSE,"Bacteria","Cyanobacteria","Cyanobacteriia","Cyanobacteriales","Phormidiaceae",NA,NA,NA
"560","sq105","D3",0.00847380513660456,"D3","SB3 2N1","SB","Internal",2,0.775372332,0.11,NA,FALSE,"Bacteria","Spirochaetota","Spirochaetia","Spirochaetales","Spirochaetaceae",NA,NA,NA
"561","sq267","E6",0.00840531350974636,"E6","TM2 23E1","TM","External",23,1.016192071,0.102,0,FALSE,"Bacteria","Proteobacteria","Alphaproteobacteria","Rhizobiales","Rhizobiales Incertae Sedis",NA,NA,NA
"562","sq98","D8",0.00839050061082844,"D8","SB4 3E1","SB","External",3,0.797997922,NA,0,FALSE,"Bacteria","Proteobacteria","Gammaproteobacteria","Pseudomonadales","Alcanivoracaceae1",NA,NA,NA
"563","sq46","D11",0.00839032009371527,"D11","SB4 5N1","SB","Internal",5,1.132759402,0.701,0,FALSE,"Bacteria","Desulfobacterota","Desulfobacteria","Desulfobacterales","Desulfosarcinaceae",NA,NA,NA
"564","sq52","E4",0.00835073068893528,"E4","TM2 22E1","TM","External",22,1.31061599,0.595,NA,FALSE,"Bacteria","Proteobacteria","Gammaproteobacteria","Thiotrichales","Thiotrichaceae",NA,NA,NA
"565","sq223","E2",0.00825637575683444,"E2","TM2 21E1","TM","External",21,3.767123288,NA,0,FALSE,"Bacteria","Proteobacteria","Alphaproteobacteria","Tistrellales","Geminicoccaceae",NA,NA,NA
"566","sq199","E5",0.00825370076025968,"E5","TM2 23N1","TM","Internal",23,1.041089822,0.484,0,FALSE,"Bacteria","Bacteroidota","Rhodothermia","Rhodothermales","Rhodothermaceae",NA,NA,NA
"567","sq359","D2",0.00820042616387938,"D2","SB3 1E2","SB","External",1,0.994590822,NA,0,FALSE,"Bacteria","Myxococcota","Myxococcia","Myxococcales","Myxococcaceae",NA,NA,NA
"568","sq97","D5",0.00816269932978969,"D5","SB3 3N1","SB","Internal",3,0.456230396,0,0,FALSE,"Bacteria","Proteobacteria","Gammaproteobacteria","Chromatiales","Chromatiaceae",NA,NA,NA
"569","sq167","D8",0.00816227899421391,"D8","SB4 3E1","SB","External",3,0.797997922,NA,0,FALSE,"Bacteria","Proteobacteria","Alphaproteobacteria","Caulobacterales","Hyphomonadaceae",NA,NA,NA
"570","sq484","D10",0.00810145565390321,"D10","SB4 4E1","SB","External",4,0.947375251,0.459,NA,FALSE,"Bacteria","Bdellovibrionota","Bdellovibrionia","Bdellovibrionales","Bdellovibrionaceae",NA,NA,NA
"571","sq90","D5",0.00809798936907788,"D5","SB3 3N1","SB","Internal",3,0.456230396,0,0,FALSE,"Bacteria","Proteobacteria","Gammaproteobacteria","Gammaproteobacteria Incertae Sedis","Unknown Family",NA,NA,NA
"572","sq1367","D3",0.00808708114379308,"D3","SB3 2N1","SB","Internal",2,0.775372332,0.11,NA,FALSE,"Bacteria","Proteobacteria","Alphaproteobacteria","Micavibrionales","Micavibrionaceae",NA,NA,NA
"573","sq159","E12",0.00808348321046702,"E12","TM3 28E1","TM","External",28,1.516085295,1.023,0,FALSE,"Bacteria","Proteobacteria","Gammaproteobacteria","Pseudomonadales","BD2-7",NA,NA,NA
"574","sq296","E3",0.00803065738679591,"E3","TM2 22N1","TM","Internal",22,1.027042307,1.612,NA,FALSE,"Bacteria","Proteobacteria","Gammaproteobacteria","Pseudomonadales","Hahellaceae",NA,NA,NA
"575","sq88","E3",0.00802126480505697,"E3","TM2 22N1","TM","Internal",22,1.027042307,1.612,NA,FALSE,"Bacteria","Bacteroidota","Bacteroidia","Bacteroidales","SB-5",NA,NA,NA
"576","sq45","E10",0.00801958114395983,"E10","TM3 27E1","TM","External",27,0.830019021,0.233,NA,FALSE,"Bacteria","Desulfobacterota","Desulfuromonadia","Desulfuromonadales","Geopsychrobacteraceae",NA,NA,NA
"577","sq52","E7",0.00800714334242427,"E7","TM3 26N1","TM","Internal",26,1.910828025,NA,0.056,FALSE,"Bacteria","Proteobacteria","Gammaproteobacteria","Thiotrichales","Thiotrichaceae",NA,NA,NA
"578","sq167","D9",0.00800333540433603,"D9","SB4 4N1","SB","Internal",4,1.337102689,1.856,NA,FALSE,"Bacteria","Proteobacteria","Alphaproteobacteria","Caulobacterales","Hyphomonadaceae",NA,NA,NA
"579","sq98","D11",0.00796980285751474,"D11","SB4 5N1","SB","Internal",5,1.132759402,0.701,0,FALSE,"Bacteria","Proteobacteria","Gammaproteobacteria","Pseudomonadales","Alcanivoracaceae1",NA,NA,NA
"580","sq46","D1",0.00796747541670486,"D1","SB3 1N1 ","SB","Internal",1,1.016765819,NA,0,FALSE,"Bacteria","Desulfobacterota","Desulfobacteria","Desulfobacterales","Desulfosarcinaceae",NA,NA,NA
"581","sq359","D8",0.0079474821785767,"D8","SB4 3E1","SB","External",3,0.797997922,NA,0,FALSE,"Bacteria","Myxococcota","Myxococcia","Myxococcales","Myxococcaceae",NA,NA,NA
"582","sq484","D5",0.00793159232724752,"D5","SB3 3N1","SB","Internal",3,0.456230396,0,0,FALSE,"Bacteria","Bdellovibrionota","Bdellovibrionia","Bdellovibrionales","Bdellovibrionaceae",NA,NA,NA
"583","sq296","E5",0.00788984852256841,"E5","TM2 23N1","TM","Internal",23,1.041089822,0.484,0,FALSE,"Bacteria","Proteobacteria","Gammaproteobacteria","Pseudomonadales","Hahellaceae",NA,NA,NA
"584","sq637","E3",0.00787098349723388,"E3","TM2 22N1","TM","Internal",22,1.027042307,1.612,NA,FALSE,"Bacteria","Planctomycetota","Phycisphaerae","Phycisphaerales","Phycisphaeraceae",NA,NA,NA
"585","sq48","D3",0.00785959644213927,"D3","SB3 2N1","SB","Internal",2,0.775372332,0.11,NA,FALSE,"Bacteria","Deinococcota","Deinococci","Deinococcales","Trueperaceae",NA,NA,NA
"586","sq6","D5",0.00785763808643402,"D5","SB3 3N1","SB","Internal",3,0.456230396,0,0,FALSE,"Bacteria","Cyanobacteria","Cyanobacteriia","Cyanobacteriales","Desertifilaceae",NA,NA,NA
"587","sq105","D10",0.00784879456208128,"D10","SB4 4E1","SB","External",4,0.947375251,0.459,NA,FALSE,"Bacteria","Spirochaetota","Spirochaetia","Spirochaetales","Spirochaetaceae",NA,NA,NA
"588","sq199","D9",0.00783166018115823,"D9","SB4 4N1","SB","Internal",4,1.337102689,1.856,NA,FALSE,"Bacteria","Bacteroidota","Rhodothermia","Rhodothermales","Rhodothermaceae",NA,NA,NA
"589","sq199","E3",0.00782402058853917,"E3","TM2 22N1","TM","Internal",22,1.027042307,1.612,NA,FALSE,"Bacteria","Bacteroidota","Rhodothermia","Rhodothermales","Rhodothermaceae",NA,NA,NA
"590","sq534","D12",0.00782244223651796,"D12","SB4 5E1","SB","External",5,0.897520783,0.4,0,FALSE,"Bacteria","Cyanobacteria","Cyanobacteriia","Cyanobacteriales","Paraspirulinaceae",NA,NA,NA
"591","sq37","D4",0.00777199608070699,"D4","SB3 2E1","SB","External",2,0.652985075,0.136,NA,FALSE,"Bacteria","Desulfobacterota","Desulfobulbia","Desulfobulbales","Desulfobulbaceae",NA,NA,NA
"592","sq183","E9",0.00773214676489897,"E9","TM3 27N1","TM","Internal",27,1.647954829,2.235,NA,FALSE,"Bacteria","Proteobacteria","Gammaproteobacteria","Ectothiorhodospirales","Ectothiorhodospiraceae",NA,NA,NA
"593","sq83","D7",0.00772758043708728,"D7","SB4 3N1","SB","Internal",3,0.947464318,NA,0,FALSE,"Bacteria","Myxococcota","Polyangia","Polyangiales","Sandaracinaceae",NA,NA,NA
"594","sq134","D6",0.00771102676827864,"D6","SB3 3E1","SB","External",3,0.711169545,0.121,0,FALSE,"Bacteria","Bacteroidota","Bacteroidia","Bacteroidales","Bacteroidetes BD2-2",NA,NA,NA
"595","sq321","E4",0.00770910344563406,"E4","TM2 22E1","TM","External",22,1.31061599,0.595,NA,FALSE,"Bacteria","Chloroflexi","Anaerolineae","Anaerolineales","Anaerolineaceae",NA,NA,NA
"596","sq359","D1",0.00767941550024223,"D1","SB3 1N1 ","SB","Internal",1,1.016765819,NA,0,FALSE,"Bacteria","Myxococcota","Myxococcia","Myxococcales","Myxococcaceae",NA,NA,NA
"597","sq45","E12",0.00766843884024745,"E12","TM3 28E1","TM","External",28,1.516085295,1.023,0,FALSE,"Bacteria","Desulfobacterota","Desulfuromonadia","Desulfuromonadales","Geopsychrobacteraceae",NA,NA,NA
"598","sq495","E4",0.00766122081553696,"E4","TM2 22E1","TM","External",22,1.31061599,0.595,NA,FALSE,"Bacteria","Acidobacteriota","Thermoanaerobaculia","Thermoanaerobaculales","Thermoanaerobaculaceae",NA,NA,NA
"599","sq83","E2",0.0076447923674393,"E2","TM2 21E1","TM","External",21,3.767123288,NA,0,FALSE,"Bacteria","Myxococcota","Polyangia","Polyangiales","Sandaracinaceae",NA,NA,NA
"600","sq484","D7",0.00763817041550114,"D7","SB4 3N1","SB","Internal",3,0.947464318,NA,0,FALSE,"Bacteria","Bdellovibrionota","Bdellovibrionia","Bdellovibrionales","Bdellovibrionaceae",NA,NA,NA
"601","sq45","D9",0.0076354599260979,"D9","SB4 4N1","SB","Internal",4,1.337102689,1.856,NA,FALSE,"Bacteria","Desulfobacterota","Desulfuromonadia","Desulfuromonadales","Geopsychrobacteraceae",NA,NA,NA
"602","sq19","D6",0.00763091220445237,"D6","SB3 3E1","SB","External",3,0.711169545,0.121,0,FALSE,"Bacteria","Desulfobacterota","Desulfovibrionia","Desulfovibrionales","Desulfovibrionaceae",NA,NA,NA
"603","sq418","E7",0.00762862383896422,"E7","TM3 26N1","TM","Internal",26,1.910828025,NA,0.056,FALSE,"Bacteria","Planctomycetota","Phycisphaerae","Phycisphaerales","AKAU3564 sediment group",NA,NA,NA
"604","sq199","E10",0.00762695581712013,"E10","TM3 27E1","TM","External",27,0.830019021,0.233,NA,FALSE,"Bacteria","Bacteroidota","Rhodothermia","Rhodothermales","Rhodothermaceae",NA,NA,NA
"605","sq83","E4",0.00761333818543985,"E4","TM2 22E1","TM","External",22,1.31061599,0.595,NA,FALSE,"Bacteria","Myxococcota","Polyangia","Polyangiales","Sandaracinaceae",NA,NA,NA
"606","sq321","E8",0.00757504136138029,"E8","TM3 26E1","TM","External",26,1.169004676,NA,0.034,FALSE,"Bacteria","Chloroflexi","Anaerolineae","Anaerolineales","Anaerolineaceae",NA,NA,NA
"607","sq261","D5",0.00754333256297666,"D5","SB3 3N1","SB","Internal",3,0.456230396,0,0,FALSE,"Bacteria","Desulfobacterota","Desulfobacteria","Desulfobacterales","Desulfococcaceae",NA,NA,NA
"608","sq42","E11",0.00750756978721639,"E11","TM3 28N1","TM","Internal",28,1.477155617,2.427,0.039,FALSE,"Bacteria","Chloroflexi","Anaerolineae","SBR1031","A4b",NA,NA,NA
"609","sq35","D7",0.00744657751210229,"D7","SB4 3N1","SB","Internal",3,0.947464318,NA,0,FALSE,"Bacteria","Bacteroidota","Bacteroidia","Cytophagales","Flammeovirgaceae",NA,NA,NA
"610","sq23","D5",0.0074416454818581,"D5","SB3 3N1","SB","Internal",3,0.456230396,0,0,FALSE,"Bacteria","Proteobacteria","Gammaproteobacteria","Arenicellales","Arenicellaceae",NA,NA,NA
"611","sq19","E12",0.00740162460224915,"E12","TM3 28E1","TM","External",28,1.516085295,1.023,0,FALSE,"Bacteria","Desulfobacterota","Desulfovibrionia","Desulfovibrionales","Desulfovibrionaceae",NA,NA,NA
"612","sq112","D10",0.00736792345183954,"D10","SB4 4E1","SB","External",4,0.947375251,0.459,NA,FALSE,"Bacteria","Desulfobacterota","Desulfobacteria","Desulfobacterales","Desulfobacteraceae",NA,NA,NA
"613","sq37","D1",0.00736516831864664,"D1","SB3 1N1 ","SB","Internal",1,1.016765819,NA,0,FALSE,"Bacteria","Desulfobacterota","Desulfobulbia","Desulfobulbales","Desulfobulbaceae",NA,NA,NA
"614","sq56","E8",0.00735050815410068,"E8","TM3 26E1","TM","External",26,1.169004676,NA,0.034,FALSE,"Bacteria","Proteobacteria","Alphaproteobacteria","Sphingomonadales","Sphingomonadaceae",NA,NA,NA
"615","sq66","D1",0.0072800597069645,"D1","SB3 1N1 ","SB","Internal",1,1.016765819,NA,0,FALSE,"Bacteria","Bacteroidota","Bacteroidia","Bacteroidales","Prolixibacteraceae",NA,NA,NA
"616","sq66","D6",0.00727039666723415,"D6","SB3 3E1","SB","External",3,0.711169545,0.121,0,FALSE,"Bacteria","Bacteroidota","Bacteroidia","Bacteroidales","Prolixibacteraceae",NA,NA,NA
"617","sq359","D3",0.00722263927750859,"D3","SB3 2N1","SB","Internal",2,0.775372332,0.11,NA,FALSE,"Bacteria","Myxococcota","Myxococcia","Myxococcales","Myxococcaceae",NA,NA,NA
"618","sq97","D10",0.0072212170114268,"D10","SB4 4E1","SB","External",4,0.947375251,0.459,NA,FALSE,"Bacteria","Proteobacteria","Gammaproteobacteria","Chromatiales","Chromatiaceae",NA,NA,NA
"619","sq125","E12",0.0071446923730656,"E12","TM3 28E1","TM","External",28,1.516085295,1.023,0,FALSE,"Bacteria","Bacteroidota","Bacteroidia","Flavobacteriales","Cryomorphaceae",NA,NA,NA
"620","sq1636","D11",0.00713878070026132,"D11","SB4 5N1","SB","Internal",5,1.132759402,0.701,0,FALSE,"Bacteria","Bdellovibrionota","Bdellovibrionia","Bacteriovoracales","Bacteriovoracaceae",NA,NA,NA
"621","sq321","E3",0.00713836212159636,"E3","TM2 22N1","TM","Internal",22,1.027042307,1.612,NA,FALSE,"Bacteria","Chloroflexi","Anaerolineae","Anaerolineales","Anaerolineaceae",NA,NA,NA
"622","sq42","E8",0.00713779248404632,"E8","TM3 26E1","TM","External",26,1.169004676,NA,0.034,FALSE,"Bacteria","Chloroflexi","Anaerolineae","SBR1031","A4b",NA,NA,NA
"623","sq630","E7",0.0070948142828026,"E7","TM3 26N1","TM","Internal",26,1.910828025,NA,0.056,FALSE,"Bacteria","Proteobacteria","Alphaproteobacteria","Rhodospirillales","Terasakiellaceae",NA,NA,NA
"624","sq75","D2",0.00709466003745076,"D2","SB3 1E2","SB","External",1,0.994590822,NA,0,FALSE,"Bacteria","Acidobacteriota","Holophagae","Acanthopleuribacterales","Acanthopleuribacteraceae",NA,NA,NA
"625","sq243","E9",0.00708476183529068,"E9","TM3 27N1","TM","Internal",27,1.647954829,2.235,NA,FALSE,"Bacteria","Proteobacteria","Gammaproteobacteria","Pseudomonadales","Pseudohongiellaceae",NA,NA,NA
"626","sq37","D5",0.0070811185578923,"D5","SB3 3N1","SB","Internal",3,0.456230396,0,0,FALSE,"Bacteria","Desulfobacterota","Desulfobulbia","Desulfobulbales","Desulfobulbaceae",NA,NA,NA
"627","sq167","D1",0.00707056158590078,"D1","SB3 1N1 ","SB","Internal",1,1.016765819,NA,0,FALSE,"Bacteria","Proteobacteria","Alphaproteobacteria","Caulobacterales","Hyphomonadaceae",NA,NA,NA
"628","sq418","E11",0.0070616782114563,"E11","TM3 28N1","TM","Internal",28,1.477155617,2.427,0.039,FALSE,"Bacteria","Planctomycetota","Phycisphaerae","Phycisphaerales","AKAU3564 sediment group",NA,NA,NA
"629","sq1301","E8",0.00705506972346963,"E8","TM3 26E1","TM","External",26,1.169004676,NA,0.034,FALSE,"Bacteria","Modulibacteria","Moduliflexia","Moduliflexales","Moduliflexaceae",NA,NA,NA
"630","sq98","D12",0.00700517215210564,"D12","SB4 5E1","SB","External",5,0.897520783,0.4,0,FALSE,"Bacteria","Proteobacteria","Gammaproteobacteria","Pseudomonadales","Alcanivoracaceae1",NA,NA,NA
"631","sq170","E1",0.00697796127231494,"E1","TM2 21N1","TM","Internal",21,0.632675847,NA,0,FALSE,"Bacteria","Desulfobacterota","Desulfobacteria","Desulfatiglandales","Desulfatiglandaceae",NA,NA,NA
"632","sq83","E11",0.00696835206769256,"E11","TM3 28N1","TM","Internal",28,1.477155617,2.427,0.039,FALSE,"Bacteria","Myxococcota","Polyangia","Polyangiales","Sandaracinaceae",NA,NA,NA
"633","sq46","D6",0.00693992409145077,"D6","SB3 3E1","SB","External",3,0.711169545,0.121,0,FALSE,"Bacteria","Desulfobacterota","Desulfobacteria","Desulfobacterales","Desulfosarcinaceae",NA,NA,NA
"634","sq45","E5",0.00689404239836075,"E5","TM2 23N1","TM","Internal",23,1.041089822,0.484,0,FALSE,"Bacteria","Desulfobacterota","Desulfuromonadia","Desulfuromonadales","Geopsychrobacteraceae",NA,NA,NA
"635","sq112","E5",0.00689404239836075,"E5","TM2 23N1","TM","Internal",23,1.041089822,0.484,0,FALSE,"Bacteria","Desulfobacterota","Desulfobacteria","Desulfobacterales","Desulfobacteraceae",NA,NA,NA
"636","sq267","E2",0.00686196562901352,"E2","TM2 21E1","TM","External",21,3.767123288,NA,0,FALSE,"Bacteria","Proteobacteria","Alphaproteobacteria","Rhizobiales","Rhizobiales Incertae Sedis",NA,NA,NA
"637","sq79","D8",0.00684664849843601,"D8","SB4 3E1","SB","External",3,0.797997922,NA,0,FALSE,"Bacteria","Bacteroidota","Rhodothermia","Balneolales","Balneolaceae",NA,NA,NA
"638","sq97","D3",0.0068359152846971,"D3","SB3 2N1","SB","Internal",2,0.775372332,0.11,NA,FALSE,"Bacteria","Proteobacteria","Gammaproteobacteria","Chromatiales","Chromatiaceae",NA,NA,NA
"639","sq349","E6",0.00683195708643957,"E6","TM2 23E1","TM","External",23,1.016192071,0.102,0,FALSE,"Bacteria","Verrucomicrobiota","Verrucomicrobiae","Verrucomicrobiales","Rubritaleaceae",NA,NA,NA
"640","sq1367","D9",0.00682613387397404,"D9","SB4 4N1","SB","Internal",4,1.337102689,1.856,NA,FALSE,"Bacteria","Proteobacteria","Alphaproteobacteria","Micavibrionales","Micavibrionaceae",NA,NA,NA
"641","sq222","D2",0.00681216504164783,"D2","SB3 1E2","SB","External",1,0.994590822,NA,0,FALSE,"Bacteria","Proteobacteria","Gammaproteobacteria","Enterobacterales","Vibrionaceae",NA,NA,NA
"642","sq125","D11",0.00680837430038948,"D11","SB4 5N1","SB","Internal",5,1.132759402,0.701,0,FALSE,"Bacteria","Bacteroidota","Bacteroidia","Flavobacteriales","Cryomorphaceae",NA,NA,NA
"643","sq19","E9",0.00679298271208695,"E9","TM3 27N1","TM","Internal",27,1.647954829,2.235,NA,FALSE,"Bacteria","Desulfobacterota","Desulfovibrionia","Desulfovibrionales","Desulfovibrionaceae",NA,NA,NA
"644","sq105","E6",0.00676860045194399,"E6","TM2 23E1","TM","External",23,1.016192071,0.102,0,FALSE,"Bacteria","Spirochaetota","Spirochaetia","Spirochaetales","Spirochaetaceae",NA,NA,NA
"645","sq105","E9",0.0067656284192866,"E9","TM3 27N1","TM","Internal",27,1.647954829,2.235,NA,FALSE,"Bacteria","Spirochaetota","Spirochaetia","Spirochaetales","Spirochaetaceae",NA,NA,NA
"646","sq105","D7",0.0067440701996398,"D7","SB4 3N1","SB","Internal",3,0.947464318,NA,0,FALSE,"Bacteria","Spirochaetota","Spirochaetia","Spirochaetales","Spirochaetaceae",NA,NA,NA
"647","sq261","E6",0.00672636269561361,"E6","TM2 23E1","TM","External",23,1.016192071,0.102,0,FALSE,"Bacteria","Desulfobacterota","Desulfobacteria","Desulfobacterales","Desulfococcaceae",NA,NA,NA
"648","sq112","D3",0.0067221729338702,"D3","SB3 2N1","SB","Internal",2,0.775372332,0.11,NA,FALSE,"Bacteria","Desulfobacterota","Desulfobacteria","Desulfobacterales","Desulfobacteraceae",NA,NA,NA
"649","sq446","E1",0.00671628772460313,"E1","TM2 21N1","TM","Internal",21,0.632675847,NA,0,FALSE,"Bacteria","Campylobacterota","Campylobacteria","Campylobacterales","Arcobacteraceae",NA,NA,NA
"650","sq329","E9",0.0067109198336859,"E9","TM3 27N1","TM","Internal",27,1.647954829,2.235,NA,FALSE,"Bacteria","Proteobacteria","Alphaproteobacteria","Kiloniellales","Kiloniellaceae",NA,NA,NA
"651","sq446","E7",0.00669688352275485,"E7","TM3 26N1","TM","Internal",26,1.910828025,NA,0.056,FALSE,"Bacteria","Campylobacterota","Campylobacteria","Campylobacterales","Arcobacteraceae",NA,NA,NA
"652","sq314","D10",0.0066751430387794,"D10","SB4 4E1","SB","External",4,0.947375251,0.459,NA,FALSE,"Bacteria","Desulfobacterota","Desulfuromonadia","Desulfuromonadales","Geoalkalibacteraceae",NA,NA,NA
"653","sq14","D3",0.00666530175845674,"D3","SB3 2N1","SB","Internal",2,0.775372332,0.11,NA,FALSE,"Bacteria","Cyanobacteria","Cyanobacteriia","Phormidesmiales","Phormidesmiaceae",NA,NA,NA
"654","sq199","D12",0.00663156297066,"D12","SB4 5E1","SB","External",5,0.897520783,0.4,0,FALSE,"Bacteria","Bacteroidota","Rhodothermia","Rhodothermales","Rhodothermaceae",NA,NA,NA
"655","sq321","E11",0.00661578663569621,"E11","TM3 28N1","TM","Internal",28,1.477155617,2.427,0.039,FALSE,"Bacteria","Chloroflexi","Anaerolineae","Anaerolineales","Anaerolineaceae",NA,NA,NA
"656","sq66","E9",0.00657414836968415,"E9","TM3 27N1","TM","Internal",27,1.647954829,2.235,NA,FALSE,"Bacteria","Bacteroidota","Bacteroidia","Bacteroidales","Prolixibacteraceae",NA,NA,NA
"657","sq352","D4",0.00656386449900591,"D4","SB3 2E1","SB","External",2,0.652985075,0.136,NA,FALSE,"Bacteria","Proteobacteria","Gammaproteobacteria","Enterobacterales","Alteromonadaceae",NA,NA,NA
"658","sq350","D10",0.00650398552496455,"D10","SB4 4E1","SB","External",4,0.947375251,0.459,NA,FALSE,"Bacteria","Bacteroidota","Bacteroidia","Cytophagales","Amoebophilaceae",NA,NA,NA
"659","sq42","E12",0.00650236180010673,"E12","TM3 28E1","TM","External",28,1.516085295,1.023,0,FALSE,"Bacteria","Chloroflexi","Anaerolineae","SBR1031","A4b",NA,NA,NA
"660","sq48","D10",0.00649583516716384,"D10","SB4 4E1","SB","External",4,0.947375251,0.459,NA,FALSE,"Bacteria","Deinococcota","Deinococci","Deinococcales","Trueperaceae",NA,NA,NA
"661","sq19","D7",0.00648861299510799,"D7","SB4 3N1","SB","Internal",3,0.947464318,NA,0,FALSE,"Bacteria","Desulfobacterota","Desulfovibrionia","Desulfovibrionales","Desulfovibrionaceae",NA,NA,NA
"662","sq183","E10",0.00646578729731762,"E10","TM3 27E1","TM","External",27,0.830019021,0.233,NA,FALSE,"Bacteria","Proteobacteria","Gammaproteobacteria","Ectothiorhodospirales","Ectothiorhodospiraceae",NA,NA,NA
"663","sq309","E9",0.00646473119848275,"E9","TM3 27N1","TM","Internal",27,1.647954829,2.235,NA,FALSE,"Bacteria","Proteobacteria","Gammaproteobacteria","Pseudomonadales","KI89A clade",NA,NA,NA
"664","sq350","D12",0.00645643366685736,"D12","SB4 5E1","SB","External",5,0.897520783,0.4,0,FALSE,"Bacteria","Bacteroidota","Bacteroidia","Cytophagales","Amoebophilaceae",NA,NA,NA
"665","sq323","E7",0.00645424281540866,"E7","TM3 26N1","TM","Internal",26,1.910828025,NA,0.056,FALSE,"Bacteria","Campylobacterota","Campylobacteria","Campylobacterales","Sulfurimonadaceae",NA,NA,NA
"666","sq1367","D1",0.00643552040642635,"D1","SB3 1N1 ","SB","Internal",1,1.016765819,NA,0,FALSE,"Bacteria","Proteobacteria","Alphaproteobacteria","Micavibrionales","Micavibrionaceae",NA,NA,NA
"667","sq199","E2",0.00640939392086111,"E2","TM2 21E1","TM","External",21,3.767123288,NA,0,FALSE,"Bacteria","Bacteroidota","Rhodothermia","Rhodothermales","Rhodothermaceae",NA,NA,NA
"668","sq1636","D1",0.00635695861102746,"D1","SB3 1N1 ","SB","Internal",1,1.016765819,NA,0,FALSE,"Bacteria","Bdellovibrionota","Bdellovibrionia","Bacteriovoracales","Bacteriovoracaceae",NA,NA,NA
"669","sq165","E5",0.00633868898293725,"E5","TM2 23N1","TM","Internal",23,1.041089822,0.484,0,FALSE,"Bacteria","Proteobacteria","Gammaproteobacteria","Chromatiales","Sedimenticolaceae",NA,NA,NA
"670","sq807","E8",0.00632238241550461,"E8","TM3 26E1","TM","External",26,1.169004676,NA,0.034,FALSE,"Bacteria","Proteobacteria","Gammaproteobacteria","Thiomicrospirales","Thiomicrospiraceae",NA,NA,NA
"671","sq37","D9",0.00631928321506818,"D9","SB4 4N1","SB","Internal",4,1.337102689,1.856,NA,FALSE,"Bacteria","Desulfobacterota","Desulfobulbia","Desulfobulbales","Desulfobulbaceae",NA,NA,NA
"672","sq19","D11",0.00631777085815553,"D11","SB4 5N1","SB","Internal",5,1.132759402,0.701,0,FALSE,"Bacteria","Desulfobacterota","Desulfovibrionia","Desulfovibrionales","Desulfovibrionaceae",NA,NA,NA
"673","sq534","D9",0.00629475818318564,"D9","SB4 4N1","SB","Internal",4,1.337102689,1.856,NA,FALSE,"Bacteria","Cyanobacteria","Cyanobacteriia","Cyanobacteriales","Paraspirulinaceae",NA,NA,NA
"674","sq223","E6",0.00628286625414458,"E6","TM2 23E1","TM","External",23,1.016192071,0.102,0,FALSE,"Bacteria","Proteobacteria","Alphaproteobacteria","Tistrellales","Geminicoccaceae",NA,NA,NA
"675","sq66","D10",0.00626762514874403,"D10","SB4 4E1","SB","External",4,0.947375251,0.459,NA,FALSE,"Bacteria","Bacteroidota","Bacteroidia","Bacteroidales","Prolixibacteraceae",NA,NA,NA
"676","sq165","E10",0.00626529776871862,"E10","TM3 27E1","TM","External",27,0.830019021,0.233,NA,FALSE,"Bacteria","Proteobacteria","Gammaproteobacteria","Chromatiales","Sedimenticolaceae",NA,NA,NA
"677","sq19","D4",0.00624994054470563,"D4","SB3 2E1","SB","External",2,0.652985075,0.136,NA,FALSE,"Bacteria","Desulfobacterota","Desulfovibrionia","Desulfovibrionales","Desulfovibrionaceae",NA,NA,NA
"678","sq280","E5",0.00624293839407112,"E5","TM2 23N1","TM","Internal",23,1.041089822,0.484,0,FALSE,"Bacteria","Proteobacteria","Alphaproteobacteria","Defluviicoccales","Defluviicoccaceae",NA,NA,NA
"679","sq19","D2",0.0062391037644476,"D2","SB3 1E2","SB","External",1,0.994590822,NA,0,FALSE,"Bacteria","Desulfobacterota","Desulfovibrionia","Desulfovibrionales","Desulfovibrionaceae",NA,NA,NA
"680","sq747","E4",0.00621516538660436,"E4","TM2 22E1","TM","External",22,1.31061599,0.595,NA,FALSE,"Bacteria","Verrucomicrobiota","Kiritimatiellae","Kiritimatiellales","Kiritimatiellaceae",NA,NA,NA
"681","sq484","E9",0.00620030636807936,"E9","TM3 27N1","TM","Internal",27,1.647954829,2.235,NA,FALSE,"Bacteria","Bdellovibrionota","Bdellovibrionia","Bdellovibrionales","Bdellovibrionaceae",NA,NA,NA
"682","sq165","E9",0.00617295207527901,"E9","TM3 27N1","TM","Internal",27,1.647954829,2.235,NA,FALSE,"Bacteria","Proteobacteria","Gammaproteobacteria","Chromatiales","Sedimenticolaceae",NA,NA,NA
"683","sq56","E6",0.00616671242423602,"E6","TM2 23E1","TM","External",23,1.016192071,0.102,0,FALSE,"Bacteria","Proteobacteria","Alphaproteobacteria","Sphingomonadales","Sphingomonadaceae",NA,NA,NA
"684","sq1346","E12",0.00616637350040516,"E12","TM3 28E1","TM","External",28,1.516085295,1.023,0,FALSE,"Bacteria","Desulfobacterota","Desulfobulbia","Desulfobulbales","Desulfurivibrionaceae",NA,NA,NA
"685","sq359","D10",0.00616167049733483,"D10","SB4 4E1","SB","External",4,0.947375251,0.459,NA,FALSE,"Bacteria","Myxococcota","Myxococcia","Myxococcales","Myxococcaceae",NA,NA,NA
"686","sq349","E7",0.00615336833829938,"E7","TM3 26N1","TM","Internal",26,1.910828025,NA,0.056,FALSE,"Bacteria","Verrucomicrobiota","Verrucomicrobiae","Verrucomicrobiales","Rubritaleaceae",NA,NA,NA
"687","sq56","E7",0.00614366271000553,"E7","TM3 26N1","TM","Internal",26,1.910828025,NA,0.056,FALSE,"Bacteria","Proteobacteria","Alphaproteobacteria","Sphingomonadales","Sphingomonadaceae",NA,NA,NA
"688","sq88","D11",0.00613754918549816,"D11","SB4 5N1","SB","Internal",5,1.132759402,0.701,0,FALSE,"Bacteria","Bacteroidota","Bacteroidia","Bacteroidales","SB-5",NA,NA,NA
"689","sq405","D5",0.00611046914721516,"D5","SB3 3N1","SB","Internal",3,0.456230396,0,0,FALSE,"Bacteria","Firmicutes","Bacilli","Izemoplasmatales","Izemoplasmataceae",NA,NA,NA
"690","sq321","E9",0.00608177109927785,"E9","TM3 27N1","TM","Internal",27,1.647954829,2.235,NA,FALSE,"Bacteria","Chloroflexi","Anaerolineae","Anaerolineales","Anaerolineaceae",NA,NA,NA
"691","sq35","E10",0.00608151570083621,"E10","TM3 27E1","TM","External",27,0.830019021,0.233,NA,FALSE,"Bacteria","Bacteroidota","Bacteroidia","Cytophagales","Flammeovirgaceae",NA,NA,NA
"692","sq183","E2",0.00607913889058773,"E2","TM2 21E1","TM","External",21,3.767123288,NA,0,FALSE,"Bacteria","Proteobacteria","Gammaproteobacteria","Ectothiorhodospirales","Ectothiorhodospiraceae",NA,NA,NA
"693","sq495","E11",0.00607656891617238,"E11","TM3 28N1","TM","Internal",28,1.477155617,2.427,0.039,FALSE,"Bacteria","Acidobacteriota","Thermoanaerobaculia","Thermoanaerobaculales","Thermoanaerobaculaceae",NA,NA,NA
"694","sq269","E10",0.00605645450976133,"E10","TM3 27E1","TM","External",27,0.830019021,0.233,NA,FALSE,"Bacteria","Desulfobacterota","Desulfuromonadia","Desulfuromonadales","Sva1033",NA,NA,NA
"695","sq45","D6",0.0060486495688835,"D6","SB3 3E1","SB","External",3,0.711169545,0.121,0,FALSE,"Bacteria","Desulfobacterota","Desulfuromonadia","Desulfuromonadales","Geopsychrobacteraceae",NA,NA,NA
"696","sq105","E2",0.00604244388722402,"E2","TM2 21E1","TM","External",21,3.767123288,NA,0,FALSE,"Bacteria","Spirochaetota","Spirochaetia","Spirochaetales","Spirochaetaceae",NA,NA,NA
"697","sq199","D11",0.00602741371887422,"D11","SB4 5N1","SB","Internal",5,1.132759402,0.701,0,FALSE,"Bacteria","Bacteroidota","Rhodothermia","Rhodothermales","Rhodothermaceae",NA,NA,NA
"698","sq222","D3",0.00601697035874337,"D3","SB3 2N1","SB","Internal",2,0.775372332,0.11,NA,FALSE,"Bacteria","Proteobacteria","Gammaproteobacteria","Enterobacterales","Vibrionaceae",NA,NA,NA
"699","sq83","E1",0.00598941675873699,"E1","TM2 21N1","TM","Internal",21,0.632675847,NA,0,FALSE,"Bacteria","Myxococcota","Polyangia","Polyangiales","Sandaracinaceae",NA,NA,NA
"700","sq349","E4",0.00597575223611883,"E4","TM2 22E1","TM","External",22,1.31061599,0.595,NA,FALSE,"Bacteria","Verrucomicrobiota","Verrucomicrobiae","Verrucomicrobiales","Rubritaleaceae",NA,NA,NA
"701","sq112","E6",0.0059660830816667,"E6","TM2 23E1","TM","External",23,1.016192071,0.102,0,FALSE,"Bacteria","Desulfobacterota","Desulfobacteria","Desulfobacterales","Desulfobacteraceae",NA,NA,NA
"702","sq359","D4",0.00596455513170537,"D4","SB3 2E1","SB","External",2,0.652985075,0.136,NA,FALSE,"Bacteria","Myxococcota","Myxococcia","Myxococcales","Myxococcaceae",NA,NA,NA
"703","sq378","D1",0.00596414963403297,"D1","SB3 1N1 ","SB","Internal",1,1.016765819,NA,0,FALSE,"Bacteria","Proteobacteria","Gammaproteobacteria","Enterobacterales","Pseudoalteromonadaceae",NA,NA,NA
"704","sq583","E7",0.00595925577242243,"E7","TM3 26N1","TM","Internal",26,1.910828025,NA,0.056,FALSE,"Bacteria","Campylobacterota","Campylobacteria","Campylobacterales","Sulfurovaceae",NA,NA,NA
"705","sq314","D7",0.00595215286559119,"D7","SB4 3N1","SB","Internal",3,0.947464318,NA,0,FALSE,"Bacteria","Desulfobacterota","Desulfuromonadia","Desulfuromonadales","Geoalkalibacteraceae",NA,NA,NA
"706","sq222","D1",0.00593141555261676,"D1","SB3 1N1 ","SB","Internal",1,1.016765819,NA,0,FALSE,"Bacteria","Proteobacteria","Gammaproteobacteria","Enterobacterales","Vibrionaceae",NA,NA,NA
"707","sq56","E10",0.00584761125080405,"E10","TM3 27E1","TM","External",27,0.830019021,0.233,NA,FALSE,"Bacteria","Proteobacteria","Alphaproteobacteria","Sphingomonadales","Sphingomonadaceae",NA,NA,NA
"708","sq125","D10",0.00583565618530653,"D10","SB4 4E1","SB","External",4,0.947375251,0.459,NA,FALSE,"Bacteria","Bacteroidota","Bacteroidia","Flavobacteriales","Cryomorphaceae",NA,NA,NA
"709","sq45","D3",0.00582360836233763,"D3","SB3 2N1","SB","Internal",2,0.775372332,0.11,NA,FALSE,"Bacteria","Desulfobacterota","Desulfuromonadia","Desulfuromonadales","Geopsychrobacteraceae",NA,NA,NA
"710","sq210","E12",0.00582050319188885,"E12","TM3 28E1","TM","External",28,1.516085295,1.023,0,FALSE,"Bacteria","Calditrichota","Calditrichia","Calditrichales","Calditrichaceae",NA,NA,NA
"711","sq637","E5",0.00578333556751374,"E5","TM2 23N1","TM","Internal",23,1.041089822,0.484,0,FALSE,"Bacteria","Planctomycetota","Phycisphaerae","Phycisphaerales","Phycisphaeraceae",NA,NA,NA
"712","sq600","E7",0.00576514320654548,"E7","TM3 26N1","TM","Internal",26,1.910828025,NA,0.056,FALSE,"Bacteria","Proteobacteria","Gammaproteobacteria","Enterobacterales","Colwelliaceae",NA,NA,NA
"713","sq37","E10",0.00575572021686284,"E10","TM3 27E1","TM","External",27,0.830019021,0.233,NA,FALSE,"Bacteria","Desulfobacterota","Desulfobulbia","Desulfobulbales","Desulfobulbaceae",NA,NA,NA
"714","sq125","E10",0.00574736648650455,"E10","TM3 27E1","TM","External",27,0.830019021,0.233,NA,FALSE,"Bacteria","Bacteroidota","Bacteroidia","Flavobacteriales","Cryomorphaceae",NA,NA,NA
"715","sq261","D1",0.00574155788040276,"D1","SB3 1N1 ","SB","Internal",1,1.016765819,NA,0,FALSE,"Bacteria","Desulfobacterota","Desulfobacteria","Desulfobacterales","Desulfococcaceae",NA,NA,NA
"716","sq97","D9",0.00572250743925967,"D9","SB4 4N1","SB","Internal",4,1.337102689,1.856,NA,FALSE,"Bacteria","Proteobacteria","Gammaproteobacteria","Chromatiales","Chromatiaceae",NA,NA,NA
"717","sq280","E3",0.00571068969727709,"E3","TM2 22N1","TM","Internal",22,1.027042307,1.612,NA,FALSE,"Bacteria","Proteobacteria","Alphaproteobacteria","Defluviicoccales","Defluviicoccaceae",NA,NA,NA
"718","sq52","D7",0.00570946852128597,"D7","SB4 3N1","SB","Internal",3,0.947464318,NA,0,FALSE,"Bacteria","Proteobacteria","Gammaproteobacteria","Thiotrichales","Thiotrichaceae",NA,NA,NA
"719","sq88","D6",0.00570816267262185,"D6","SB3 3E1","SB","External",3,0.711169545,0.121,0,FALSE,"Bacteria","Bacteroidota","Bacteroidia","Bacteroidales","SB-5",NA,NA,NA
"720","sq352","D6",0.00569814835214357,"D6","SB3 3E1","SB","External",3,0.711169545,0.121,0,FALSE,"Bacteria","Proteobacteria","Gammaproteobacteria","Enterobacterales","Alteromonadaceae",NA,NA,NA
"721","sq349","E10",0.00568053664363822,"E10","TM3 27E1","TM","External",27,0.830019021,0.233,NA,FALSE,"Bacteria","Verrucomicrobiota","Verrucomicrobiae","Verrucomicrobiales","Rubritaleaceae",NA,NA,NA
"722","sq1367","D7",0.0056711499406062,"D7","SB4 3N1","SB","Internal",3,0.947464318,NA,0,FALSE,"Bacteria","Proteobacteria","Alphaproteobacteria","Micavibrionales","Micavibrionaceae",NA,NA,NA
"723","sq321","E7",0.005668086923607,"E7","TM3 26N1","TM","Internal",26,1.910828025,NA,0.056,FALSE,"Bacteria","Chloroflexi","Anaerolineae","Anaerolineales","Anaerolineaceae",NA,NA,NA
"724","sq125","D5",0.00562976658192743,"D5","SB3 3N1","SB","Internal",3,0.456230396,0,0,FALSE,"Bacteria","Bacteroidota","Bacteroidia","Flavobacteriales","Cryomorphaceae",NA,NA,NA
"725","sq350","D11",0.00562692111296895,"D11","SB4 5N1","SB","Internal",5,1.132759402,0.701,0,FALSE,"Bacteria","Bacteroidota","Bacteroidia","Cytophagales","Amoebophilaceae",NA,NA,NA
"726","sq278","E2",0.00562656718243533,"E2","TM2 21E1","TM","External",21,3.767123288,NA,0,FALSE,"Bacteria","Firmicutes","Clostridia","Peptostreptococcales-Tissierellales","Clostridium sensu stricto",NA,NA,NA
"727","sq349","D4",0.00561257978900505,"D4","SB3 2E1","SB","External",2,0.652985075,0.136,NA,FALSE,"Bacteria","Verrucomicrobiota","Verrucomicrobiae","Verrucomicrobiales","Rubritaleaceae",NA,NA,NA
"728","sq171","D1",0.00560407473845469,"D1","SB3 1N1 ","SB","Internal",1,1.016765819,NA,0,FALSE,"Bacteria","Fibrobacterota","Fibrobacteria","Fibrobacterales","MAT-CR-H6-H10",NA,NA,NA
"729","sq125","E8",0.0055660600330891,"E8","TM3 26E1","TM","External",26,1.169004676,NA,0.034,FALSE,"Bacteria","Bacteroidota","Bacteroidia","Flavobacteriales","Cryomorphaceae",NA,NA,NA
"730","sq280","E2",0.00556540884349581,"E2","TM2 21E1","TM","External",21,3.767123288,NA,0,FALSE,"Bacteria","Proteobacteria","Alphaproteobacteria","Defluviicoccales","Defluviicoccaceae",NA,NA,NA
"731","sq243","E10",0.00556358441862214,"E10","TM3 27E1","TM","External",27,0.830019021,0.233,NA,FALSE,"Bacteria","Proteobacteria","Gammaproteobacteria","Pseudomonadales","Pseudohongiellaceae",NA,NA,NA
"732","sq159","E11",0.00555809033970716,"E11","TM3 28N1","TM","Internal",28,1.477155617,2.427,0.039,FALSE,"Bacteria","Proteobacteria","Gammaproteobacteria","Pseudomonadales","BD2-7",NA,NA,NA
"733","sq23","D9",0.00553448219482685,"D9","SB4 4N1","SB","Internal",4,1.337102689,1.856,NA,FALSE,"Bacteria","Proteobacteria","Gammaproteobacteria","Arenicellales","Arenicellaceae",NA,NA,NA
"734","sq134","E9",0.00550733095047049,"E9","TM3 27N1","TM","Internal",27,1.647954829,2.235,NA,FALSE,"Bacteria","Bacteroidota","Bacteroidia","Bacteroidales","Bacteroidetes BD2-2",NA,NA,NA
"735","sq418","E4",0.00548734940912834,"E4","TM2 22E1","TM","External",22,1.31061599,0.595,NA,FALSE,"Bacteria","Planctomycetota","Phycisphaerae","Phycisphaerales","AKAU3564 sediment group",NA,NA,NA
"736","sq280","E9",0.00547997665767014,"E9","TM3 27N1","TM","Internal",27,1.647954829,2.235,NA,FALSE,"Bacteria","Proteobacteria","Alphaproteobacteria","Defluviicoccales","Defluviicoccaceae",NA,NA,NA
"737","sq14","D1",0.0054796852290731,"D1","SB3 1N1 ","SB","Internal",1,1.016765819,NA,0,FALSE,"Bacteria","Cyanobacteria","Cyanobacteriia","Phormidesmiales","Phormidesmiaceae",NA,NA,NA
"738","sq48","D4",0.00547939992960493,"D4","SB3 2E1","SB","External",2,0.652985075,0.136,NA,FALSE,"Bacteria","Deinococcota","Deinococci","Deinococcales","Trueperaceae",NA,NA,NA
"739","sq14","D6",0.00547783330162132,"D6","SB3 3E1","SB","External",3,0.711169545,0.121,0,FALSE,"Bacteria","Cyanobacteria","Cyanobacteriia","Phormidesmiales","Phormidesmiaceae",NA,NA,NA
"740","sq104","D3",0.00547100707477422,"D3","SB3 2N1","SB","Internal",2,0.775372332,0.11,NA,FALSE,"Bacteria","Cyanobacteria","Cyanobacteriia","Phormidesmiales","Nodosilineaceae",NA,NA,NA
"741","sq440","E10",0.00545498592396435,"E10","TM3 27E1","TM","External",27,0.830019021,0.233,NA,FALSE,"Bacteria","Fusobacteriota","Fusobacteriia","Fusobacteriales","Fusobacteriaceae",NA,NA,NA
"742","sq159","E10",0.00544663219360605,"E10","TM3 27E1","TM","External",27,0.830019021,0.233,NA,FALSE,"Bacteria","Proteobacteria","Gammaproteobacteria","Pseudomonadales","BD2-7",NA,NA,NA
"743","sq170","E12",0.00544498685692828,"E12","TM3 28E1","TM","External",28,1.516085295,1.023,0,FALSE,"Bacteria","Desulfobacterota","Desulfobacteria","Desulfatiglandales","Desulfatiglandaceae",NA,NA,NA
"744","sq83","D8",0.00543704439581683,"D8","SB4 3E1","SB","External",3,0.797997922,NA,0,FALSE,"Bacteria","Myxococcota","Polyangia","Polyangiales","Sandaracinaceae",NA,NA,NA
"745","sq309","D4",0.00543183569410489,"D4","SB3 2E1","SB","External",2,0.652985075,0.136,NA,FALSE,"Bacteria","Proteobacteria","Gammaproteobacteria","Pseudomonadales","KI89A clade",NA,NA,NA
"746","sq637","E10",0.00542157100253118,"E10","TM3 27E1","TM","External",27,0.830019021,0.233,NA,FALSE,"Bacteria","Planctomycetota","Phycisphaerae","Phycisphaerales","Phycisphaeraceae",NA,NA,NA
"747","sq405","E7",0.00541574058796696,"E7","TM3 26N1","TM","Internal",26,1.910828025,NA,0.056,FALSE,"Bacteria","Firmicutes","Bacilli","Izemoplasmatales","Izemoplasmataceae",NA,NA,NA
"748","sq171","D5",0.00540790385948694,"D5","SB3 3N1","SB","Internal",3,0.456230396,0,0,FALSE,"Bacteria","Fibrobacterota","Fibrobacteria","Fibrobacterales","MAT-CR-H6-H10",NA,NA,NA
"749","sq88","D9",0.00539550701415912,"D9","SB4 4N1","SB","Internal",4,1.337102689,1.856,NA,FALSE,"Bacteria","Bacteroidota","Bacteroidia","Bacteroidales","SB-5",NA,NA,NA
"750","sq112","D2",0.00539161877703881,"D2","SB3 1E2","SB","External",1,0.994590822,NA,0,FALSE,"Bacteria","Desulfobacterota","Desulfobacteria","Desulfobacterales","Desulfobacteraceae",NA,NA,NA
"751","sq37","D2",0.00539161877703881,"D2","SB3 1E2","SB","External",1,0.994590822,NA,0,FALSE,"Bacteria","Desulfobacterota","Desulfobulbia","Desulfobulbales","Desulfobulbaceae",NA,NA,NA
"752","sq98","D10",0.00537108579066621,"D10","SB4 4E1","SB","External",4,0.947375251,0.459,NA,FALSE,"Bacteria","Proteobacteria","Gammaproteobacteria","Pseudomonadales","Alcanivoracaceae1",NA,NA,NA
"753","sq466","D5",0.00537092673908019,"D5","SB3 3N1","SB","Internal",3,0.456230396,0,0,FALSE,"Bacteria","Firmicutes","Clostridia","Oscillospirales","Hungateiclostridiaceae",NA,NA,NA
"754","sq35","D5",0.00535243817887682,"D5","SB3 3N1","SB","Internal",3,0.456230396,0,0,FALSE,"Bacteria","Bacteroidota","Bacteroidia","Cytophagales","Flammeovirgaceae",NA,NA,NA
"755","sq352","D2",0.00535126234906696,"D2","SB3 1E2","SB","External",1,0.994590822,NA,0,FALSE,"Bacteria","Proteobacteria","Gammaproteobacteria","Enterobacterales","Alteromonadaceae",NA,NA,NA
"756","sq269","E5",0.00534288285872958,"E5","TM2 23N1","TM","Internal",23,1.041089822,0.484,0,FALSE,"Bacteria","Desulfobacterota","Desulfuromonadia","Desulfuromonadales","Sva1033",NA,NA,NA
"757","sq261","E4",0.00532454846679818,"E4","TM2 22E1","TM","External",22,1.31061599,0.595,NA,FALSE,"Bacteria","Desulfobacterota","Desulfobacteria","Desulfobacterales","Desulfococcaceae",NA,NA,NA
"758","sq816","D5",0.00531546105847007,"D5","SB3 3N1","SB","Internal",3,0.456230396,0,0,FALSE,"Bacteria","Proteobacteria","Alphaproteobacteria","Rhodospirillales","Rhodospirillaceae",NA,NA,NA
"759","sq19","D8",0.00530279638604358,"D8","SB4 3E1","SB","External",3,0.797997922,NA,0,FALSE,"Bacteria","Desulfobacterota","Desulfovibrionia","Desulfovibrionales","Desulfovibrionaceae",NA,NA,NA
"760","sq283","D8",0.00530279638604358,"D8","SB4 3E1","SB","External",3,0.797997922,NA,0,FALSE,"Bacteria","Cyanobacteria","Cyanobacteriia","Oxyphotobacteria Incertae Sedis","Unknown Family",NA,NA,NA
"761","sq484","E11",0.00529885105147455,"E11","TM3 28N1","TM","Internal",28,1.477155617,2.427,0.039,FALSE,"Bacteria","Bdellovibrionota","Bdellovibrionia","Bdellovibrionales","Bdellovibrionaceae",NA,NA,NA
"762","sq49","E8",0.00529425667690853,"E8","TM3 26E1","TM","External",26,1.169004676,NA,0.034,FALSE,"Bacteria","Cyanobacteria","Cyanobacteriia","Cyanobacteriales","Phormidiaceae",NA,NA,NA
"763","sq350","D3",0.00528901931345117,"D3","SB3 2N1","SB","Internal",2,0.775372332,0.11,NA,FALSE,"Bacteria","Bacteroidota","Bacteroidia","Cytophagales","Amoebophilaceae",NA,NA,NA
"764","sq159","D2",0.005286692064312,"D2","SB3 1E2","SB","External",1,0.994590822,NA,0,FALSE,"Bacteria","Proteobacteria","Gammaproteobacteria","Pseudomonadales","BD2-7",NA,NA,NA
"765","sq88","E6",0.00527971954129797,"E6","TM2 23E1","TM","External",23,1.016192071,0.102,0,FALSE,"Bacteria","Bacteroidota","Bacteroidia","Bacteroidales","SB-5",NA,NA,NA
"766","sq352","D3",0.00526627084328579,"D3","SB3 2N1","SB","Internal",2,0.775372332,0.11,NA,FALSE,"Bacteria","Proteobacteria","Gammaproteobacteria","Enterobacterales","Alteromonadaceae",NA,NA,NA
"767","sq167","D5",0.00525999537785995,"D5","SB3 3N1","SB","Internal",3,0.456230396,0,0,FALSE,"Bacteria","Proteobacteria","Alphaproteobacteria","Caulobacterales","Hyphomonadaceae",NA,NA,NA
"768","sq389","D10",0.00525698078145631,"D10","SB4 4E1","SB","External",4,0.947375251,0.459,NA,FALSE,"Bacteria","Bacteroidota","Ignavibacteria","Ignavibacteriales","Melioribacteraceae",NA,NA,NA
"769","sq159","E5",0.00522798215209024,"E5","TM2 23N1","TM","Internal",23,1.041089822,0.484,0,FALSE,"Bacteria","Proteobacteria","Gammaproteobacteria","Pseudomonadales","BD2-7",NA,NA,NA
"770","sq56","E11",0.00520552490771081,"E11","TM3 28N1","TM","Internal",28,1.477155617,2.427,0.039,FALSE,"Bacteria","Proteobacteria","Alphaproteobacteria","Sphingomonadales","Sphingomonadaceae",NA,NA,NA
"771","sq98","D1",0.00519817212889372,"D1","SB3 1N1 ","SB","Internal",1,1.016765819,NA,0,FALSE,"Bacteria","Proteobacteria","Gammaproteobacteria","Pseudomonadales","Alcanivoracaceae1",NA,NA,NA
"772","sq321","D11",0.00519639156162079,"D11","SB4 5N1","SB","Internal",5,1.132759402,0.701,0,FALSE,"Bacteria","Chloroflexi","Anaerolineae","Anaerolineales","Anaerolineaceae",NA,NA,NA
"773","sq56","E5",0.00518968191654379,"E5","TM2 23N1","TM","Internal",23,1.041089822,0.484,0,FALSE,"Bacteria","Proteobacteria","Alphaproteobacteria","Sphingomonadales","Sphingomonadaceae",NA,NA,NA
"774","sq170","E4",0.00517132405048745,"E4","TM2 22E1","TM","External",22,1.31061599,0.595,NA,FALSE,"Bacteria","Desulfobacterota","Desulfobacteria","Desulfatiglandales","Desulfatiglandaceae",NA,NA,NA
"775","sq83","D9",0.00516660671658873,"D9","SB4 4N1","SB","Internal",4,1.337102689,1.856,NA,FALSE,"Bacteria","Myxococcota","Polyangia","Polyangiales","Sandaracinaceae",NA,NA,NA
"776","sq844","E10",0.00514589790070756,"E10","TM3 27E1","TM","External",27,0.830019021,0.233,NA,FALSE,"Bacteria","Proteobacteria","Gammaproteobacteria","Pseudomonadales","Microbulbiferaceae",NA,NA,NA
"777","sq98","D7",0.0051346898110894,"D7","SB4 3N1","SB","Internal",3,0.947464318,NA,0,FALSE,"Bacteria","Proteobacteria","Gammaproteobacteria","Pseudomonadales","Alcanivoracaceae1",NA,NA,NA
"778","sq45","E11",0.00513293790700568,"E11","TM3 28N1","TM","Internal",28,1.477155617,2.427,0.039,FALSE,"Bacteria","Desulfobacterota","Desulfuromonadia","Desulfuromonadales","Geopsychrobacteraceae",NA,NA,NA
"779","sq159","D9",0.00511755665282365,"D9","SB4 4N1","SB","Internal",4,1.337102689,1.856,NA,FALSE,"Bacteria","Proteobacteria","Gammaproteobacteria","Pseudomonadales","BD2-7",NA,NA,NA
"780","sq112","E9",0.00511525275366548,"E9","TM3 27N1","TM","Internal",27,1.647954829,2.235,NA,FALSE,"Bacteria","Desulfobacterota","Desulfobacteria","Desulfobacterales","Desulfobacteraceae",NA,NA,NA
"781","sq45","D5",0.00511208689623296,"D5","SB3 3N1","SB","Internal",3,0.456230396,0,0,FALSE,"Bacteria","Desulfobacterota","Desulfuromonadia","Desulfuromonadales","Geopsychrobacteraceae",NA,NA,NA
"782","sq2138","D5",0.00511208689623296,"D5","SB3 3N1","SB","Internal",3,0.456230396,0,0,FALSE,"Bacteria","Cloacimonadota","Cloacimonadia","Cloacimonadales","MSBL8",NA,NA,NA
"783","sq11","D7",0.00510914409063622,"D7","SB4 3N1","SB","Internal",3,0.947464318,NA,0,FALSE,"Bacteria","Cyanobacteria","Cyanobacteriia","Cyanobacteriales","Coleofasciculaceae",NA,NA,NA
"784","sq97","D7",0.00508359837018304,"D7","SB4 3N1","SB","Internal",3,0.947464318,NA,0,FALSE,"Bacteria","Proteobacteria","Gammaproteobacteria","Chromatiales","Chromatiaceae",NA,NA,NA
"785","sq208","E9",0.00506966226566489,"E9","TM3 27N1","TM","Internal",27,1.647954829,2.235,NA,FALSE,"Bacteria","Planctomycetota","Planctomycetes","Planctomycetales","Gimesiaceae",NA,NA,NA
"786","sq321","D10",0.00506137219423933,"D10","SB4 4E1","SB","External",4,0.947375251,0.459,NA,FALSE,"Bacteria","Chloroflexi","Anaerolineae","Anaerolineales","Anaerolineaceae",NA,NA,NA
"787","sq11","E12",0.00505958851315295,"E12","TM3 28E1","TM","External",28,1.516085295,1.023,0,FALSE,"Bacteria","Cyanobacteria","Cyanobacteriia","Cyanobacteriales","Coleofasciculaceae",NA,NA,NA
"788","sq112","D7",0.00501973406905008,"D7","SB4 3N1","SB","Internal",3,0.947464318,NA,0,FALSE,"Bacteria","Desulfobacterota","Desulfobacteria","Desulfobacterales","Desulfobacteraceae",NA,NA,NA
"789","sq125","E7",0.00501780982791921,"E7","TM3 26N1","TM","Internal",26,1.910828025,NA,0.056,FALSE,"Bacteria","Bacteroidota","Bacteroidia","Flavobacteriales","Cryomorphaceae",NA,NA,NA
"790","sq389","E9",0.00501495368006419,"E9","TM3 27N1","TM","Internal",27,1.647954829,2.235,NA,FALSE,"Bacteria","Bacteroidota","Ignavibacteria","Ignavibacteriales","Melioribacteraceae",NA,NA,NA
"791","sq83","D1",0.00500176764039648,"D1","SB3 1N1 ","SB","Internal",1,1.016765819,NA,0,FALSE,"Bacteria","Myxococcota","Polyangia","Polyangiales","Sandaracinaceae",NA,NA,NA
"792","sq134","D9",0.00498675648278343,"D9","SB4 4N1","SB","Internal",4,1.337102689,1.856,NA,FALSE,"Bacteria","Bacteroidota","Bacteroidia","Bacteroidales","Bacteroidetes BD2-2",NA,NA,NA
"793","sq65","D5",0.00498266697480934,"D5","SB3 3N1","SB","Internal",3,0.456230396,0,0,FALSE,"Bacteria","Cyanobacteria","Cyanobacteriia","Cyanobacteriales","Oscillatoriaceae",NA,NA,NA
"794","sq314","D8",0.00495375156063311,"D8","SB4 3E1","SB","External",3,0.797997922,NA,0,FALSE,"Bacteria","Desulfobacterota","Desulfuromonadia","Desulfuromonadales","Geoalkalibacteraceae",NA,NA,NA
"795","sq183","E12",0.00495088641619068,"E12","TM3 28E1","TM","External",28,1.516085295,1.023,0,FALSE,"Bacteria","Proteobacteria","Gammaproteobacteria","Ectothiorhodospirales","Ectothiorhodospiraceae",NA,NA,NA
"796","sq405","E11",0.0049462856194782,"E11","TM3 28N1","TM","Internal",28,1.477155617,2.427,0.039,FALSE,"Bacteria","Firmicutes","Bacilli","Izemoplasmatales","Izemoplasmataceae",NA,NA,NA
"797","sq210","E1",0.00494272256788975,"E1","TM2 21N1","TM","Internal",21,0.632675847,NA,0,FALSE,"Bacteria","Calditrichota","Calditrichia","Calditrichales","Calditrichaceae",NA,NA,NA
"798","sq600","E1",0.00494272256788975,"E1","TM2 21N1","TM","Internal",21,0.632675847,NA,0,FALSE,"Bacteria","Proteobacteria","Gammaproteobacteria","Enterobacterales","Colwelliaceae",NA,NA,NA
"799","sq637","E12",0.00492124038974643,"E12","TM3 28E1","TM","External",28,1.516085295,1.023,0,FALSE,"Bacteria","Planctomycetota","Phycisphaerae","Phycisphaerales","Phycisphaeraceae",NA,NA,NA
"800","sq79","D4",0.0048896034094044,"D4","SB3 2E1","SB","External",2,0.652985075,0.136,NA,FALSE,"Bacteria","Bacteroidota","Rhodothermia","Balneolales","Balneolaceae",NA,NA,NA
"801","sq1367","D6",0.00488698839340257,"D6","SB3 3E1","SB","External",3,0.711169545,0.121,0,FALSE,"Bacteria","Proteobacteria","Alphaproteobacteria","Micavibrionales","Micavibrionaceae",NA,NA,NA
"802","sq389","E10",0.00488693225960053,"E10","TM3 27E1","TM","External",27,0.830019021,0.233,NA,FALSE,"Bacteria","Bacteroidota","Ignavibacteria","Ignavibacteriales","Melioribacteraceae",NA,NA,NA
"803","sq6","D11",0.00488600979204421,"D11","SB4 5N1","SB","Internal",5,1.132759402,0.701,0,FALSE,"Bacteria","Cyanobacteria","Cyanobacteriia","Cyanobacteriales","Desertifilaceae",NA,NA,NA
"804","sq359","D5",0.00487173561358909,"D5","SB3 3N1","SB","Internal",3,0.456230396,0,0,FALSE,"Bacteria","Myxococcota","Myxococcia","Myxococcales","Myxococcaceae",NA,NA,NA
"805","sq323","E6",0.00485734197799413,"E6","TM2 23E1","TM","External",23,1.016192071,0.102,0,FALSE,"Bacteria","Campylobacterota","Campylobacteria","Campylobacterales","Sulfurimonadaceae",NA,NA,NA
"806","sq321","D7",0.00484091402587781,"D7","SB4 3N1","SB","Internal",3,0.947464318,NA,0,FALSE,"Bacteria","Chloroflexi","Anaerolineae","Anaerolineales","Anaerolineaceae",NA,NA,NA
"807","sq844","E2",0.00483150877622164,"E2","TM2 21E1","TM","External",21,3.767123288,NA,0,FALSE,"Bacteria","Proteobacteria","Gammaproteobacteria","Pseudomonadales","Microbulbiferaceae",NA,NA,NA
"808","sq199","E4",0.00482656911378828,"E4","TM2 22E1","TM","External",22,1.31061599,0.595,NA,FALSE,"Bacteria","Bacteroidota","Rhodothermia","Rhodothermales","Rhodothermaceae",NA,NA,NA
"809","sq79","E11",0.00482185076112655,"E11","TM3 28N1","TM","Internal",28,1.477155617,2.427,0.039,FALSE,"Bacteria","Bacteroidota","Rhodothermia","Balneolales","Balneolaceae",NA,NA,NA
"810","sq42","E10",0.00479504122565932,"E10","TM3 27E1","TM","External",27,0.830019021,0.233,NA,FALSE,"Bacteria","Chloroflexi","Anaerolineae","SBR1031","A4b",NA,NA,NA
"811","sq45","E3",0.00478082410512177,"E3","TM2 22N1","TM","Internal",22,1.027042307,1.612,NA,FALSE,"Bacteria","Desulfobacterota","Desulfuromonadia","Desulfuromonadales","Geopsychrobacteraceae",NA,NA,NA
"812","sq56","E3",0.00477143152338283,"E3","TM2 22N1","TM","Internal",22,1.027042307,1.612,NA,FALSE,"Bacteria","Proteobacteria","Alphaproteobacteria","Sphingomonadales","Sphingomonadaceae",NA,NA,NA
"813","sq45","E4",0.00476910995767175,"E4","TM2 22E1","TM","External",22,1.31061599,0.595,NA,FALSE,"Bacteria","Desulfobacterota","Desulfuromonadia","Desulfuromonadales","Geopsychrobacteraceae",NA,NA,NA
"814","sq343","D11",0.00476586201027264,"D11","SB4 5N1","SB","Internal",5,1.132759402,0.701,0,FALSE,"Bacteria","Myxococcota","Polyangia","Nannocystales","Nannocystaceae",NA,NA,NA
"815","sq37","D3",0.00475443026456471,"D3","SB3 2N1","SB","Internal",2,0.775372332,0.11,NA,FALSE,"Bacteria","Desulfobacterota","Desulfobulbia","Desulfobulbales","Desulfobulbaceae",NA,NA,NA
"816","sq97","D12",0.00475184177651166,"D12","SB4 5E1","SB","External",5,0.897520783,0.4,0,FALSE,"Bacteria","Proteobacteria","Gammaproteobacteria","Chromatiales","Chromatiaceae",NA,NA,NA
"817","sq56","E4",0.00474038037961349,"E4","TM2 22E1","TM","External",22,1.31061599,0.595,NA,FALSE,"Bacteria","Proteobacteria","Alphaproteobacteria","Sphingomonadales","Sphingomonadaceae",NA,NA,NA
"818","sq343","D3",0.00473168179439933,"D3","SB3 2N1","SB","Internal",2,0.775372332,0.11,NA,FALSE,"Bacteria","Myxococcota","Polyangia","Nannocystales","Nannocystaceae",NA,NA,NA
"819","sq88","E9",0.00471405645926034,"E9","TM3 27N1","TM","Internal",27,1.647954829,2.235,NA,FALSE,"Bacteria","Bacteroidota","Bacteroidia","Bacteroidales","SB-5",NA,NA,NA
"820","sq159","D3",0.00470893332423395,"D3","SB3 2N1","SB","Internal",2,0.775372332,0.11,NA,FALSE,"Bacteria","Proteobacteria","Gammaproteobacteria","Pseudomonadales","BD2-7",NA,NA,NA
"821","sq208","E6",0.00469895039175519,"E6","TM2 23E1","TM","External",23,1.016192071,0.102,0,FALSE,"Bacteria","Planctomycetota","Planctomycetes","Planctomycetales","Gimesiaceae",NA,NA,NA
"822","sq97","D2",0.00468941693032866,"D2","SB3 1E2","SB","External",1,0.994590822,NA,0,FALSE,"Bacteria","Proteobacteria","Gammaproteobacteria","Chromatiales","Chromatiaceae",NA,NA,NA
"823","sq171","D6",0.00468670198383689,"D6","SB3 3E1","SB","External",3,0.711169545,0.121,0,FALSE,"Bacteria","Fibrobacterota","Fibrobacteria","Fibrobacterales","MAT-CR-H6-H10",NA,NA,NA
"824","sq165","E11",0.00466630718818698,"E11","TM3 28N1","TM","Internal",28,1.477155617,2.427,0.039,FALSE,"Bacteria","Proteobacteria","Gammaproteobacteria","Chromatiales","Sedimenticolaceae",NA,NA,NA
"825","sq75","D5",0.00465911717125029,"D5","SB3 3N1","SB","Internal",3,0.456230396,0,0,FALSE,"Bacteria","Acidobacteriota","Holophagae","Acanthopleuribacterales","Acanthopleuribacteraceae",NA,NA,NA
"826","sq79","D3",0.0046406879137378,"D3","SB3 2N1","SB","Internal",2,0.775372332,0.11,NA,FALSE,"Bacteria","Bacteroidota","Rhodothermia","Balneolales","Balneolaceae",NA,NA,NA
"827","sq11","E3",0.00463993537903764,"E3","TM2 22N1","TM","Internal",22,1.027042307,1.612,NA,FALSE,"Bacteria","Cyanobacteria","Cyanobacteriia","Cyanobacteriales","Coleofasciculaceae",NA,NA,NA
"828","sq267","E9",0.00461375738565906,"E9","TM3 27N1","TM","Internal",27,1.647954829,2.235,NA,FALSE,"Bacteria","Proteobacteria","Alphaproteobacteria","Rhizobiales","Rhizobiales Incertae Sedis",NA,NA,NA
"829","sq222","D6",0.00460658742001062,"D6","SB3 3E1","SB","External",3,0.711169545,0.121,0,FALSE,"Bacteria","Proteobacteria","Gammaproteobacteria","Enterobacterales","Vibrionaceae",NA,NA,NA
"830","sq349","D8",0.00460470673522265,"D8","SB4 3E1","SB","External",3,0.797997922,NA,0,FALSE,"Bacteria","Verrucomicrobiota","Verrucomicrobiae","Verrucomicrobiales","Rubritaleaceae",NA,NA,NA
"831","sq349","E5",0.00459602826557383,"E5","TM2 23N1","TM","Internal",23,1.041089822,0.484,0,FALSE,"Bacteria","Verrucomicrobiota","Verrucomicrobiae","Verrucomicrobiales","Rubritaleaceae",NA,NA,NA
"832","sq466","E1",0.004593824504274,"E1","TM2 21N1","TM","Internal",21,0.632675847,NA,0,FALSE,"Bacteria","Firmicutes","Clostridia","Oscillospirales","Hungateiclostridiaceae",NA,NA,NA
"833","sq210","D5",0.00458516293043679,"D5","SB3 3N1","SB","Internal",3,0.456230396,0,0,FALSE,"Bacteria","Calditrichota","Calditrichia","Calditrichales","Calditrichaceae",NA,NA,NA
"834","sq223","E3",0.00455540214338715,"E3","TM2 22N1","TM","Internal",22,1.027042307,1.612,NA,FALSE,"Bacteria","Proteobacteria","Alphaproteobacteria","Tistrellales","Geminicoccaceae",NA,NA,NA
"835","sq210","E10",0.00455278304526887,"E10","TM3 27E1","TM","External",27,0.830019021,0.233,NA,FALSE,"Bacteria","Calditrichota","Calditrichia","Calditrichales","Calditrichaceae",NA,NA,NA
"836","sq484","E10",0.00455278304526886,"E10","TM3 27E1","TM","External",27,0.830019021,0.233,NA,FALSE,"Bacteria","Bdellovibrionota","Bdellovibrionia","Bdellovibrionales","Bdellovibrionaceae",NA,NA,NA
"837","sq349","D10",0.00454789965279476,"D10","SB4 4E1","SB","External",4,0.947375251,0.459,NA,FALSE,"Bacteria","Verrucomicrobiota","Verrucomicrobiae","Verrucomicrobiales","Rubritaleaceae",NA,NA,NA
"838","sq35","E7",0.00452282278493298,"E7","TM3 26N1","TM","Internal",26,1.910828025,NA,0.056,FALSE,"Bacteria","Bacteroidota","Bacteroidia","Cytophagales","Flammeovirgaceae",NA,NA,NA
"839","sq1636","D2",0.00451184864725253,"D2","SB3 1E2","SB","External",1,0.994590822,NA,0,FALSE,"Bacteria","Bdellovibrionota","Bdellovibrionia","Bacteriovoracales","Bacteriovoracaceae",NA,NA,NA
"840","sq210","E6",0.00450888048826846,"E6","TM2 23E1","TM","External",23,1.016192071,0.102,0,FALSE,"Bacteria","Calditrichota","Calditrichia","Calditrichales","Calditrichaceae",NA,NA,NA
"841","sq104","E3",0.00450843923469244,"E3","TM2 22N1","TM","Internal",22,1.027042307,1.612,NA,FALSE,"Bacteria","Cyanobacteria","Cyanobacteriia","Phormidesmiales","Nodosilineaceae",NA,NA,NA
"842","sq79","D6",0.00450644421522778,"D6","SB3 3E1","SB","External",3,0.711169545,0.121,0,FALSE,"Bacteria","Bacteroidota","Rhodothermia","Balneolales","Balneolaceae",NA,NA,NA
"843","sq418","E12",0.00450619601952685,"E12","TM3 28E1","TM","External",28,1.516085295,1.023,0,FALSE,"Bacteria","Planctomycetota","Phycisphaerae","Phycisphaerales","AKAU3564 sediment group",NA,NA,NA
"844","sq1636","D6",0.00449642989474949,"D6","SB3 3E1","SB","External",3,0.711169545,0.121,0,FALSE,"Bacteria","Bdellovibrionota","Bdellovibrionia","Bacteriovoracales","Bacteriovoracaceae",NA,NA,NA
"845","sq134","E2",0.00446455874258455,"E2","TM2 21E1","TM","External",21,3.767123288,NA,0,FALSE,"Bacteria","Bacteroidota","Bacteroidia","Bacteroidales","Bacteroidetes BD2-2",NA,NA,NA
"846","sq45","D4",0.00446152528990401,"D4","SB3 2E1","SB","External",2,0.652985075,0.136,NA,FALSE,"Bacteria","Desulfobacterota","Desulfuromonadia","Desulfuromonadales","Geopsychrobacteraceae",NA,NA,NA
"847","sq198","D11",0.00445548024069606,"D11","SB4 5N1","SB","Internal",5,1.132759402,0.701,0,FALSE,"Bacteria","Bacteroidota","Bacteroidia","Bacteroidales","ML635J-40 aquatic group",NA,NA,NA
"848","sq210","D11",0.00445548024069606,"D11","SB4 5N1","SB","Internal",5,1.132759402,0.701,0,FALSE,"Bacteria","Calditrichota","Calditrichia","Calditrichales","Calditrichaceae",NA,NA,NA
"849","sq350","D4",0.00445201244280401,"D4","SB3 2E1","SB","External",2,0.652985075,0.136,NA,FALSE,"Bacteria","Bacteroidota","Bacteroidia","Cytophagales","Amoebophilaceae",NA,NA,NA
"850","sq1636","E10",0.00444418455061108,"E10","TM3 27E1","TM","External",27,0.830019021,0.233,NA,FALSE,"Bacteria","Bdellovibrionota","Bdellovibrionia","Bacteriovoracales","Bacteriovoracaceae",NA,NA,NA
"851","sq261","E12",0.00443702195782359,"E12","TM3 28E1","TM","External",28,1.516085295,1.023,0,FALSE,"Bacteria","Desulfobacterota","Desulfobacteria","Desulfobacterales","Desulfococcaceae",NA,NA,NA
"852","sq75","D10",0.00443379464358485,"D10","SB4 4E1","SB","External",4,0.947375251,0.459,NA,FALSE,"Bacteria","Acidobacteriota","Holophagae","Acanthopleuribacterales","Acanthopleuribacteraceae",NA,NA,NA
"853","sq75","D7",0.00443218249862692,"D7","SB4 3N1","SB","Internal",3,0.947464318,NA,0,FALSE,"Bacteria","Acidobacteriota","Holophagae","Acanthopleuribacterales","Acanthopleuribacteraceae",NA,NA,NA
"854","sq1046","D4",0.00442347390150398,"D4","SB3 2E1","SB","External",2,0.652985075,0.136,NA,FALSE,"Bacteria","Firmicutes","Clostridia","Peptostreptococcales-Tissierellales","Fusibacteraceae",NA,NA,NA
"855","sq79","E8",0.00441975892224061,"E8","TM3 26E1","TM","External",26,1.169004676,NA,0.034,FALSE,"Bacteria","Bacteroidota","Rhodothermia","Balneolales","Balneolaceae",NA,NA,NA
"856","sq747","E1",0.00441937547246613,"E1","TM2 21N1","TM","Internal",21,0.632675847,NA,0,FALSE,"Bacteria","Verrucomicrobiota","Kiritimatiellae","Kiritimatiellales","Kiritimatiellaceae",NA,NA,NA
"857","sq161","E2",0.00439116873585713,"E2","TM2 21E1","TM","External",21,3.767123288,NA,0,FALSE,"Bacteria","Verrucomicrobiota","Verrucomicrobiae","Opitutales","Puniceicoccaceae",NA,NA,NA
"858","sq309","D3",0.00439045474191861,"D3","SB3 2N1","SB","Internal",2,0.775372332,0.11,NA,FALSE,"Bacteria","Proteobacteria","Gammaproteobacteria","Pseudomonadales","KI89A clade",NA,NA,NA
"859","sq283","D12",0.00435488202122567,"D12","SB4 5E1","SB","External",5,0.897520783,0.4,0,FALSE,"Bacteria","Cyanobacteria","Cyanobacteriia","Oxyphotobacteria Incertae Sedis","Unknown Family",NA,NA,NA
"860","sq343","D2",0.00435042293536515,"D2","SB3 1E2","SB","External",1,0.994590822,NA,0,FALSE,"Bacteria","Myxococcota","Polyangia","Nannocystales","Nannocystaceae",NA,NA,NA
"861","sq159","D1",0.00434708601207233,"D1","SB3 1N1 ","SB","Internal",1,1.016765819,NA,0,FALSE,"Bacteria","Proteobacteria","Gammaproteobacteria","Pseudomonadales","BD2-7",NA,NA,NA
"862","sq198","D5",0.00434481164779293,"D5","SB3 3N1","SB","Internal",3,0.456230396,0,0,FALSE,"Bacteria","Bacteroidota","Bacteroidia","Bacteroidales","ML635J-40 aquatic group",NA,NA,NA
"863","sq161","E1",0.00433215095656219,"E1","TM2 21N1","TM","Internal",21,0.632675847,NA,0,FALSE,"Bacteria","Verrucomicrobiota","Verrucomicrobiae","Opitutales","Puniceicoccaceae",NA,NA,NA
"864","sq296","E6",0.00432937002386433,"E6","TM2 23E1","TM","External",23,1.016192071,0.102,0,FALSE,"Bacteria","Proteobacteria","Gammaproteobacteria","Pseudomonadales","Hahellaceae",NA,NA,NA
"865","sq88","E12",0.00432831986086132,"E12","TM3 28E1","TM","External",28,1.516085295,1.023,0,FALSE,"Bacteria","Bacteroidota","Bacteroidia","Bacteroidales","SB-5",NA,NA,NA
"866","sq296","E2",0.00431777872912972,"E2","TM2 21E1","TM","External",21,3.767123288,NA,0,FALSE,"Bacteria","Proteobacteria","Gammaproteobacteria","Pseudomonadales","Hahellaceae",NA,NA,NA
"867","sq65","D4",0.00430931973630388,"D4","SB3 2E1","SB","External",2,0.652985075,0.136,NA,FALSE,"Bacteria","Cyanobacteria","Cyanobacteriia","Cyanobacteriales","Oscillatoriaceae",NA,NA,NA
"868","sq56","E12",0.00430855584323181,"E12","TM3 28E1","TM","External",28,1.516085295,1.023,0,FALSE,"Bacteria","Proteobacteria","Alphaproteobacteria","Sphingomonadales","Sphingomonadaceae",NA,NA,NA
"869","sq79","D1",0.0042947114818064,"D1","SB3 1N1 ","SB","Internal",1,1.016765819,NA,0,FALSE,"Bacteria","Bacteroidota","Rhodothermia","Balneolales","Balneolaceae",NA,NA,NA
"870","sq610","E9",0.00429462396965497,"E9","TM3 27N1","TM","Internal",27,1.647954829,2.235,NA,FALSE,"Bacteria","Proteobacteria","Gammaproteobacteria","Nitrosococcales","Nitrosococcaceae",NA,NA,NA
"871","sq747","D5",0.00427085740697943,"D5","SB3 3N1","SB","Internal",3,0.456230396,0,0,FALSE,"Bacteria","Verrucomicrobiota","Kiritimatiellae","Kiritimatiellales","Kiritimatiellaceae",NA,NA,NA
"872","sq418","E6",0.00426601338936876,"E6","TM2 23E1","TM","External",23,1.016192071,0.102,0,FALSE,"Bacteria","Planctomycetota","Phycisphaerae","Phycisphaerales","AKAU3564 sediment group",NA,NA,NA
"873","sq210","E3",0.00425483952774099,"E3","TM2 22N1","TM","Internal",22,1.027042307,1.612,NA,FALSE,"Bacteria","Calditrichota","Calditrichia","Calditrichales","Calditrichaceae",NA,NA,NA
"874","sq210","D10",0.00425448677196929,"D10","SB4 4E1","SB","External",4,0.947375251,0.459,NA,FALSE,"Bacteria","Calditrichota","Calditrichia","Calditrichales","Calditrichaceae",NA,NA,NA
"875","sq359","D6",0.00424607188279239,"D6","SB3 3E1","SB","External",3,0.711169545,0.121,0,FALSE,"Bacteria","Myxococcota","Myxococcia","Myxococcales","Myxococcaceae",NA,NA,NA
"876","sq267","E1",0.00424492644065825,"E1","TM2 21N1","TM","Internal",21,0.632675847,NA,0,FALSE,"Bacteria","Proteobacteria","Alphaproteobacteria","Rhizobiales","Rhizobiales Incertae Sedis",NA,NA,NA
"877","sq65","D6",0.00423605756231411,"D6","SB3 3E1","SB","External",3,0.711169545,0.121,0,FALSE,"Bacteria","Cyanobacteria","Cyanobacteriia","Cyanobacteriales","Oscillatoriaceae",NA,NA,NA
"878","sq183","E5",0.00423217602788257,"E5","TM2 23N1","TM","Internal",23,1.041089822,0.484,0,FALSE,"Bacteria","Proteobacteria","Gammaproteobacteria","Ectothiorhodospirales","Ectothiorhodospiraceae",NA,NA,NA
"879","sq495","D10",0.00423003569856717,"D10","SB4 4E1","SB","External",4,0.947375251,0.459,NA,FALSE,"Bacteria","Acidobacteriota","Thermoanaerobaculia","Thermoanaerobaculales","Thermoanaerobaculaceae",NA,NA,NA
"880","sq359","D7",0.00422781673500147,"D7","SB4 3N1","SB","Internal",3,0.947464318,NA,0,FALSE,"Bacteria","Myxococcota","Myxococcia","Myxococcales","Myxococcaceae",NA,NA,NA
"881","sq1414","D12",0.00422645386510373,"D12","SB4 5E1","SB","External",5,0.897520783,0.4,0,FALSE,"Bacteria","Cyanobacteria","Cyanobacteriia","Cyanobacteriales","Geitlerinemaceae",NA,NA,NA
"882","sq45","E1",0.00421585160202361,"E1","TM2 21N1","TM","Internal",21,0.632675847,NA,0,FALSE,"Bacteria","Desulfobacterota","Desulfuromonadia","Desulfuromonadales","Geopsychrobacteraceae",NA,NA,NA
"883","sq1301","E7",0.00421224267952986,"E7","TM3 26N1","TM","Internal",26,1.910828025,NA,0.056,FALSE,"Bacteria","Modulibacteria","Moduliflexia","Moduliflexales","Moduliflexaceae",NA,NA,NA
"884","sq309","E5",0.00419387579233612,"E5","TM2 23N1","TM","Internal",23,1.041089822,0.484,0,FALSE,"Bacteria","Proteobacteria","Gammaproteobacteria","Pseudomonadales","KI89A clade",NA,NA,NA
"885","sq614","E10",0.00419357263986233,"E10","TM3 27E1","TM","External",27,0.830019021,0.233,NA,FALSE,"Bacteria","Bacteroidota","Bacteroidia","Flavobacteriales","Crocinitomicaceae",NA,NA,NA
"886","sq66","D7",0.0041894981543217,"D7","SB4 3N1","SB","Internal",3,0.947464318,NA,0,FALSE,"Bacteria","Bacteroidota","Bacteroidia","Bacteroidales","Prolixibacteraceae",NA,NA,NA
"887","sq560","D4",0.00416662702980375,"D4","SB3 2E1","SB","External",2,0.652985075,0.136,NA,FALSE,"Bacteria","Verrucomicrobiota","Verrucomicrobiae","Methylacidiphilales","Methylacidiphilaceae",NA,NA,NA
"888","sq261","D6",0.00416595731896612,"D6","SB3 3E1","SB","External",3,0.711169545,0.121,0,FALSE,"Bacteria","Desulfobacterota","Desulfobacteria","Desulfobacterales","Desulfococcaceae",NA,NA,NA
"889","sq349","E9",0.00415785250565322,"E9","TM3 27N1","TM","Internal",27,1.647954829,2.235,NA,FALSE,"Bacteria","Verrucomicrobiota","Verrucomicrobiae","Verrucomicrobiales","Rubritaleaceae",NA,NA,NA
"890","sq49","D10",0.00414853212056009,"D10","SB4 4E1","SB","External",4,0.947375251,0.459,NA,FALSE,"Bacteria","Cyanobacteria","Cyanobacteriia","Cyanobacteriales","Phormidiaceae",NA,NA,NA
"891","sq208","E2",0.00414653538009908,"E2","TM2 21E1","TM","External",21,3.767123288,NA,0,FALSE,"Bacteria","Planctomycetota","Planctomycetes","Planctomycetales","Gimesiaceae",NA,NA,NA
"892","sq66","D9",0.00413655537752199,"D9","SB4 4N1","SB","Internal",4,1.337102689,1.856,NA,FALSE,"Bacteria","Bacteroidota","Bacteroidia","Bacteroidales","Prolixibacteraceae",NA,NA,NA
"893","sq19","E2",0.00412207204452327,"E2","TM2 21E1","TM","External",21,3.767123288,NA,0,FALSE,"Bacteria","Desulfobacterota","Desulfovibrionia","Desulfovibrionales","Desulfovibrionaceae",NA,NA,NA
"894","sq167","E9",0.00412138011525275,"E9","TM3 27N1","TM","Internal",27,1.647954829,2.235,NA,FALSE,"Bacteria","Proteobacteria","Alphaproteobacteria","Caulobacterales","Hyphomonadaceae",NA,NA,NA
"895","sq343","D1",0.00411140062587564,"D1","SB3 1N1 ","SB","Internal",1,1.016765819,NA,0,FALSE,"Bacteria","Myxococcota","Polyangia","Nannocystales","Nannocystaceae",NA,NA,NA
"896","sq83","D12",0.00410970099590197,"D12","SB4 5E1","SB","External",5,0.897520783,0.4,0,FALSE,"Bacteria","Myxococcota","Polyangia","Polyangiales","Sandaracinaceae",NA,NA,NA
"897","sq1324","E4",0.00410832966233169,"E4","TM2 22E1","TM","External",22,1.31061599,0.595,NA,FALSE,"Bacteria","Planctomycetota","Phycisphaerae","MSBL9","4572-13",NA,NA,NA
"898","sq97","D4",0.00410003710010369,"D4","SB3 2E1","SB","External",2,0.652985075,0.136,NA,FALSE,"Bacteria","Proteobacteria","Gammaproteobacteria","Chromatiales","Chromatiaceae",NA,NA,NA
"899","sq349","E8",0.00408886787993382,"E8","TM3 26E1","TM","External",26,1.169004676,NA,0.034,FALSE,"Bacteria","Verrucomicrobiota","Verrucomicrobiae","Verrucomicrobiales","Rubritaleaceae",NA,NA,NA
"900","sq280","E6",0.00408650292496463,"E6","TM2 23E1","TM","External",23,1.016192071,0.102,0,FALSE,"Bacteria","Proteobacteria","Alphaproteobacteria","Defluviicoccales","Defluviicoccaceae",NA,NA,NA
"901","sq159","E3",0.00407638047470108,"E3","TM2 22N1","TM","Internal",22,1.027042307,1.612,NA,FALSE,"Bacteria","Proteobacteria","Gammaproteobacteria","Pseudomonadales","BD2-7",NA,NA,NA
"902","sq159","D4",0.00407149855880366,"D4","SB3 2E1","SB","External",2,0.652985075,0.136,NA,FALSE,"Bacteria","Proteobacteria","Gammaproteobacteria","Pseudomonadales","BD2-7",NA,NA,NA
"903","sq112","D9",0.00407115529250188,"D9","SB4 4N1","SB","Internal",4,1.337102689,1.856,NA,FALSE,"Bacteria","Desulfobacterota","Desulfobacteria","Desulfobacterales","Desulfobacteraceae",NA,NA,NA
"904","sq75","D12",0.00406299984822127,"D12","SB4 5E1","SB","External",5,0.897520783,0.4,0,FALSE,"Bacteria","Acidobacteriota","Holophagae","Acanthopleuribacterales","Acanthopleuribacteraceae",NA,NA,NA
"905","sq389","E12",0.00406150562286302,"E12","TM3 28E1","TM","External",28,1.516085295,1.023,0,FALSE,"Bacteria","Bacteroidota","Ignavibacteria","Ignavibacteriales","Melioribacteraceae",NA,NA,NA
"906","sq23","D12",0.00405132456130109,"D12","SB4 5E1","SB","External",5,0.897520783,0.4,0,FALSE,"Bacteria","Proteobacteria","Gammaproteobacteria","Arenicellales","Arenicellaceae",NA,NA,NA
"907","sq261","E5",0.00404067485015033,"E5","TM2 23N1","TM","Internal",23,1.041089822,0.484,0,FALSE,"Bacteria","Desulfobacterota","Desulfobacteria","Desulfobacterales","Desulfococcaceae",NA,NA,NA
"908","sq495","D7",0.00403622383160261,"D7","SB4 3N1","SB","Internal",3,0.947464318,NA,0,FALSE,"Bacteria","Acidobacteriota","Thermoanaerobaculia","Thermoanaerobaculales","Thermoanaerobaculaceae",NA,NA,NA
"909","sq1373","D10",0.00403442711135019,"D10","SB4 4E1","SB","External",4,0.947375251,0.459,NA,FALSE,"Bacteria","Verrucomicrobiota","Verrucomicrobiae","Verrucomicrobiales","DEV007",NA,NA,NA
"910","sq65","D9",0.00403028023936431,"D9","SB4 4N1","SB","Internal",4,1.337102689,1.856,NA,FALSE,"Bacteria","Cyanobacteria","Cyanobacteriia","Cyanobacteriales","Oscillatoriaceae",NA,NA,NA
"911","sq484","E8",0.00402978019380761,"E8","TM3 26E1","TM","External",26,1.169004676,NA,0.034,FALSE,"Bacteria","Bdellovibrionota","Bdellovibrionia","Bdellovibrionales","Bdellovibrionaceae",NA,NA,NA
"912","sq79","E7",0.00402783574194675,"E7","TM3 26N1","TM","Internal",26,1.910828025,NA,0.056,FALSE,"Bacteria","Bacteroidota","Rhodothermia","Balneolales","Balneolaceae",NA,NA,NA
"913","sq637","E11",0.00402339375337011,"E11","TM3 28N1","TM","Internal",28,1.477155617,2.427,0.039,FALSE,"Bacteria","Planctomycetota","Phycisphaerae","Phycisphaerales","Phycisphaeraceae",NA,NA,NA
"914","sq208","E5",0.0040215247323771,"E5","TM2 23N1","TM","Internal",23,1.041089822,0.484,0,FALSE,"Bacteria","Planctomycetota","Planctomycetes","Planctomycetales","Gimesiaceae",NA,NA,NA
"915","sq159","D8",0.00401401549222033,"D8","SB4 3E1","SB","External",3,0.797997922,NA,0,FALSE,"Bacteria","Proteobacteria","Gammaproteobacteria","Pseudomonadales","BD2-7",NA,NA,NA
"916","sq323","E3",0.00400123982078954,"E3","TM2 22N1","TM","Internal",22,1.027042307,1.612,NA,FALSE,"Bacteria","Campylobacterota","Campylobacteria","Campylobacterales","Sulfurimonadaceae",NA,NA,NA
"917","sq352","D7",0.00399790525092284,"D7","SB4 3N1","SB","Internal",3,0.947464318,NA,0,FALSE,"Bacteria","Proteobacteria","Gammaproteobacteria","Enterobacterales","Alteromonadaceae",NA,NA,NA
"918","sq350","D2",0.00399528636921289,"D2","SB3 1E2","SB","External",1,0.994590822,NA,0,FALSE,"Bacteria","Bacteroidota","Bacteroidia","Cytophagales","Amoebophilaceae",NA,NA,NA
"919","sq65","D10",0.00399367532234665,"D10","SB4 4E1","SB","External",4,0.947375251,0.459,NA,FALSE,"Bacteria","Cyanobacteria","Cyanobacteriia","Cyanobacteriales","Oscillatoriaceae",NA,NA,NA
"920","sq352","D8",0.00398716589026568,"D8","SB4 3E1","SB","External",3,0.797997922,NA,0,FALSE,"Bacteria","Proteobacteria","Gammaproteobacteria","Enterobacterales","Alteromonadaceae",NA,NA,NA
"921","sq989","E2",0.00397529203106844,"E2","TM2 21E1","TM","External",21,3.767123288,NA,0,FALSE,"Bacteria","Myxococcota","Polyangia","Haliangiales","Haliangiaceae",NA,NA,NA
"922","sq1459","D8",0.00397374108928835,"D8","SB4 3E1","SB","External",3,0.797997922,NA,0,FALSE,"Bacteria","Cyanobacteria","Cyanobacteriia","Cyanobacteriales","Microcystaceae",NA,NA,NA
"923","sq350","D8",0.00397374108928835,"D8","SB4 3E1","SB","External",3,0.797997922,NA,0,FALSE,"Bacteria","Bacteroidota","Bacteroidia","Cytophagales","Amoebophilaceae",NA,NA,NA
"924","sq83","D3",0.00395823380877636,"D3","SB3 2N1","SB","Internal",2,0.775372332,0.11,NA,FALSE,"Bacteria","Myxococcota","Polyangia","Polyangiales","Sandaracinaceae",NA,NA,NA
"925","sq880","D11",0.00395486448331448,"D11","SB4 5N1","SB","Internal",5,1.132759402,0.701,0,FALSE,"Bacteria","Proteobacteria","Alphaproteobacteria","Caulobacterales","Parvularculaceae",NA,NA,NA
"926","sq183","E1",0.0039541780543118,"E1","TM2 21N1","TM","Internal",21,0.632675847,NA,0,FALSE,"Bacteria","Proteobacteria","Gammaproteobacteria","Ectothiorhodospirales","Ectothiorhodospiraceae",NA,NA,NA
"927","sq223","E4",0.00394552872000153,"E4","TM2 22E1","TM","External",22,1.31061599,0.595,NA,FALSE,"Bacteria","Proteobacteria","Alphaproteobacteria","Tistrellales","Geminicoccaceae",NA,NA,NA
"928","sq350","D6",0.00393562794796559,"D6","SB3 3E1","SB","External",3,0.711169545,0.121,0,FALSE,"Bacteria","Bacteroidota","Bacteroidia","Cytophagales","Amoebophilaceae",NA,NA,NA
"929","sq1473","E12",0.00392315749945649,"E12","TM3 28E1","TM","External",28,1.516085295,1.023,0,FALSE,"Bacteria","Bacteroidota","Bacteroidia","Sphingobacteriales","Lentimicrobiaceae",NA,NA,NA
"930","sq1373","E2",0.00391413369212892,"E2","TM2 21E1","TM","External",21,3.767123288,NA,0,FALSE,"Bacteria","Verrucomicrobiota","Verrucomicrobiae","Verrucomicrobiales","DEV007",NA,NA,NA
"931","sq610","D7",0.00389572236911011,"D7","SB4 3N1","SB","Internal",3,0.947464318,NA,0,FALSE,"Bacteria","Proteobacteria","Gammaproteobacteria","Nitrosococcales","Nitrosococcaceae",NA,NA,NA
"932","sq97","D11",0.00389479059242869,"D11","SB4 5N1","SB","Internal",5,1.132759402,0.701,0,FALSE,"Bacteria","Proteobacteria","Gammaproteobacteria","Chromatiales","Chromatiaceae",NA,NA,NA
"933","sq637","E4",0.00388806956388501,"E4","TM2 22E1","TM","External",22,1.31061599,0.595,NA,FALSE,"Bacteria","Planctomycetota","Phycisphaerae","Phycisphaerales","Phycisphaeraceae",NA,NA,NA
"934","sq309","D11",0.00388477827728106,"D11","SB4 5N1","SB","Internal",5,1.132759402,0.701,0,FALSE,"Bacteria","Proteobacteria","Gammaproteobacteria","Pseudomonadales","KI89A clade",NA,NA,NA
"935","sq296","E9",0.00388430957764972,"E9","TM3 27N1","TM","Internal",27,1.647954829,2.235,NA,FALSE,"Bacteria","Proteobacteria","Gammaproteobacteria","Pseudomonadales","Hahellaceae",NA,NA,NA
"936","sq278","E10",0.00387613088624725,"E10","TM3 27E1","TM","External",27,0.830019021,0.233,NA,FALSE,"Bacteria","Firmicutes","Clostridia","Peptostreptococcales-Tissierellales","Clostridium sensu stricto",NA,NA,NA
"937","sq349","D9",0.00387495503744155,"D9","SB4 4N1","SB","Internal",4,1.337102689,1.856,NA,FALSE,"Bacteria","Verrucomicrobiota","Verrucomicrobiae","Verrucomicrobiales","Rubritaleaceae",NA,NA,NA
"938","sq1367","D5",0.00387335336260689,"D5","SB3 3N1","SB","Internal",3,0.456230396,0,0,FALSE,"Bacteria","Proteobacteria","Alphaproteobacteria","Micavibrionales","Micavibrionaceae",NA,NA,NA
"939","sq583","E5",0.00386832379019131,"E5","TM2 23N1","TM","Internal",23,1.041089822,0.484,0,FALSE,"Bacteria","Campylobacterota","Campylobacteria","Campylobacterales","Sulfurovaceae",NA,NA,NA
"940","sq747","E6",0.00385419526514752,"E6","TM2 23E1","TM","External",23,1.016192071,0.102,0,FALSE,"Bacteria","Verrucomicrobiota","Kiritimatiellae","Kiritimatiellales","Kiritimatiellaceae",NA,NA,NA
"941","sq98","D2",0.00385000322851424,"D2","SB3 1E2","SB","External",1,0.994590822,NA,0,FALSE,"Bacteria","Proteobacteria","Gammaproteobacteria","Pseudomonadales","Alcanivoracaceae1",NA,NA,NA
"942","sq170","E5",0.00384917367241809,"E5","TM2 23N1","TM","Internal",23,1.041089822,0.484,0,FALSE,"Bacteria","Desulfobacterota","Desulfobacteria","Desulfatiglandales","Desulfatiglandaceae",NA,NA,NA
"943","sq389","E5",0.00384917367241809,"E5","TM2 23N1","TM","Internal",23,1.041089822,0.484,0,FALSE,"Bacteria","Bacteroidota","Ignavibacteria","Ignavibacteriales","Melioribacteraceae",NA,NA,NA
"944","sq389","E1",0.00383787869977322,"E1","TM2 21N1","TM","Internal",21,0.632675847,NA,0,FALSE,"Bacteria","Bacteroidota","Ignavibacteria","Ignavibacteriales","Melioribacteraceae",NA,NA,NA
"945","sq83","E7",0.0038337231760698,"E7","TM3 26N1","TM","Internal",26,1.910828025,NA,0.056,FALSE,"Bacteria","Myxococcota","Polyangia","Polyangiales","Sandaracinaceae",NA,NA,NA
"946","sq11","E9",0.00382960099204902,"E9","TM3 27N1","TM","Internal",27,1.647954829,2.235,NA,FALSE,"Bacteria","Cyanobacteria","Cyanobacteriia","Cyanobacteriales","Coleofasciculaceae",NA,NA,NA
"947","sq1818","E2",0.0038285120176136,"E2","TM2 21E1","TM","External",21,3.767123288,NA,0,FALSE,"Bacteria","Chloroflexi","Anaerolineae","Caldilineales","Caldilineaceae",NA,NA,NA
"948","sq37","E9",0.0038204828944489,"E9","TM3 27N1","TM","Internal",27,1.647954829,2.235,NA,FALSE,"Bacteria","Desulfobacterota","Desulfobulbia","Desulfobulbales","Desulfobulbaceae",NA,NA,NA
"949","sq208","E12",0.00381445540249422,"E12","TM3 28E1","TM","External",28,1.516085295,1.023,0,FALSE,"Bacteria","Planctomycetota","Planctomycetes","Planctomycetales","Gimesiaceae",NA,NA,NA
"950","sq405","E1",0.00380880386113857,"E1","TM2 21N1","TM","Internal",21,0.632675847,NA,0,FALSE,"Bacteria","Firmicutes","Bacilli","Izemoplasmatales","Izemoplasmataceae",NA,NA,NA
"951","sq600","E6",0.00380139806973454,"E6","TM2 23E1","TM","External",23,1.016192071,0.102,0,FALSE,"Bacteria","Proteobacteria","Gammaproteobacteria","Enterobacterales","Colwelliaceae",NA,NA,NA
"952","sq14","D5",0.00379939912179339,"D5","SB3 3N1","SB","Internal",3,0.456230396,0,0,FALSE,"Bacteria","Cyanobacteria","Cyanobacteriia","Phormidesmiales","Phormidesmiaceae",NA,NA,NA
"953","sq614","E9",0.00379312860164855,"E9","TM3 27N1","TM","Internal",27,1.647954829,2.235,NA,FALSE,"Bacteria","Bacteroidota","Bacteroidia","Flavobacteriales","Crocinitomicaceae",NA,NA,NA
"954","sq959","E2",0.00379181701424989,"E2","TM2 21E1","TM","External",21,3.767123288,NA,0,FALSE,"Bacteria","Planctomycetota","Planctomycetes","Planctomycetales","Rubinisphaeraceae",NA,NA,NA
"955","sq1794","E6",0.00378027919156934,"E6","TM2 23E1","TM","External",23,1.016192071,0.102,0,FALSE,"Bacteria","Desulfobacterota","Desulfarculia","Desulfarculales","Desulfarculaceae",NA,NA,NA
"956","sq2280","E9",0.00377489240644832,"E9","TM3 27N1","TM","Internal",27,1.647954829,2.235,NA,FALSE,"Bacteria","Proteobacteria","Gammaproteobacteria","Ectothiorhodospirales","Thioalkalispiraceae",NA,NA,NA
"957","sq19","D10",0.00377361566172755,"D10","SB4 4E1","SB","External",4,0.947375251,0.459,NA,FALSE,"Bacteria","Desulfobacterota","Desulfovibrionia","Desulfovibrionales","Desulfovibrionaceae",NA,NA,NA
"958","sq52","E8",0.00376979437485228,"E8","TM3 26E1","TM","External",26,1.169004676,NA,0.034,FALSE,"Bacteria","Proteobacteria","Gammaproteobacteria","Thiotrichales","Thiotrichaceae",NA,NA,NA
"959","sq199","E6",0.00376971975248675,"E6","TM2 23E1","TM","External",23,1.016192071,0.102,0,FALSE,"Bacteria","Bacteroidota","Rhodothermia","Rhodothermales","Rhodothermaceae",NA,NA,NA
"960","sq210","E2",0.00376735367867409,"E2","TM2 21E1","TM","External",21,3.767123288,NA,0,FALSE,"Bacteria","Calditrichota","Calditrichia","Calditrichales","Calditrichaceae",NA,NA,NA
"961","sq329","E3",0.00376642527731598,"E3","TM2 22N1","TM","Internal",22,1.027042307,1.612,NA,FALSE,"Bacteria","Proteobacteria","Alphaproteobacteria","Kiloniellales","Kiloniellaceae",NA,NA,NA
"962","sq630","D11",0.00376463049550948,"D11","SB4 5N1","SB","Internal",5,1.132759402,0.701,0,FALSE,"Bacteria","Proteobacteria","Alphaproteobacteria","Rhodospirillales","Terasakiellaceae",NA,NA,NA
"963","sq309","E3",0.00375703269557703,"E3","TM2 22N1","TM","Internal",22,1.027042307,1.612,NA,FALSE,"Bacteria","Proteobacteria","Gammaproteobacteria","Pseudomonadales","KI89A clade",NA,NA,NA
"964","sq343","D6",0.00375537017935648,"D6","SB3 3E1","SB","External",3,0.711169545,0.121,0,FALSE,"Bacteria","Myxococcota","Polyangia","Nannocystales","Nannocystaceae",NA,NA,NA
"965","sq614","D7",0.00375522090661762,"D7","SB4 3N1","SB","Internal",3,0.947464318,NA,0,FALSE,"Bacteria","Bacteroidota","Bacteroidia","Flavobacteriales","Crocinitomicaceae",NA,NA,NA
"966","sq349","E3",0.00374764011383809,"E3","TM2 22N1","TM","Internal",22,1.027042307,1.612,NA,FALSE,"Bacteria","Verrucomicrobiota","Verrucomicrobiae","Verrucomicrobiales","Rubritaleaceae",NA,NA,NA
"967","sq418","E3",0.00373824753209915,"E3","TM2 22N1","TM","Internal",22,1.027042307,1.612,NA,FALSE,"Bacteria","Planctomycetota","Phycisphaerae","Phycisphaerales","AKAU3564 sediment group",NA,NA,NA
"968","sq350","D9",0.0037278048461463,"D9","SB4 4N1","SB","Internal",4,1.337102689,1.856,NA,FALSE,"Bacteria","Bacteroidota","Bacteroidia","Cytophagales","Amoebophilaceae",NA,NA,NA
"969","sq261","E3",0.00371946236862126,"E3","TM2 22N1","TM","Internal",22,1.027042307,1.612,NA,FALSE,"Bacteria","Desulfobacterota","Desulfobacteria","Desulfobacterales","Desulfococcaceae",NA,NA,NA
"970","sq243","D11",0.00371456891977132,"D11","SB4 5N1","SB","Internal",5,1.132759402,0.701,0,FALSE,"Bacteria","Proteobacteria","Gammaproteobacteria","Pseudomonadales","Pseudohongiellaceae",NA,NA,NA
"971","sq170","E3",0.00370067720514338,"E3","TM2 22N1","TM","Internal",22,1.027042307,1.612,NA,FALSE,"Bacteria","Desulfobacterota","Desulfobacteria","Desulfatiglandales","Desulfatiglandaceae",NA,NA,NA
"972","sq83","D5",0.00368846776057315,"D5","SB3 3N1","SB","Internal",3,0.456230396,0,0,FALSE,"Bacteria","Myxococcota","Polyangia","Polyangiales","Sandaracinaceae",NA,NA,NA
"973","sq418","D5",0.00367922348047146,"D5","SB3 3N1","SB","Internal",3,0.456230396,0,0,FALSE,"Bacteria","Planctomycetota","Phycisphaerae","Phycisphaerales","AKAU3564 sediment group",NA,NA,NA
"974","sq83","D2",0.00367243494543811,"D2","SB3 1E2","SB","External",1,0.994590822,NA,0,FALSE,"Bacteria","Myxococcota","Polyangia","Polyangiales","Sandaracinaceae",NA,NA,NA
"975","sq349","E11",0.00367082832137376,"E11","TM3 28N1","TM","Internal",28,1.477155617,2.427,0.039,FALSE,"Bacteria","Verrucomicrobiota","Verrucomicrobiae","Verrucomicrobiales","Rubritaleaceae",NA,NA,NA
"976","sq349","E2",0.00366950033637086,"E2","TM2 21E1","TM","External",21,3.767123288,NA,0,FALSE,"Bacteria","Verrucomicrobiota","Verrucomicrobiae","Verrucomicrobiales","Rubritaleaceae",NA,NA,NA
"977","sq208","E10",0.00366728762728997,"E10","TM3 27E1","TM","External",27,0.830019021,0.233,NA,FALSE,"Bacteria","Planctomycetota","Planctomycetes","Planctomycetales","Gimesiaceae",NA,NA,NA
"978","sq349","E1",0.00366342966796534,"E1","TM2 21N1","TM","Internal",21,0.632675847,NA,0,FALSE,"Bacteria","Verrucomicrobiota","Verrucomicrobiae","Verrucomicrobiales","Rubritaleaceae",NA,NA,NA
"979","sq329","E2",0.00365726866858296,"E2","TM2 21E1","TM","External",21,3.767123288,NA,0,FALSE,"Bacteria","Proteobacteria","Alphaproteobacteria","Kiloniellales","Kiloniellaceae",NA,NA,NA
"980","sq269","E9",0.0036563571376468,"E9","TM3 27N1","TM","Internal",27,1.647954829,2.235,NA,FALSE,"Bacteria","Desulfobacterota","Desulfuromonadia","Desulfuromonadales","Sva1033",NA,NA,NA
"981","sq807","E12",0.00365634326145819,"E12","TM3 28E1","TM","External",28,1.516085295,1.023,0,FALSE,"Bacteria","Proteobacteria","Gammaproteobacteria","Thiomicrospirales","Thiomicrospiraceae",NA,NA,NA
"982","sq171","D9",0.00365422975049868,"D9","SB4 4N1","SB","Internal",4,1.337102689,1.856,NA,FALSE,"Bacteria","Fibrobacterota","Fibrobacteria","Fibrobacterales","MAT-CR-H6-H10",NA,NA,NA
"983","sq309","E2",0.00364503700079506,"E2","TM2 21E1","TM","External",21,3.767123288,NA,0,FALSE,"Bacteria","Proteobacteria","Gammaproteobacteria","Pseudomonadales","KI89A clade",NA,NA,NA
"984","sq243","D10",0.00363505957911552,"D10","SB4 4E1","SB","External",4,0.947375251,0.459,NA,FALSE,"Bacteria","Proteobacteria","Gammaproteobacteria","Pseudomonadales","Pseudohongiellaceae",NA,NA,NA
"985","sq350","D1",0.00363348303719901,"D1","SB3 1N1 ","SB","Internal",1,1.016765819,NA,0,FALSE,"Bacteria","Bacteroidota","Bacteroidia","Cytophagales","Amoebophilaceae",NA,NA,NA
"986","sq159","D12",0.00363101423217476,"D12","SB4 5E1","SB","External",5,0.897520783,0.4,0,FALSE,"Bacteria","Proteobacteria","Gammaproteobacteria","Pseudomonadales","BD2-7",NA,NA,NA
"987","sq747","E11",0.00362935003525654,"E11","TM3 28N1","TM","Internal",28,1.477155617,2.427,0.039,FALSE,"Bacteria","Verrucomicrobiota","Kiritimatiellae","Kiritimatiellales","Kiritimatiellaceae",NA,NA,NA
"988","sq35","D10",0.00362690922131482,"D10","SB4 4E1","SB","External",4,0.947375251,0.459,NA,FALSE,"Bacteria","Bacteroidota","Bacteroidia","Cytophagales","Flammeovirgaceae",NA,NA,NA
"989","sq1636","D8",0.00362469626387789,"D8","SB4 3E1","SB","External",3,0.797997922,NA,0,FALSE,"Bacteria","Bdellovibrionota","Bdellovibrionia","Bacteriovoracales","Bacteriovoracaceae",NA,NA,NA
"990","sq19","D12",0.00361933894525458,"D12","SB4 5E1","SB","External",5,0.897520783,0.4,0,FALSE,"Bacteria","Desulfobacterota","Desulfovibrionia","Desulfovibrionales","Desulfovibrionaceae",NA,NA,NA
"991","sq171","D11",0.003614445768295,"D11","SB4 5N1","SB","Internal",5,1.132759402,0.701,0,FALSE,"Bacteria","Fibrobacterota","Fibrobacteria","Fibrobacterales","MAT-CR-H6-H10",NA,NA,NA
"992","sq45","E6",0.00361132816624781,"E6","TM2 23E1","TM","External",23,1.016192071,0.102,0,FALSE,"Bacteria","Desulfobacterota","Desulfuromonadia","Desulfuromonadales","Geopsychrobacteraceae",NA,NA,NA
"993","sq165","E1",0.00360527999069605,"E1","TM2 21N1","TM","Internal",21,0.632675847,NA,0,FALSE,"Bacteria","Proteobacteria","Gammaproteobacteria","Chromatiales","Sedimenticolaceae",NA,NA,NA
"994","sq349","D6",0.00360515537218222,"D6","SB3 3E1","SB","External",3,0.711169545,0.121,0,FALSE,"Bacteria","Verrucomicrobiota","Verrucomicrobiae","Verrucomicrobiales","Rubritaleaceae",NA,NA,NA
"995","sq170","E7",0.00360078809701746,"E7","TM3 26N1","TM","Internal",26,1.910828025,NA,0.056,FALSE,"Bacteria","Desulfobacterota","Desulfobacteria","Desulfatiglandales","Desulfatiglandaceae",NA,NA,NA
"996","sq747","E12",0.00359705120856968,"E12","TM3 28E1","TM","External",28,1.516085295,1.023,0,FALSE,"Bacteria","Verrucomicrobiota","Kiritimatiellae","Kiritimatiellales","Kiritimatiellaceae",NA,NA,NA
"997","sq343","D4",0.00359585620380324,"D4","SB3 2E1","SB","External",2,0.652985075,0.136,NA,FALSE,"Bacteria","Myxococcota","Polyangia","Nannocystales","Nannocystaceae",NA,NA,NA
"998","sq125","E9",0.00359253045444598,"E9","TM3 27N1","TM","Internal",27,1.647954829,2.235,NA,FALSE,"Bacteria","Bacteroidota","Bacteroidia","Flavobacteriales","Cryomorphaceae",NA,NA,NA
"999","sq1636","D9",0.00358882966547856,"D9","SB4 4N1","SB","Internal",4,1.337102689,1.856,NA,FALSE,"Bacteria","Bdellovibrionota","Bdellovibrionia","Bacteriovoracales","Bacteriovoracaceae",NA,NA,NA
"1000","sq484","E12",0.00358716919975493,"E12","TM3 28E1","TM","External",28,1.516085295,1.023,0,FALSE,"Bacteria","Bdellovibrionota","Bdellovibrionia","Bdellovibrionales","Bdellovibrionaceae",NA,NA,NA
"1001","sq49","D3",0.00358288405104757,"D3","SB3 2N1","SB","Internal",2,0.775372332,0.11,NA,FALSE,"Bacteria","Cyanobacteria","Cyanobacteriia","Cyanobacteriales","Phormidiaceae",NA,NA,NA
"1002","sq159","E7",0.00358137684042977,"E7","TM3 26N1","TM","Internal",26,1.910828025,NA,0.056,FALSE,"Bacteria","Proteobacteria","Gammaproteobacteria","Pseudomonadales","BD2-7",NA,NA,NA
"1003","sq389","E3",0.00357857364253712,"E3","TM2 22N1","TM","Internal",22,1.027042307,1.612,NA,FALSE,"Bacteria","Bacteroidota","Ignavibacteria","Ignavibacteriales","Melioribacteraceae",NA,NA,NA
"1004","sq359","E9",0.00357429425924575,"E9","TM3 27N1","TM","Internal",27,1.647954829,2.235,NA,FALSE,"Bacteria","Myxococcota","Myxococcia","Myxococcales","Myxococcaceae",NA,NA,NA
"1005","sq269","E12",0.00356740518212542,"E12","TM3 28E1","TM","External",28,1.516085295,1.023,0,FALSE,"Bacteria","Desulfobacterota","Desulfuromonadia","Desulfuromonadales","Sva1033",NA,NA,NA
"1006","sq466","E8",0.00355707870479792,"E8","TM3 26E1","TM","External",26,1.169004676,NA,0.034,FALSE,"Bacteria","Firmicutes","Clostridia","Oscillospirales","Hungateiclostridiaceae",NA,NA,NA
"1007","sq267","E5",0.0035427717880465,"E5","TM2 23N1","TM","Internal",23,1.041089822,0.484,0,FALSE,"Bacteria","Proteobacteria","Alphaproteobacteria","Rhizobiales","Rhizobiales Incertae Sedis",NA,NA,NA
"1008","sq637","E6",0.00353741209266964,"E6","TM2 23E1","TM","External",23,1.016192071,0.102,0,FALSE,"Bacteria","Planctomycetota","Phycisphaerae","Phycisphaerales","Phycisphaeraceae",NA,NA,NA
"1009","sq11","E4",0.00353373810116642,"E4","TM2 22E1","TM","External",22,1.31061599,0.595,NA,FALSE,"Bacteria","Cyanobacteria","Cyanobacteriia","Cyanobacteriales","Coleofasciculaceae",NA,NA,NA
"1010","sq1473","D5",0.00352207071874278,"D5","SB3 3N1","SB","Internal",3,0.456230396,0,0,FALSE,"Bacteria","Bacteroidota","Bacteroidia","Sphingobacteriales","Lentimicrobiaceae",NA,NA,NA
"1011","sq446","E8",0.00352162609312219,"E8","TM3 26E1","TM","External",26,1.169004676,NA,0.034,FALSE,"Bacteria","Campylobacterota","Campylobacteria","Campylobacterales","Arcobacteraceae",NA,NA,NA
"1012","sq223","E1",0.00351805547479212,"E1","TM2 21N1","TM","Internal",21,0.632675847,NA,0,FALSE,"Bacteria","Proteobacteria","Alphaproteobacteria","Tistrellales","Geminicoccaceae",NA,NA,NA
"1013","sq37","D8",0.00351729785605928,"D8","SB4 3E1","SB","External",3,0.797997922,NA,0,FALSE,"Bacteria","Desulfobacterota","Desulfobulbia","Desulfobulbales","Desulfobulbaceae",NA,NA,NA
"1014","sq807","D1",0.00349599989525094,"D1","SB3 1N1 ","SB","Internal",1,1.016765819,NA,0,FALSE,"Bacteria","Proteobacteria","Gammaproteobacteria","Thiomicrospirales","Thiomicrospiraceae",NA,NA,NA
"1015","sq296","E4",0.00349543199708874,"E4","TM2 22E1","TM","External",22,1.31061599,0.595,NA,FALSE,"Bacteria","Proteobacteria","Gammaproteobacteria","Pseudomonadales","Hahellaceae",NA,NA,NA
"1016","sq11","D11",0.00348428567137579,"D11","SB4 5N1","SB","Internal",5,1.132759402,0.701,0,FALSE,"Bacteria","Cyanobacteria","Cyanobacteriia","Cyanobacteriales","Coleofasciculaceae",NA,NA,NA
"1017","sq223","E5",0.0034661713169536,"E5","TM2 23N1","TM","Internal",23,1.041089822,0.484,0,FALSE,"Bacteria","Proteobacteria","Alphaproteobacteria","Tistrellales","Geminicoccaceae",NA,NA,NA
"1018","sq321","D1",0.00345671899755149,"D1","SB3 1N1 ","SB","Internal",1,1.016765819,NA,0,FALSE,"Bacteria","Chloroflexi","Anaerolineae","Anaerolineales","Anaerolineaceae",NA,NA,NA
"1019","sq309","D10",0.00345575170749996,"D10","SB4 4E1","SB","External",4,0.947375251,0.459,NA,FALSE,"Bacteria","Proteobacteria","Gammaproteobacteria","Pseudomonadales","KI89A clade",NA,NA,NA
"1020","sq610","D10",0.00345575170749996,"D10","SB4 4E1","SB","External",4,0.947375251,0.459,NA,FALSE,"Bacteria","Proteobacteria","Gammaproteobacteria","Nitrosococcales","Nitrosococcaceae",NA,NA,NA
"1021","sq1636","D7",0.00344867226117945,"D7","SB4 3N1","SB","Internal",3,0.947464318,NA,0,FALSE,"Bacteria","Bdellovibrionota","Bdellovibrionia","Bacteriovoracales","Bacteriovoracaceae",NA,NA,NA
"1022","sq747","E10",0.0034417369076161,"E10","TM3 27E1","TM","External",27,0.830019021,0.233,NA,FALSE,"Bacteria","Verrucomicrobiota","Kiritimatiellae","Kiritimatiellales","Kiritimatiellaceae",NA,NA,NA
"1023","sq199","E9",0.003437522795244,"E9","TM3 27N1","TM","Internal",27,1.647954829,2.235,NA,FALSE,"Bacteria","Bacteroidota","Rhodothermia","Rhodothermales","Rhodothermaceae",NA,NA,NA
"1024","sq1367","D12",0.00343253435453176,"D12","SB4 5E1","SB","External",5,0.897520783,0.4,0,FALSE,"Bacteria","Proteobacteria","Alphaproteobacteria","Micavibrionales","Micavibrionaceae",NA,NA,NA
"1025","sq37","D12",0.00343253435453176,"D12","SB4 5E1","SB","External",5,0.897520783,0.4,0,FALSE,"Bacteria","Desulfobacterota","Desulfobulbia","Desulfobulbales","Desulfobulbaceae",NA,NA,NA
"1026","sq349","E12",0.00341917504990414,"E12","TM3 28E1","TM","External",28,1.516085295,1.023,0,FALSE,"Bacteria","Verrucomicrobiota","Verrucomicrobiae","Verrucomicrobiales","Rubritaleaceae",NA,NA,NA
"1027","sq170","E2",0.0034126353128249,"E2","TM2 21E1","TM","External",21,3.767123288,NA,0,FALSE,"Bacteria","Desulfobacterota","Desulfobacteria","Desulfatiglandales","Desulfatiglandaceae",NA,NA,NA
"1028","sq309","E10",0.00340832198618293,"E10","TM3 27E1","TM","External",27,0.830019021,0.233,NA,FALSE,"Bacteria","Proteobacteria","Gammaproteobacteria","Pseudomonadales","KI89A clade",NA,NA,NA
"1029","sq329","E10",0.00340832198618293,"E10","TM3 27E1","TM","External",27,0.830019021,0.233,NA,FALSE,"Bacteria","Proteobacteria","Alphaproteobacteria","Kiloniellales","Kiloniellaceae",NA,NA,NA
"1030","sq45","E7",0.00340667553114051,"E7","TM3 26N1","TM","Internal",26,1.910828025,NA,0.056,FALSE,"Bacteria","Desulfobacterota","Desulfuromonadia","Desulfuromonadales","Geopsychrobacteraceae",NA,NA,NA
"1031","sq159","D6",0.00340486896261654,"D6","SB3 3E1","SB","External",3,0.711169545,0.121,0,FALSE,"Bacteria","Proteobacteria","Gammaproteobacteria","Pseudomonadales","BD2-7",NA,NA,NA
"1032","sq104","D6",0.00340486896261654,"D6","SB3 3E1","SB","External",3,0.711169545,0.121,0,FALSE,"Bacteria","Cyanobacteria","Cyanobacteriia","Phormidesmiales","Nodosilineaceae",NA,NA,NA
"1033","sq199","E11",0.00340121946161185,"E11","TM3 28N1","TM","Internal",28,1.477155617,2.427,0.039,FALSE,"Bacteria","Bacteroidota","Rhodothermia","Rhodothermales","Rhodothermaceae",NA,NA,NA
"1034","sq747","E3",0.00340011458949722,"E3","TM2 22N1","TM","Internal",22,1.027042307,1.612,NA,FALSE,"Bacteria","Verrucomicrobiota","Kiritimatiellae","Kiritimatiellales","Kiritimatiellaceae",NA,NA,NA
"1035","sq816","E12",0.00339941103227464,"E12","TM3 28E1","TM","External",28,1.516085295,1.023,0,FALSE,"Bacteria","Proteobacteria","Alphaproteobacteria","Rhodospirillales","Rhodospirillaceae",NA,NA,NA
"1036","sq1373","D4",0.00338657356760305,"D4","SB3 2E1","SB","External",2,0.652985075,0.136,NA,FALSE,"Bacteria","Verrucomicrobiota","Verrucomicrobiae","Verrucomicrobiales","DEV007",NA,NA,NA
"1037","sq1473","E1",0.00337268128161889,"E1","TM2 21N1","TM","Internal",21,0.632675847,NA,0,FALSE,"Bacteria","Bacteroidota","Bacteroidia","Sphingobacteriales","Lentimicrobiaceae",NA,NA,NA
"1038","sq261","E1",0.00337268128161889,"E1","TM2 21N1","TM","Internal",21,0.632675847,NA,0,FALSE,"Bacteria","Desulfobacterota","Desulfobacteria","Desulfobacterales","Desulfococcaceae",NA,NA,NA
"1039","sq112","D4",0.00334852217920301,"D4","SB3 2E1","SB","External",2,0.652985075,0.136,NA,FALSE,"Bacteria","Desulfobacterota","Desulfobacteria","Desulfobacterales","Desulfobacteraceae",NA,NA,NA
"1040","sq48","D6",0.00334478303974684,"D6","SB3 3E1","SB","External",3,0.711169545,0.121,0,FALSE,"Bacteria","Deinococcota","Deinococci","Deinococcales","Trueperaceae",NA,NA,NA
"1041","sq1275","E1",0.00334360644298424,"E1","TM2 21N1","TM","Internal",21,0.632675847,NA,0,FALSE,"Bacteria","Spirochaetota","Leptospirae","Leptospirales","Leptospiraceae",NA,NA,NA
"1042","sq349","D2",0.00334151223606896,"D2","SB3 1E2","SB","External",1,0.994590822,NA,0,FALSE,"Bacteria","Verrucomicrobiota","Verrucomicrobiae","Verrucomicrobiales","Rubritaleaceae",NA,NA,NA
"1043","sq243","E12",0.00333023697057138,"E12","TM3 28E1","TM","External",28,1.516085295,1.023,0,FALSE,"Bacteria","Proteobacteria","Gammaproteobacteria","Pseudomonadales","Pseudohongiellaceae",NA,NA,NA
"1044","sq560","D8",0.00332935064237673,"D8","SB4 3E1","SB","External",3,0.797997922,NA,0,FALSE,"Bacteria","Verrucomicrobiota","Verrucomicrobiae","Methylacidiphilales","Methylacidiphilaceae",NA,NA,NA
"1045","sq807","E4",0.00331347800271973,"E4","TM2 22E1","TM","External",22,1.31061599,0.595,NA,FALSE,"Bacteria","Proteobacteria","Gammaproteobacteria","Thiomicrospirales","Thiomicrospiraceae",NA,NA,NA
"1046","sq19","D3",0.00330990240906299,"D3","SB3 2N1","SB","Internal",2,0.775372332,0.11,NA,FALSE,"Bacteria","Desulfobacterota","Desulfovibrionia","Desulfovibrionales","Desulfovibrionaceae",NA,NA,NA
"1047","sq1534","E8",0.00330891042306783,"E8","TM3 26E1","TM","External",26,1.169004676,NA,0.034,FALSE,"Bacteria","Sumerlaeota","Sumerlaeia","Sumerlaeales","Sumerlaeaceae",NA,NA,NA
"1048","sq159","E1",0.00328545676571495,"E1","TM2 21N1","TM","Internal",21,0.632675847,NA,0,FALSE,"Bacteria","Proteobacteria","Gammaproteobacteria","Pseudomonadales","BD2-7",NA,NA,NA
"1049","sq343","E9",0.00328251513604202,"E9","TM3 27N1","TM","Internal",27,1.647954829,2.235,NA,FALSE,"Bacteria","Myxococcota","Polyangia","Nannocystales","Nannocystaceae",NA,NA,NA
"1050","sq267","E4",0.00327517189864205,"E4","TM2 22E1","TM","External",22,1.31061599,0.595,NA,FALSE,"Bacteria","Proteobacteria","Alphaproteobacteria","Rhizobiales","Rhizobiales Incertae Sedis",NA,NA,NA
"1051","sq83","E8",0.00327345781139211,"E8","TM3 26E1","TM","External",26,1.169004676,NA,0.034,FALSE,"Bacteria","Myxococcota","Polyangia","Polyangiales","Sandaracinaceae",NA,NA,NA
"1052","sq2114","E2",0.00325362363158217,"E2","TM2 21E1","TM","External",21,3.767123288,NA,0,FALSE,"Bacteria","Planctomycetota","Phycisphaerae","MSBL9","SG8-4",NA,NA,NA
"1053","sq165","E2",0.00324139196379426,"E2","TM2 21E1","TM","External",21,3.767123288,NA,0,FALSE,"Bacteria","Proteobacteria","Gammaproteobacteria","Chromatiales","Sedimenticolaceae",NA,NA,NA
"1054","sq359","E5",0.00323636990367491,"E5","TM2 23N1","TM","Internal",23,1.041089822,0.484,0,FALSE,"Bacteria","Myxococcota","Myxococcia","Myxococcales","Myxococcaceae",NA,NA,NA
"1055","sq222","D4",0.00323436801400291,"D4","SB3 2E1","SB","External",2,0.652985075,0.136,NA,FALSE,"Bacteria","Proteobacteria","Gammaproteobacteria","Enterobacterales","Vibrionaceae",NA,NA,NA
"1056","sq223","D7",0.00323153363732741,"D7","SB4 3N1","SB","Internal",3,0.947464318,NA,0,FALSE,"Bacteria","Proteobacteria","Alphaproteobacteria","Tistrellales","Geminicoccaceae",NA,NA,NA
"1057","sq1301","E6",0.00323118835927436,"E6","TM2 23E1","TM","External",23,1.016192071,0.102,0,FALSE,"Bacteria","Modulibacteria","Moduliflexia","Moduliflexales","Moduliflexaceae",NA,NA,NA
"1058","sq713","E6",0.00323118835927436,"E6","TM2 23E1","TM","External",23,1.016192071,0.102,0,FALSE,"Bacteria","Cyanobacteria","Cyanobacteriia","Synechococcales","Cyanobiaceae",NA,NA,NA
"1059","sq807","E7",0.0032222685935574,"E7","TM3 26N1","TM","Internal",26,1.910828025,NA,0.056,FALSE,"Bacteria","Proteobacteria","Gammaproteobacteria","Thiomicrospirales","Thiomicrospiraceae",NA,NA,NA
"1060","sq309","E12",0.00322153487360911,"E12","TM3 28E1","TM","External",28,1.516085295,1.023,0,FALSE,"Bacteria","Proteobacteria","Gammaproteobacteria","Pseudomonadales","KI89A clade",NA,NA,NA
"1061","sq637","E2",0.00321692862821846,"E2","TM2 21E1","TM","External",21,3.767123288,NA,0,FALSE,"Bacteria","Planctomycetota","Phycisphaerae","Phycisphaerales","Phycisphaeraceae",NA,NA,NA
"1062","sq466","E11",0.00321456717408437,"E11","TM3 28N1","TM","Internal",28,1.477155617,2.427,0.039,FALSE,"Bacteria","Firmicutes","Clostridia","Oscillospirales","Hungateiclostridiaceae",NA,NA,NA
"1063","sq1636","D4",0.00320582947270289,"D4","SB3 2E1","SB","External",2,0.652985075,0.136,NA,FALSE,"Bacteria","Bdellovibrionota","Bdellovibrionia","Bacteriovoracales","Bacteriovoracaceae",NA,NA,NA
"1064","sq1100","D5",0.00319852091518373,"D5","SB3 3N1","SB","Internal",3,0.456230396,0,0,FALSE,"Bacteria","Hydrogenedentes","Hydrogenedentia","Hydrogenedentiales","Hydrogenedensaceae",NA,NA,NA
"1065","sq56","E1",0.00319823224981101,"E1","TM2 21N1","TM","Internal",21,0.632675847,NA,0,FALSE,"Bacteria","Proteobacteria","Alphaproteobacteria","Sphingomonadales","Sphingomonadaceae",NA,NA,NA
"1066","sq343","E5",0.00319806966812846,"E5","TM2 23N1","TM","Internal",23,1.041089822,0.484,0,FALSE,"Bacteria","Myxococcota","Polyangia","Nannocystales","Nannocystaceae",NA,NA,NA
"1067","sq1275","D5",0.00318927663508204,"D5","SB3 3N1","SB","Internal",3,0.456230396,0,0,FALSE,"Bacteria","Spirochaetota","Leptospirae","Leptospirales","Leptospiraceae",NA,NA,NA
"1068","sq1636","D3",0.00318478582315339,"D3","SB3 2N1","SB","Internal",2,0.775372332,0.11,NA,FALSE,"Bacteria","Bdellovibrionota","Bdellovibrionia","Bacteriovoracales","Bacteriovoracaceae",NA,NA,NA
"1069","sq210","E11",0.00318345845949645,"E11","TM3 28N1","TM","Internal",28,1.477155617,2.427,0.039,FALSE,"Bacteria","Calditrichota","Calditrichia","Calditrichales","Calditrichaceae",NA,NA,NA
"1070","sq1636","E9",0.00318221606244073,"E9","TM3 27N1","TM","Internal",27,1.647954829,2.235,NA,FALSE,"Bacteria","Bdellovibrionota","Bdellovibrionia","Bacteriovoracales","Bacteriovoracaceae",NA,NA,NA
"1071","sq45","E8",0.00315528243913968,"E8","TM3 26E1","TM","External",26,1.169004676,NA,0.034,FALSE,"Bacteria","Desulfobacterota","Desulfuromonadia","Desulfuromonadales","Geopsychrobacteraceae",NA,NA,NA
"1072","sq1367","D10",0.00315418846887378,"D10","SB4 4E1","SB","External",4,0.947375251,0.459,NA,FALSE,"Bacteria","Proteobacteria","Alphaproteobacteria","Micavibrionales","Micavibrionaceae",NA,NA,NA
"1073","sq495","E8",0.00314346490191444,"E8","TM3 26E1","TM","External",26,1.169004676,NA,0.034,FALSE,"Bacteria","Acidobacteriota","Thermoanaerobaculia","Thermoanaerobaculales","Thermoanaerobaculaceae",NA,NA,NA
"1074","sq23","E11",0.00314198017337924,"E11","TM3 28N1","TM","Internal",28,1.477155617,2.427,0.039,FALSE,"Bacteria","Proteobacteria","Gammaproteobacteria","Arenicellales","Arenicellaceae",NA,NA,NA
"1075","sq2280","E10",0.0031410026147176,"E10","TM3 27E1","TM","External",27,0.830019021,0.233,NA,FALSE,"Bacteria","Proteobacteria","Gammaproteobacteria","Ectothiorhodospirales","Thioalkalispiraceae",NA,NA,NA
"1076","sq959","E9",0.00313662557444015,"E9","TM3 27N1","TM","Internal",27,1.647954829,2.235,NA,FALSE,"Bacteria","Planctomycetota","Planctomycetes","Planctomycetales","Rubinisphaeraceae",NA,NA,NA
"1077","sq159","E4",0.00313152400835073,"E4","TM2 22E1","TM","External",22,1.31061599,0.595,NA,FALSE,"Bacteria","Proteobacteria","Gammaproteobacteria","Pseudomonadales","BD2-7",NA,NA,NA
"1078","sq23","E9",0.00311838937923992,"E9","TM3 27N1","TM","Internal",27,1.647954829,2.235,NA,FALSE,"Bacteria","Proteobacteria","Gammaproteobacteria","Arenicellales","Arenicellaceae",NA,NA,NA
"1079","sq199","E1",0.00311100773390708,"E1","TM2 21N1","TM","Internal",21,0.632675847,NA,0,FALSE,"Bacteria","Bacteroidota","Rhodothermia","Rhodothermales","Rhodothermaceae",NA,NA,NA
"1080","sq170","E6",0.0031044750902832,"E6","TM2 23E1","TM","External",23,1.016192071,0.102,0,FALSE,"Bacteria","Desulfobacterota","Desulfobacteria","Desulfatiglandales","Desulfatiglandaceae",NA,NA,NA
"1081","sq243","D7",0.0031038050350615,"D7","SB4 3N1","SB","Internal",3,0.947464318,NA,0,FALSE,"Bacteria","Proteobacteria","Gammaproteobacteria","Pseudomonadales","Pseudohongiellaceae",NA,NA,NA
"1082","sq199","E12",0.00309306875901733,"E12","TM3 28E1","TM","External",28,1.516085295,1.023,0,FALSE,"Bacteria","Bacteroidota","Rhodothermia","Rhodothermales","Rhodothermaceae",NA,NA,NA
"1083","sq350","D7",0.00309103217483491,"D7","SB4 3N1","SB","Internal",3,0.947464318,NA,0,FALSE,"Bacteria","Bacteroidota","Bacteroidia","Cytophagales","Amoebophilaceae",NA,NA,NA
"1084","sq389","E11",0.00309013231573271,"E11","TM3 28N1","TM","Internal",28,1.477155617,2.427,0.039,FALSE,"Bacteria","Bacteroidota","Ignavibacteria","Ignavibacteriales","Melioribacteraceae",NA,NA,NA
"1085","sq223","E12",0.00308318675020258,"E12","TM3 28E1","TM","External",28,1.516085295,1.023,0,FALSE,"Bacteria","Proteobacteria","Alphaproteobacteria","Tistrellales","Geminicoccaceae",NA,NA,NA
"1086","sq278","E5",0.00308316896148911,"E5","TM2 23N1","TM","Internal",23,1.041089822,0.484,0,FALSE,"Bacteria","Firmicutes","Clostridia","Peptostreptococcales-Tissierellales","Clostridium sensu stricto",NA,NA,NA
"1087","sq577","E9",0.00308191698883945,"E9","TM3 27N1","TM","Internal",27,1.647954829,2.235,NA,FALSE,"Bacteria","Proteobacteria","Gammaproteobacteria","Thiohalorhabdales","Thiohalorhabdaceae",NA,NA,NA
"1088","sq309","E4",0.00306448832621478,"E4","TM2 22E1","TM","External",22,1.31061599,0.595,NA,FALSE,"Bacteria","Proteobacteria","Gammaproteobacteria","Pseudomonadales","KI89A clade",NA,NA,NA
"1089","sq23","E6",0.00306223733395282,"E6","TM2 23E1","TM","External",23,1.016192071,0.102,0,FALSE,"Bacteria","Proteobacteria","Gammaproteobacteria","Arenicellales","Arenicellaceae",NA,NA,NA
"1090","sq389","E8",0.00306074214133774,"E8","TM3 26E1","TM","External",26,1.169004676,NA,0.034,FALSE,"Bacteria","Bacteroidota","Ignavibacteria","Ignavibacteriales","Melioribacteraceae",NA,NA,NA
"1091","sq45","D2",0.00305901724026603,"D2","SB3 1E2","SB","External",1,0.994590822,NA,0,FALSE,"Bacteria","Desulfobacterota","Desulfuromonadia","Desulfuromonadales","Geopsychrobacteraceae",NA,NA,NA
"1092","sq66","E2",0.00305791694697572,"E2","TM2 21E1","TM","External",21,3.767123288,NA,0,FALSE,"Bacteria","Bacteroidota","Bacteroidia","Bacteroidales","Prolixibacteraceae",NA,NA,NA
"1093","sq389","E4",0.00305491180019536,"E4","TM2 22E1","TM","External",22,1.31061599,0.595,NA,FALSE,"Bacteria","Bacteroidota","Ignavibacteria","Ignavibacteriales","Melioribacteraceae",NA,NA,NA
"1094","sq359","E3",0.00305258906515634,"E3","TM2 22N1","TM","Internal",22,1.027042307,1.612,NA,FALSE,"Bacteria","Myxococcota","Myxococcia","Myxococcales","Myxococcaceae",NA,NA,NA
"1095","sq170","E8",0.0030489246041125,"E8","TM3 26E1","TM","External",26,1.169004676,NA,0.034,FALSE,"Bacteria","Desulfobacterota","Desulfobacteria","Desulfatiglandales","Desulfatiglandaceae",NA,NA,NA
"1096","sq807","E11",0.0030486540296155,"E11","TM3 28N1","TM","Internal",28,1.477155617,2.427,0.039,FALSE,"Bacteria","Proteobacteria","Gammaproteobacteria","Thiomicrospirales","Thiomicrospiraceae",NA,NA,NA
"1097","sq261","E9",0.00304544459843898,"E9","TM3 27N1","TM","Internal",27,1.647954829,2.235,NA,FALSE,"Bacteria","Desulfobacterota","Desulfobacteria","Desulfobacterales","Desulfococcaceae",NA,NA,NA
"1098","sq2054","D4",0.00304411107200274,"D4","SB3 2E1","SB","External",2,0.652985075,0.136,NA,FALSE,"Bacteria","Halanaerobiaeota","Halanaerobiia","Halanaerobiales","Halobacteroidaceae",NA,NA,NA
"1099","sq223","E9",0.00303632650083887,"E9","TM3 27N1","TM","Internal",27,1.647954829,2.235,NA,FALSE,"Bacteria","Proteobacteria","Alphaproteobacteria","Tistrellales","Geminicoccaceae",NA,NA,NA
"1100","sq79","D2",0.00303480338348292,"D2","SB3 1E2","SB","External",1,0.994590822,NA,0,FALSE,"Bacteria","Bacteroidota","Rhodothermia","Balneolales","Balneolaceae",NA,NA,NA
"1101","sq66","D11",0.00303373148973237,"D11","SB4 5N1","SB","Internal",5,1.132759402,0.701,0,FALSE,"Bacteria","Bacteroidota","Bacteroidia","Bacteroidales","Prolixibacteraceae",NA,NA,NA
"1102","sq23","D8",0.00302058021989824,"D8","SB4 3E1","SB","External",3,0.797997922,NA,0,FALSE,"Bacteria","Proteobacteria","Gammaproteobacteria","Arenicellales","Arenicellaceae",NA,NA,NA
"1103","sq49","D4",0.00301557253070271,"D4","SB3 2E1","SB","External",2,0.652985075,0.136,NA,FALSE,"Bacteria","Cyanobacteria","Cyanobacteriia","Cyanobacteriales","Phormidiaceae",NA,NA,NA
"1104","sq393","E2",0.00300899027582411,"E2","TM2 21E1","TM","External",21,3.767123288,NA,0,FALSE,"Bacteria","Proteobacteria","Gammaproteobacteria","Burkholderiales","Nitrosomonadaceae",NA,NA,NA
"1105","sq208","E11",0.00300717574349828,"E11","TM3 28N1","TM","Internal",28,1.477155617,2.427,0.039,FALSE,"Bacteria","Planctomycetota","Planctomycetes","Planctomycetales","Gimesiaceae",NA,NA,NA
"1106","sq243","E11",0.00300717574349828,"E11","TM3 28N1","TM","Internal",28,1.477155617,2.427,0.039,FALSE,"Bacteria","Proteobacteria","Gammaproteobacteria","Pseudomonadales","Pseudohongiellaceae",NA,NA,NA
"1107","sq1534","D8",0.00300715541892091,"D8","SB4 3E1","SB","External",3,0.797997922,NA,0,FALSE,"Bacteria","Sumerlaeota","Sumerlaeia","Sumerlaeales","Sumerlaeaceae",NA,NA,NA
"1108","sq391","D11",0.00300369454428948,"D11","SB4 5N1","SB","Internal",5,1.132759402,0.701,0,FALSE,"Bacteria","Proteobacteria","Gammaproteobacteria","Beggiatoales","Beggiatoaceae",NA,NA,NA
"1109","sq1275","D11",0.00300369454428948,"D11","SB4 5N1","SB","Internal",5,1.132759402,0.701,0,FALSE,"Bacteria","Spirochaetota","Leptospirae","Leptospirales","Leptospiraceae",NA,NA,NA
"1110","sq98","D3",0.00300279806183034,"D3","SB3 2N1","SB","Internal",2,0.775372332,0.11,NA,FALSE,"Bacteria","Proteobacteria","Gammaproteobacteria","Pseudomonadales","Alcanivoracaceae1",NA,NA,NA
"1111","sq309","D7",0.00300162215324878,"D7","SB4 3N1","SB","Internal",3,0.947464318,NA,0,FALSE,"Bacteria","Proteobacteria","Gammaproteobacteria","Pseudomonadales","KI89A clade",NA,NA,NA
"1112","sq309","D12",0.00300054873848525,"D12","SB4 5E1","SB","External",5,0.897520783,0.4,0,FALSE,"Bacteria","Proteobacteria","Gammaproteobacteria","Pseudomonadales","KI89A clade",NA,NA,NA
"1113","sq484","E7",0.00299903914279891,"E7","TM3 26N1","TM","Internal",26,1.910828025,NA,0.056,FALSE,"Bacteria","Bdellovibrionota","Bdellovibrionia","Bdellovibrionales","Bdellovibrionaceae",NA,NA,NA
"1114","sq88","E10",0.00299898919862665,"E10","TM3 27E1","TM","External",27,0.830019021,0.233,NA,FALSE,"Bacteria","Bacteroidota","Bacteroidia","Bacteroidales","SB-5",NA,NA,NA
"1115","sq534","D10",0.00299118131285963,"D10","SB4 4E1","SB","External",4,0.947375251,0.459,NA,FALSE,"Bacteria","Cyanobacteria","Cyanobacteriia","Cyanobacteriales","Paraspirulinaceae",NA,NA,NA
"1116","sq821","D7",0.00298884929302219,"D7","SB4 3N1","SB","Internal",3,0.947464318,NA,0,FALSE,"Bacteria","Bacteroidota","Bacteroidia","Flavobacteriales","NS9 marine group",NA,NA,NA
"1117","sq208","E4",0.00298787611805941,"E4","TM2 22E1","TM","External",22,1.31061599,0.595,NA,FALSE,"Bacteria","Planctomycetota","Planctomycetes","Planctomycetales","Gimesiaceae",NA,NA,NA
"1118","sq98","D4",0.00298703398940269,"D4","SB3 2E1","SB","External",2,0.652985075,0.136,NA,FALSE,"Bacteria","Proteobacteria","Gammaproteobacteria","Pseudomonadales","Alcanivoracaceae1",NA,NA,NA
"1119","sq349","D1",0.00298534822515811,"D1","SB3 1N1 ","SB","Internal",1,1.016765819,NA,0,FALSE,"Bacteria","Verrucomicrobiota","Verrucomicrobiae","Verrucomicrobiales","Rubritaleaceae",NA,NA,NA
"1120","sq98","D6",0.00298426750252862,"D6","SB3 3E1","SB","External",3,0.711169545,0.121,0,FALSE,"Bacteria","Proteobacteria","Gammaproteobacteria","Pseudomonadales","Alcanivoracaceae1",NA,NA,NA
"1121","sq405","E10",0.00298228173791006,"E10","TM3 27E1","TM","External",27,0.830019021,0.233,NA,FALSE,"Bacteria","Firmicutes","Bacilli","Izemoplasmatales","Izemoplasmataceae",NA,NA,NA
"1122","sq210","E4",0.00297829959203999,"E4","TM2 22E1","TM","External",22,1.31061599,0.595,NA,FALSE,"Bacteria","Calditrichota","Calditrichia","Calditrichales","Calditrichaceae",NA,NA,NA
"1123","sq79","D5",0.00297665819274324,"D5","SB3 3N1","SB","Internal",3,0.456230396,0,0,FALSE,"Bacteria","Bacteroidota","Rhodothermia","Balneolales","Balneolaceae",NA,NA,NA
"1124","sq167","E5",0.00296826825484977,"E5","TM2 23N1","TM","Internal",23,1.041089822,0.484,0,FALSE,"Bacteria","Proteobacteria","Alphaproteobacteria","Caulobacterales","Hyphomonadaceae",NA,NA,NA
"1125","sq171","D4",0.00296800829520267,"D4","SB3 2E1","SB","External",2,0.652985075,0.136,NA,FALSE,"Bacteria","Fibrobacterota","Fibrobacteria","Fibrobacterales","MAT-CR-H6-H10",NA,NA,NA
"1126","sq466","E7",0.00296021662962352,"E7","TM3 26N1","TM","Internal",26,1.910828025,NA,0.056,FALSE,"Bacteria","Firmicutes","Clostridia","Oscillospirales","Hungateiclostridiaceae",NA,NA,NA
"1127","sq314","D4",0.00295849544810266,"D4","SB3 2E1","SB","External",2,0.652985075,0.136,NA,FALSE,"Bacteria","Desulfobacterota","Desulfuromonadia","Desulfuromonadales","Geoalkalibacteraceae",NA,NA,NA
"1128","sq1534","D11",0.00295363296855132,"D11","SB4 5N1","SB","Internal",5,1.132759402,0.701,0,FALSE,"Bacteria","Sumerlaeota","Sumerlaeia","Sumerlaeales","Sumerlaeaceae",NA,NA,NA
"1129","sq283","D9",0.00295117883653249,"D9","SB4 4N1","SB","Internal",4,1.337102689,1.856,NA,FALSE,"Bacteria","Cyanobacteria","Cyanobacteriia","Oxyphotobacteria Incertae Sedis","Unknown Family",NA,NA,NA
"1130","sq165","E7",0.00295051100132967,"E7","TM3 26N1","TM","Internal",26,1.910828025,NA,0.056,FALSE,"Bacteria","Proteobacteria","Gammaproteobacteria","Chromatiales","Sedimenticolaceae",NA,NA,NA
"1131","sq1473","E5",0.00294911813707654,"E5","TM2 23N1","TM","Internal",23,1.041089822,0.484,0,FALSE,"Bacteria","Bacteroidota","Bacteroidia","Sphingobacteriales","Lentimicrobiaceae",NA,NA,NA
"1132","sq243","D4",0.00294898260100265,"D4","SB3 2E1","SB","External",2,0.652985075,0.136,NA,FALSE,"Bacteria","Proteobacteria","Gammaproteobacteria","Pseudomonadales","Pseudohongiellaceae",NA,NA,NA
"1133","sq1841","D8",0.00291318181207964,"D8","SB4 3E1","SB","External",3,0.797997922,NA,0,FALSE,"Bacteria","Desulfobacterota","Desulfuromonadia","Desulfuromonadales","Desulfuromonadaceae",NA,NA,NA
"1134","sq199","D1",0.00290678642975921,"D1","SB3 1N1 ","SB","Internal",1,1.016765819,NA,0,FALSE,"Bacteria","Bacteroidota","Rhodothermia","Rhodothermales","Rhodothermaceae",NA,NA,NA
"1135","sq560","D6",0.00290415293870234,"D6","SB3 3E1","SB","External",3,0.711169545,0.121,0,FALSE,"Bacteria","Verrucomicrobiota","Verrucomicrobiae","Methylacidiphilales","Methylacidiphilaceae",NA,NA,NA
"1136","sq48","D1",0.00290023961347597,"D1","SB3 1N1 ","SB","Internal",1,1.016765819,NA,0,FALSE,"Bacteria","Deinococcota","Deinococci","Deinococcales","Trueperaceae",NA,NA,NA
"1137","sq418","E9",0.002890436939237,"E9","TM3 27N1","TM","Internal",27,1.647954829,2.235,NA,FALSE,"Bacteria","Planctomycetota","Phycisphaerae","Phycisphaerales","AKAU3564 sediment group",NA,NA,NA
"1138","sq37","D10",0.00288522666145044,"D10","SB4 4E1","SB","External",4,0.947375251,0.459,NA,FALSE,"Bacteria","Desulfobacterota","Desulfobulbia","Desulfobulbales","Desulfobulbaceae",NA,NA,NA
"1139","sq560","D12",0.00288379586928349,"D12","SB4 5E1","SB","External",5,0.897520783,0.4,0,FALSE,"Bacteria","Verrucomicrobiota","Verrucomicrobiae","Methylacidiphilales","Methylacidiphilaceae",NA,NA,NA
"1140","sq1636","E11",0.00288274088514663,"E11","TM3 28N1","TM","Internal",28,1.477155617,2.427,0.039,FALSE,"Bacteria","Bdellovibrionota","Bdellovibrionia","Bacteriovoracales","Bacteriovoracaceae",NA,NA,NA
"1141","sq165","E3",0.00287413001211643,"E3","TM2 22N1","TM","Internal",22,1.027042307,1.612,NA,FALSE,"Bacteria","Proteobacteria","Gammaproteobacteria","Chromatiales","Sedimenticolaceae",NA,NA,NA
"1142","sq65","E7",0.00287286597497889,"E7","TM3 26N1","TM","Internal",26,1.910828025,NA,0.056,FALSE,"Bacteria","Cyanobacteria","Cyanobacteriia","Cyanobacteriales","Oscillatoriaceae",NA,NA,NA
"1143","sq747","E9",0.00287220074403676,"E9","TM3 27N1","TM","Internal",27,1.647954829,2.235,NA,FALSE,"Bacteria","Verrucomicrobiota","Kiritimatiellae","Kiritimatiellales","Kiritimatiellaceae",NA,NA,NA
"1144","sq405","E12",0.00286578255627804,"E12","TM3 28E1","TM","External",28,1.516085295,1.023,0,FALSE,"Bacteria","Firmicutes","Bacilli","Izemoplasmatales","Izemoplasmataceae",NA,NA,NA
"1145","sq88","D4",0.00285385413000257,"D4","SB3 2E1","SB","External",2,0.652985075,0.136,NA,FALSE,"Bacteria","Bacteroidota","Bacteroidia","Bacteroidales","SB-5",NA,NA,NA
"1146","sq1373","E5",0.00285336754821042,"E5","TM2 23N1","TM","Internal",23,1.041089822,0.484,0,FALSE,"Bacteria","Verrucomicrobiota","Verrucomicrobiae","Verrucomicrobiales","DEV007",NA,NA,NA
"1147","sq630","E8",0.00284802647128338,"E8","TM3 26E1","TM","External",26,1.169004676,NA,0.034,FALSE,"Bacteria","Proteobacteria","Alphaproteobacteria","Rhodospirillales","Terasakiellaceae",NA,NA,NA
"1148","sq1636","D5",0.00284723827131962,"D5","SB3 3N1","SB","Internal",3,0.456230396,0,0,FALSE,"Bacteria","Bdellovibrionota","Bdellovibrionia","Bacteriovoracales","Bacteriovoracaceae",NA,NA,NA
"1149","sq167","D7",0.0028355749703031,"D7","SB4 3N1","SB","Internal",3,0.947464318,NA,0,FALSE,"Bacteria","Proteobacteria","Alphaproteobacteria","Caulobacterales","Hyphomonadaceae",NA,NA,NA
"1150","sq349","D7",0.0028355749703031,"D7","SB4 3N1","SB","Internal",3,0.947464318,NA,0,FALSE,"Bacteria","Verrucomicrobiota","Verrucomicrobiae","Verrucomicrobiales","Rubritaleaceae",NA,NA,NA
"1151","sq23","E8",0.0028243913968329,"E8","TM3 26E1","TM","External",26,1.169004676,NA,0.034,FALSE,"Bacteria","Proteobacteria","Gammaproteobacteria","Arenicellales","Arenicellaceae",NA,NA,NA
"1152","sq222","E7",0.00282433783350965,"E7","TM3 26N1","TM","Internal",26,1.910828025,NA,0.056,FALSE,"Bacteria","Proteobacteria","Gammaproteobacteria","Enterobacterales","Vibrionaceae",NA,NA,NA
"1153","sq6","E7",0.00282433783350965,"E7","TM3 26N1","TM","Internal",26,1.910828025,NA,0.056,FALSE,"Bacteria","Cyanobacteria","Cyanobacteriia","Cyanobacteriales","Desertifilaceae",NA,NA,NA
"1154","sq104","D5",0.00281950543101456,"D5","SB3 3N1","SB","Internal",3,0.456230396,0,0,FALSE,"Bacteria","Cyanobacteria","Cyanobacteriia","Phormidesmiales","Nodosilineaceae",NA,NA,NA
"1155","sq222","E10",0.00281520713074423,"E10","TM3 27E1","TM","External",27,0.830019021,0.233,NA,FALSE,"Bacteria","Proteobacteria","Gammaproteobacteria","Enterobacterales","Vibrionaceae",NA,NA,NA
"1156","sq171","D3",0.0028094360654246,"D3","SB3 2N1","SB","Internal",2,0.775372332,0.11,NA,FALSE,"Bacteria","Fibrobacterota","Fibrobacteria","Fibrobacterales","MAT-CR-H6-H10",NA,NA,NA
"1157","sq208","E3",0.00280838193994383,"E3","TM2 22N1","TM","Internal",22,1.027042307,1.612,NA,FALSE,"Bacteria","Planctomycetota","Planctomycetes","Planctomycetales","Gimesiaceae",NA,NA,NA
"1158","sq243","E3",0.00280838193994383,"E3","TM2 22N1","TM","Internal",22,1.027042307,1.612,NA,FALSE,"Bacteria","Proteobacteria","Gammaproteobacteria","Pseudomonadales","Pseudohongiellaceae",NA,NA,NA
"1159","sq844","E12",0.00280649050338953,"E12","TM3 28E1","TM","External",28,1.516085295,1.023,0,FALSE,"Bacteria","Proteobacteria","Gammaproteobacteria","Pseudomonadales","Microbulbiferaceae",NA,NA,NA
"1160","sq75","D11",0.00280344824133684,"D11","SB4 5N1","SB","Internal",5,1.132759402,0.701,0,FALSE,"Bacteria","Acidobacteriota","Holophagae","Acanthopleuribacterales","Acanthopleuribacteraceae",NA,NA,NA
"1161","sq1636","E12",0.00279660849457478,"E12","TM3 28E1","TM","External",28,1.516085295,1.023,0,FALSE,"Bacteria","Bdellovibrionota","Bdellovibrionia","Bacteriovoracales","Bacteriovoracaceae",NA,NA,NA
"1162","sq639","D10",0.00279557272564266,"D10","SB4 4E1","SB","External",4,0.947375251,0.459,NA,FALSE,"Bacteria","Bdellovibrionota","Oligoflexia","Oligoflexales","Oligoflexaceae",NA,NA,NA
"1163","sq343","E3",0.00278959677646595,"E3","TM2 22N1","TM","Internal",22,1.027042307,1.612,NA,FALSE,"Bacteria","Myxococcota","Polyangia","Nannocystales","Nannocystaceae",NA,NA,NA
"1164","sq352","D9",0.00278767862398221,"D9","SB4 4N1","SB","Internal",4,1.337102689,1.856,NA,FALSE,"Bacteria","Proteobacteria","Gammaproteobacteria","Enterobacterales","Alteromonadaceae",NA,NA,NA
"1165","sq198","D1",0.00278239692037762,"D1","SB3 1N1 ","SB","Internal",1,1.016765819,NA,0,FALSE,"Bacteria","Bacteroidota","Bacteroidia","Bacteroidales","ML635J-40 aquatic group",NA,NA,NA
"1166","sq198","E8",0.00277712124793193,"E8","TM3 26E1","TM","External",26,1.169004676,NA,0.034,FALSE,"Bacteria","Bacteroidota","Bacteroidia","Bacteroidales","ML635J-40 aquatic group",NA,NA,NA
"1167","sq771","E9",0.00277190167043548,"E9","TM3 27N1","TM","Internal",27,1.647954829,2.235,NA,FALSE,"Bacteria","Proteobacteria","Alphaproteobacteria","Rhizobiales","Rhizobiaceae",NA,NA,NA
"1168","sq1459","D7",0.00277171066917015,"D7","SB4 3N1","SB","Internal",3,0.947464318,NA,0,FALSE,"Bacteria","Cyanobacteria","Cyanobacteriia","Cyanobacteriales","Microcystaceae",NA,NA,NA
"1169","sq159","D7",0.00277171066917015,"D7","SB4 3N1","SB","Internal",3,0.947464318,NA,0,FALSE,"Bacteria","Proteobacteria","Gammaproteobacteria","Pseudomonadales","BD2-7",NA,NA,NA
"1170","sq309","D6",0.00276395245200637,"D6","SB3 3E1","SB","External",3,0.711169545,0.121,0,FALSE,"Bacteria","Proteobacteria","Gammaproteobacteria","Pseudomonadales","KI89A clade",NA,NA,NA
"1171","sq771","D4",0.00275872565900248,"D4","SB3 2E1","SB","External",2,0.652985075,0.136,NA,FALSE,"Bacteria","Proteobacteria","Alphaproteobacteria","Rhizobiales","Rhizobiaceae",NA,NA,NA
"1172","sq418","E5",0.0027576169593443,"E5","TM2 23N1","TM","Internal",23,1.041089822,0.484,0,FALSE,"Bacteria","Planctomycetota","Phycisphaerae","Phycisphaerales","AKAU3564 sediment group",NA,NA,NA
"1173","sq331","E7",0.00275639843545272,"E7","TM3 26N1","TM","Internal",26,1.910828025,NA,0.056,FALSE,"Bacteria","Proteobacteria","Gammaproteobacteria","Pseudomonadales","Marinobacteraceae",NA,NA,NA
"1174","sq1100","E9",0.00275366547523525,"E9","TM3 27N1","TM","Internal",27,1.647954829,2.235,NA,FALSE,"Bacteria","Hydrogenedentes","Hydrogenedentia","Hydrogenedentiales","Hydrogenedensaceae",NA,NA,NA
"1175","sq1300","E9",0.00275366547523525,"E9","TM3 27N1","TM","Internal",27,1.647954829,2.235,NA,FALSE,"Bacteria","Deferrisomatota","Defferrisomatia","Defferrisomatales","Defferrisomataceae",NA,NA,NA
"1176","sq343","E12",0.00274719845050102,"E12","TM3 28E1","TM","External",28,1.516085295,1.023,0,FALSE,"Bacteria","Myxococcota","Polyangia","Nannocystales","Nannocystaceae",NA,NA,NA
"1177","sq23","E7",0.00274669280715887,"E7","TM3 26N1","TM","Internal",26,1.910828025,NA,0.056,FALSE,"Bacteria","Proteobacteria","Gammaproteobacteria","Arenicellales","Arenicellaceae",NA,NA,NA
"1178","sq1557","D7",0.00274616494871697,"D7","SB4 3N1","SB","Internal",3,0.947464318,NA,0,FALSE,"Bacteria","Bacteroidota","Ignavibacteria","Ignavibacteriales","Ignavibacteriaceae",NA,NA,NA
"1179","sq98","D5",0.00274555119020106,"D5","SB3 3N1","SB","Internal",3,0.456230396,0,0,FALSE,"Bacteria","Proteobacteria","Gammaproteobacteria","Pseudomonadales","Alcanivoracaceae1",NA,NA,NA
"1180","sq309","D2",0.00274423710208562,"D2","SB3 1E2","SB","External",1,0.994590822,NA,0,FALSE,"Bacteria","Proteobacteria","Gammaproteobacteria","Pseudomonadales","KI89A clade",NA,NA,NA
"1181","sq959","D1",0.00274311602267817,"D1","SB3 1N1 ","SB","Internal",1,1.016765819,NA,0,FALSE,"Bacteria","Planctomycetota","Planctomycetes","Planctomycetales","Rubinisphaeraceae",NA,NA,NA
"1182","sq2247","D8",0.0027386593993744,"D8","SB4 3E1","SB","External",3,0.797997922,NA,0,FALSE,"Bacteria","Firmicutes","Bacilli","Brevibacillales","Brevibacillaceae",NA,NA,NA
"1183","sq495","D8",0.0027386593993744,"D8","SB4 3E1","SB","External",3,0.797997922,NA,0,FALSE,"Bacteria","Acidobacteriota","Thermoanaerobaculia","Thermoanaerobaculales","Thermoanaerobaculaceae",NA,NA,NA
"1184","sq610","E5",0.00273846684157108,"E5","TM2 23N1","TM","Internal",23,1.041089822,0.484,0,FALSE,"Bacteria","Proteobacteria","Gammaproteobacteria","Nitrosococcales","Nitrosococcaceae",NA,NA,NA
"1185","sq446","D6",0.00273390949057152,"D6","SB3 3E1","SB","External",3,0.711169545,0.121,0,FALSE,"Bacteria","Campylobacterota","Campylobacteria","Campylobacterales","Arcobacteraceae",NA,NA,NA
"1186","sq23","E3",0.00273324128603229,"E3","TM2 22N1","TM","Internal",22,1.027042307,1.612,NA,FALSE,"Bacteria","Proteobacteria","Gammaproteobacteria","Arenicellales","Arenicellaceae",NA,NA,NA
"1187","sq112","D12",0.00272034185240102,"D12","SB4 5E1","SB","External",5,0.897520783,0.4,0,FALSE,"Bacteria","Desulfobacterota","Desulfobacteria","Desulfobacterales","Desulfobacteraceae",NA,NA,NA
"1188","sq959","E6",0.00271377584422716,"E6","TM2 23E1","TM","External",23,1.016192071,0.102,0,FALSE,"Bacteria","Planctomycetota","Planctomycetes","Planctomycetales","Rubinisphaeraceae",NA,NA,NA
"1189","sq112","D11",0.00271333740500816,"D11","SB4 5N1","SB","Internal",5,1.132759402,0.701,0,FALSE,"Bacteria","Desulfobacterota","Desulfobacteria","Desulfobacterales","Desulfobacteraceae",NA,NA,NA
"1190","sq278","E1",0.00270395999302204,"E1","TM2 21N1","TM","Internal",21,0.632675847,NA,0,FALSE,"Bacteria","Firmicutes","Clostridia","Peptostreptococcales-Tissierellales","Clostridium sensu stricto",NA,NA,NA
"1191","sq243","E5",0.00270016660602463,"E5","TM2 23N1","TM","Internal",23,1.041089822,0.484,0,FALSE,"Bacteria","Proteobacteria","Gammaproteobacteria","Pseudomonadales","Pseudohongiellaceae",NA,NA,NA
"1192","sq223","D10",0.00269776843203417,"D10","SB4 4E1","SB","External",4,0.947375251,0.459,NA,FALSE,"Bacteria","Proteobacteria","Alphaproteobacteria","Tistrellales","Geminicoccaceae",NA,NA,NA
"1193","sq11","D12",0.00269699127856067,"D12","SB4 5E1","SB","External",5,0.897520783,0.4,0,FALSE,"Bacteria","Cyanobacteria","Cyanobacteriia","Cyanobacteriales","Coleofasciculaceae",NA,NA,NA
"1194","sq1275","E8",0.00269439848735524,"E8","TM3 26E1","TM","External",26,1.169004676,NA,0.034,FALSE,"Bacteria","Spirochaetota","Leptospirae","Leptospirales","Leptospiraceae",NA,NA,NA
"1195","sq614","D6",0.00269385220865838,"D6","SB3 3E1","SB","External",3,0.711169545,0.121,0,FALSE,"Bacteria","Bacteroidota","Bacteroidia","Flavobacteriales","Crocinitomicaceae",NA,NA,NA
"1196","sq45","E2",0.00269096691333863,"E2","TM2 21E1","TM","External",21,3.767123288,NA,0,FALSE,"Bacteria","Desulfobacterota","Desulfuromonadia","Desulfuromonadales","Geopsychrobacteraceae",NA,NA,NA
"1197","sq88","D10",0.00268961807423346,"D10","SB4 4E1","SB","External",4,0.947375251,0.459,NA,FALSE,"Bacteria","Bacteroidota","Bacteroidia","Bacteroidales","SB-5",NA,NA,NA
"1198","sq495","E7",0.00268845903739579,"E7","TM3 26N1","TM","Internal",26,1.910828025,NA,0.056,FALSE,"Bacteria","Acidobacteriota","Thermoanaerobaculia","Thermoanaerobaculales","Thermoanaerobaculaceae",NA,NA,NA
"1199","sq42","E1",0.00267488515438739,"E1","TM2 21N1","TM","Internal",21,0.632675847,NA,0,FALSE,"Bacteria","Chloroflexi","Anaerolineae","SBR1031","A4b",NA,NA,NA
"1200","sq75","D8",0.00267153539448778,"D8","SB4 3E1","SB","External",3,0.797997922,NA,0,FALSE,"Bacteria","Acidobacteriota","Holophagae","Acanthopleuribacterales","Acanthopleuribacteraceae",NA,NA,NA
"1201","sq112","E2",0.00266650357776283,"E2","TM2 21E1","TM","External",21,3.767123288,NA,0,FALSE,"Bacteria","Desulfobacterota","Desulfobacteria","Desulfobacterales","Desulfobacteraceae",NA,NA,NA
"1202","sq88","E5",0.00266186637047818,"E5","TM2 23N1","TM","Internal",23,1.041089822,0.484,0,FALSE,"Bacteria","Bacteroidota","Bacteroidia","Bacteroidales","SB-5",NA,NA,NA
"1203","sq637","E8",0.00265894587567951,"E8","TM3 26E1","TM","External",26,1.169004676,NA,0.034,FALSE,"Bacteria","Planctomycetota","Phycisphaerae","Phycisphaerales","Phycisphaeraceae",NA,NA,NA
"1204","sq323","D1",0.00265800741099603,"D1","SB3 1N1 ","SB","Internal",1,1.016765819,NA,0,FALSE,"Bacteria","Campylobacterota","Campylobacteria","Campylobacterales","Sulfurimonadaceae",NA,NA,NA
"1205","sq42","E6",0.00265041920973158,"E6","TM2 23E1","TM","External",23,1.016192071,0.102,0,FALSE,"Bacteria","Chloroflexi","Anaerolineae","SBR1031","A4b",NA,NA,NA
"1206","sq167","D10",0.00264886628522992,"D10","SB4 4E1","SB","External",4,0.947375251,0.459,NA,FALSE,"Bacteria","Proteobacteria","Alphaproteobacteria","Caulobacterales","Hyphomonadaceae",NA,NA,NA
"1207","sq331","E10",0.0026481325235784,"E10","TM3 27E1","TM","External",27,0.830019021,0.233,NA,FALSE,"Bacteria","Proteobacteria","Gammaproteobacteria","Pseudomonadales","Marinobacteraceae",NA,NA,NA
"1208","sq3467","D5",0.0026438641090825,"D5","SB3 3N1","SB","Internal",3,0.456230396,0,0,FALSE,"Bacteria","Bacteroidota","Bacteroidia","Bacteroidales","Marinilabiliaceae",NA,NA,NA
"1209","sq1414","D8",0.0026312609915558,"D8","SB4 3E1","SB","External",3,0.797997922,NA,0,FALSE,"Bacteria","Cyanobacteria","Cyanobacteriia","Cyanobacteriales","Geitlerinemaceae",NA,NA,NA
"1210","sq639","D8",0.00261783619057847,"D8","SB4 3E1","SB","External",3,0.797997922,NA,0,FALSE,"Bacteria","Bdellovibrionota","Oligoflexia","Oligoflexales","Oligoflexaceae",NA,NA,NA
"1211","sq578","D4",0.00261603295250235,"D4","SB3 2E1","SB","External",2,0.652985075,0.136,NA,FALSE,"Bacteria","Fibrobacterota","Fibrobacteria","Fibrobacterales","Fibrobacteraceae",NA,NA,NA
"1212","sq405","E4",0.00261439160330199,"E4","TM2 22E1","TM","External",22,1.31061599,0.595,NA,FALSE,"Bacteria","Firmicutes","Bacilli","Izemoplasmatales","Izemoplasmataceae",NA,NA,NA
"1213","sq816","E11",0.00261313202538471,"E11","TM3 28N1","TM","Internal",28,1.477155617,2.427,0.039,FALSE,"Bacteria","Proteobacteria","Alphaproteobacteria","Rhodospirillales","Rhodospirillaceae",NA,NA,NA
"1214","sq630","E11",0.00261313202538471,"E11","TM3 28N1","TM","Internal",28,1.477155617,2.427,0.039,FALSE,"Bacteria","Proteobacteria","Alphaproteobacteria","Rhodospirillales","Terasakiellaceae",NA,NA,NA
"1215","sq309","D1",0.00261217969701334,"D1","SB3 1N1 ","SB","Internal",1,1.016765819,NA,0,FALSE,"Bacteria","Proteobacteria","Gammaproteobacteria","Pseudomonadales","KI89A clade",NA,NA,NA
"1216","sq637","E7",0.00261081401104501,"E7","TM3 26N1","TM","Internal",26,1.910828025,NA,0.056,FALSE,"Bacteria","Planctomycetota","Phycisphaerae","Phycisphaerales","Phycisphaeraceae",NA,NA,NA
"1217","sq1301","E2",0.00260534523882331,"E2","TM2 21E1","TM","External",21,3.767123288,NA,0,FALSE,"Bacteria","Modulibacteria","Moduliflexia","Moduliflexales","Moduliflexaceae",NA,NA,NA
"1218","sq134","D10",0.00259996413842568,"D10","SB4 4E1","SB","External",4,0.947375251,0.459,NA,FALSE,"Bacteria","Bacteroidota","Bacteroidia","Bacteroidales","Bacteroidetes BD2-2",NA,NA,NA
"1219","sq560","D2",0.00259895396138697,"D2","SB3 1E2","SB","External",1,0.994590822,NA,0,FALSE,"Bacteria","Verrucomicrobiota","Verrucomicrobiae","Methylacidiphilales","Methylacidiphilaceae",NA,NA,NA
"1220","sq208","D7",0.00259289062599788,"D7","SB4 3N1","SB","Internal",3,0.947464318,NA,0,FALSE,"Bacteria","Planctomycetota","Planctomycetes","Planctomycetales","Gimesiaceae",NA,NA,NA
"1221","sq331","D7",0.00259289062599788,"D7","SB4 3N1","SB","Internal",3,0.947464318,NA,0,FALSE,"Bacteria","Proteobacteria","Gammaproteobacteria","Pseudomonadales","Marinobacteraceae",NA,NA,NA
"1222","sq261","D9",0.00259147836892188,"D9","SB4 4N1","SB","Internal",4,1.337102689,1.856,NA,FALSE,"Bacteria","Desulfobacterota","Desulfobacteria","Desulfobacterales","Desulfococcaceae",NA,NA,NA
"1223","sq66","D8",0.00259098658862382,"D8","SB4 3E1","SB","External",3,0.797997922,NA,0,FALSE,"Bacteria","Bacteroidota","Bacteroidia","Bacteroidales","Prolixibacteraceae",NA,NA,NA
"1224","sq997","D5",0.00258839842847238,"D5","SB3 3N1","SB","Internal",3,0.456230396,0,0,FALSE,"Bacteria","Verrucomicrobiota","Lentisphaeria","Oligosphaerales","Lenti-02",NA,NA,NA
"1225","sq713","E1",0.00258766063848346,"E1","TM2 21N1","TM","Internal",21,0.632675847,NA,0,FALSE,"Bacteria","Cyanobacteria","Cyanobacteriia","Synechococcales","Cyanobiaceae",NA,NA,NA
"1226","sq198","D4",0.00258749441120233,"D4","SB3 2E1","SB","External",2,0.652985075,0.136,NA,FALSE,"Bacteria","Bacteroidota","Bacteroidia","Bacteroidales","ML635J-40 aquatic group",NA,NA,NA
"1227","sq614","E11",0.0025820233107968,"E11","TM3 28N1","TM","Internal",28,1.477155617,2.427,0.039,FALSE,"Bacteria","Bacteroidota","Bacteroidia","Flavobacteriales","Crocinitomicaceae",NA,NA,NA
"1228","sq1636","E7",0.00258169712616346,"E7","TM3 26N1","TM","Internal",26,1.910828025,NA,0.056,FALSE,"Bacteria","Bdellovibrionota","Bdellovibrionia","Bacteriovoracales","Bacteriovoracaceae",NA,NA,NA
"1229","sq1100","D1",0.00257944561559714,"D1","SB3 1N1 ","SB","Internal",1,1.016765819,NA,0,FALSE,"Bacteria","Hydrogenedentes","Hydrogenedentia","Hydrogenedentiales","Hydrogenedensaceae",NA,NA,NA
"1230","sq1534","D5",0.0025791541483707,"D5","SB3 3N1","SB","Internal",3,0.456230396,0,0,FALSE,"Bacteria","Sumerlaeota","Sumerlaeia","Sumerlaeales","Sumerlaeaceae",NA,NA,NA
"1231","sq165","E6",0.00256594369707081,"E6","TM2 23E1","TM","External",23,1.016192071,0.102,0,FALSE,"Bacteria","Proteobacteria","Gammaproteobacteria","Chromatiales","Sedimenticolaceae",NA,NA,NA
"1232","sq534","D8",0.00256413698666917,"D8","SB4 3E1","SB","External",3,0.797997922,NA,0,FALSE,"Bacteria","Cyanobacteria","Cyanobacteriia","Cyanobacteriales","Paraspirulinaceae",NA,NA,NA
"1233","sq199","D4",0.0025589558699023,"D4","SB3 2E1","SB","External",2,0.652985075,0.136,NA,FALSE,"Bacteria","Bacteroidota","Rhodothermia","Rhodothermales","Rhodothermaceae",NA,NA,NA
"1234","sq309","D9",0.00255877832641182,"D9","SB4 4N1","SB","Internal",4,1.337102689,1.856,NA,FALSE,"Bacteria","Proteobacteria","Gammaproteobacteria","Pseudomonadales","KI89A clade",NA,NA,NA
"1235","sq389","D8",0.00255071218569185,"D8","SB4 3E1","SB","External",3,0.797997922,NA,0,FALSE,"Bacteria","Bacteroidota","Ignavibacteria","Ignavibacteriales","Melioribacteraceae",NA,NA,NA
"1236","sq359","E10",0.00254788775927891,"E10","TM3 27E1","TM","External",27,0.830019021,0.233,NA,FALSE,"Bacteria","Myxococcota","Myxococcia","Myxococcales","Myxococcaceae",NA,NA,NA
"1237","sq442","D6",0.00254363740148412,"D6","SB3 3E1","SB","External",3,0.711169545,0.121,0,FALSE,"Bacteria","Bacteroidota","Bacteroidia","Flavobacteriales","Schleiferiaceae",NA,NA,NA
"1238","sq167","E4",0.00253777939514662,"E4","TM2 22E1","TM","External",22,1.31061599,0.595,NA,FALSE,"Bacteria","Proteobacteria","Alphaproteobacteria","Caulobacterales","Hyphomonadaceae",NA,NA,NA
"1239","sq393","E9",0.00253483113283245,"E9","TM3 27N1","TM","Internal",27,1.647954829,2.235,NA,FALSE,"Bacteria","Proteobacteria","Gammaproteobacteria","Burkholderiales","Nitrosomonadaceae",NA,NA,NA
"1240","sq349","D3",0.00252508018835733,"D3","SB3 2N1","SB","Internal",2,0.775372332,0.11,NA,FALSE,"Bacteria","Verrucomicrobiota","Verrucomicrobiae","Verrucomicrobiales","Rubritaleaceae",NA,NA,NA
"1241","sq66","D3",0.00252508018835733,"D3","SB3 2N1","SB","Internal",2,0.775372332,0.11,NA,FALSE,"Bacteria","Bacteroidota","Bacteroidia","Bacteroidales","Prolixibacteraceae",NA,NA,NA
"1242","sq1473","E6",0.00252370594074043,"E6","TM2 23E1","TM","External",23,1.016192071,0.102,0,FALSE,"Bacteria","Bacteroidota","Bacteroidia","Sphingobacteriales","Lentimicrobiaceae",NA,NA,NA
"1243","sq79","E10",0.00252282656820403,"E10","TM3 27E1","TM","External",27,0.830019021,0.233,NA,FALSE,"Bacteria","Bacteroidota","Rhodothermia","Balneolales","Balneolaceae",NA,NA,NA
"1244","sq352","D1",0.00252052426904796,"D1","SB3 1N1 ","SB","Internal",1,1.016765819,NA,0,FALSE,"Bacteria","Proteobacteria","Gammaproteobacteria","Enterobacterales","Alteromonadaceae",NA,NA,NA
"1245","sq1534","E7",0.00251375772810653,"E7","TM3 26N1","TM","Internal",26,1.910828025,NA,0.056,FALSE,"Bacteria","Sumerlaeota","Sumerlaeia","Sumerlaeales","Sumerlaeaceae",NA,NA,NA
"1246","sq167","E6",0.00251314650165783,"E6","TM2 23E1","TM","External",23,1.016192071,0.102,0,FALSE,"Bacteria","Proteobacteria","Alphaproteobacteria","Caulobacterales","Hyphomonadaceae",NA,NA,NA
"1247","sq482","E2",0.00250749189652009,"E2","TM2 21E1","TM","External",21,3.767123288,NA,0,FALSE,"Bacteria","Proteobacteria","Alphaproteobacteria","Rhizobiales","Hyphomicrobiaceae",NA,NA,NA
"1248","sq2037","D7",0.00250348060441175,"D7","SB4 3N1","SB","Internal",3,0.947464318,NA,0,FALSE,"Bacteria","Acidobacteriota","Blastocatellia","Blastocatellales","Blastocatellaceae",NA,NA,NA
"1249","sq23","E1",0.00250043612257952,"E1","TM2 21N1","TM","Internal",21,0.632675847,NA,0,FALSE,"Bacteria","Proteobacteria","Gammaproteobacteria","Arenicellales","Arenicellaceae",NA,NA,NA
"1250","sq35","E12",0.00250014823013222,"E12","TM3 28E1","TM","External",28,1.516085295,1.023,0,FALSE,"Bacteria","Bacteroidota","Bacteroidia","Cytophagales","Flammeovirgaceae",NA,NA,NA
"1251","sq466","E12",0.00250014823013222,"E12","TM3 28E1","TM","External",28,1.516085295,1.023,0,FALSE,"Bacteria","Firmicutes","Clostridia","Oscillospirales","Hungateiclostridiaceae",NA,NA,NA
"1252","sq45","D12",0.00249851140091768,"D12","SB4 5E1","SB","External",5,0.897520783,0.4,0,FALSE,"Bacteria","Desulfobacterota","Desulfuromonadia","Desulfuromonadales","Geopsychrobacteraceae",NA,NA,NA
"1253","sq630","D12",0.00249851140091768,"D12","SB4 5E1","SB","External",5,0.897520783,0.4,0,FALSE,"Bacteria","Proteobacteria","Alphaproteobacteria","Rhodospirillales","Terasakiellaceae",NA,NA,NA
"1254","sq331","D8",0.00249701298178254,"D8","SB4 3E1","SB","External",3,0.797997922,NA,0,FALSE,"Bacteria","Proteobacteria","Gammaproteobacteria","Pseudomonadales","Marinobacteraceae",NA,NA,NA
"1255","sq747","E7",0.00249434647151883,"E7","TM3 26N1","TM","Internal",26,1.910828025,NA,0.056,FALSE,"Bacteria","Verrucomicrobiota","Kiritimatiellae","Kiritimatiellales","Kiritimatiellaceae",NA,NA,NA
"1256","sq37","D7",0.00249070774418515,"D7","SB4 3N1","SB","Internal",3,0.947464318,NA,0,FALSE,"Bacteria","Desulfobacterota","Desulfobulbia","Desulfobulbales","Desulfobulbaceae",NA,NA,NA
"1257","sq167","E3",0.00248903416081978,"E3","TM2 22N1","TM","Internal",22,1.027042307,1.612,NA,FALSE,"Bacteria","Proteobacteria","Alphaproteobacteria","Caulobacterales","Hyphomonadaceae",NA,NA,NA
"1258","sq1010","E2",0.00248302856094428,"E2","TM2 21E1","TM","External",21,3.767123288,NA,0,FALSE,"Bacteria","Proteobacteria","Alphaproteobacteria","Rhizobiales","Methyloligellaceae",NA,NA,NA
"1259","sq389","E6",0.00248146818441004,"E6","TM2 23E1","TM","External",23,1.016192071,0.102,0,FALSE,"Bacteria","Bacteroidota","Ignavibacteria","Ignavibacteriales","Melioribacteraceae",NA,NA,NA
"1260","sq466","E4",0.00248032023903009,"E4","TM2 22E1","TM","External",22,1.31061599,0.595,NA,FALSE,"Bacteria","Firmicutes","Clostridia","Oscillospirales","Hungateiclostridiaceae",NA,NA,NA
"1261","sq343","E11",0.00247832759550375,"E11","TM3 28N1","TM","Internal",28,1.477155617,2.427,0.039,FALSE,"Bacteria","Myxococcota","Polyangia","Nannocystales","Nannocystaceae",NA,NA,NA
"1262","sq959","D7",0.00247793488395856,"D7","SB4 3N1","SB","Internal",3,0.947464318,NA,0,FALSE,"Bacteria","Planctomycetota","Planctomycetes","Planctomycetales","Rubinisphaeraceae",NA,NA,NA
"1263","sq331","D10",0.00247770877141507,"D10","SB4 4E1","SB","External",4,0.947375251,0.459,NA,FALSE,"Bacteria","Proteobacteria","Gammaproteobacteria","Pseudomonadales","Marinobacteraceae",NA,NA,NA
"1264","sq1459","E6",0.00247090874532745,"E6","TM2 23E1","TM","External",23,1.016192071,0.102,0,FALSE,"Bacteria","Cyanobacteria","Cyanobacteriia","Cyanobacteriales","Microcystaceae",NA,NA,NA
"1265","sq902","E8",0.00246986528007563,"E8","TM3 26E1","TM","External",26,1.169004676,NA,0.034,FALSE,"Bacteria","Proteobacteria","Gammaproteobacteria","Pseudomonadales","Nitrincolaceae",NA,NA,NA
"1266","sq170","E10",0.00246435045569599,"E10","TM3 27E1","TM","External",27,0.830019021,0.233,NA,FALSE,"Bacteria","Desulfobacterota","Desulfobacteria","Desulfatiglandales","Desulfatiglandaceae",NA,NA,NA
"1267","sq639","D1",0.00246160292249879,"D1","SB3 1N1 ","SB","Internal",1,1.016765819,NA,0,FALSE,"Bacteria","Bdellovibrionota","Oligoflexia","Oligoflexales","Oligoflexaceae",NA,NA,NA
"1268","sq267","E3",0.00246085641560296,"E3","TM2 22N1","TM","Internal",22,1.027042307,1.612,NA,FALSE,"Bacteria","Proteobacteria","Alphaproteobacteria","Rhizobiales","Rhizobiales Incertae Sedis",NA,NA,NA
"1269","sq159","E2",0.00244633355758058,"E2","TM2 21E1","TM","External",21,3.767123288,NA,0,FALSE,"Bacteria","Proteobacteria","Gammaproteobacteria","Pseudomonadales","BD2-7",NA,NA,NA
"1270","sq42","E5",0.00243206495719949,"E5","TM2 23N1","TM","Internal",23,1.041089822,0.484,0,FALSE,"Bacteria","Chloroflexi","Anaerolineae","SBR1031","A4b",NA,NA,NA
"1271","sq771","D2",0.00241331439271647,"D2","SB3 1E2","SB","External",1,0.994590822,NA,0,FALSE,"Bacteria","Proteobacteria","Alphaproteobacteria","Rhizobiales","Rhizobiaceae",NA,NA,NA
"1272","sq610","D11",0.00241296795057921,"D11","SB4 5N1","SB","Internal",5,1.132759402,0.701,0,FALSE,"Bacteria","Proteobacteria","Gammaproteobacteria","Nitrosococcales","Nitrosococcaceae",NA,NA,NA
"1273","sq352","E7",0.00240699581687421,"E7","TM3 26N1","TM","Internal",26,1.910828025,NA,0.056,FALSE,"Bacteria","Proteobacteria","Gammaproteobacteria","Enterobacterales","Alteromonadaceae",NA,NA,NA
"1274","sq1534","D4",0.00240675031630217,"D4","SB3 2E1","SB","External",2,0.652985075,0.136,NA,FALSE,"Bacteria","Sumerlaeota","Sumerlaeia","Sumerlaeales","Sumerlaeaceae",NA,NA,NA
"1275","sq2503","D8",0.00240303937494127,"D8","SB4 3E1","SB","External",3,0.797997922,NA,0,FALSE,"Bacteria","Firmicutes","Bacilli","Bacillales","Bacillaceae",NA,NA,NA
"1276","sq1373","D1",0.00239613475966637,"D1","SB3 1N1 ","SB","Internal",1,1.016765819,NA,0,FALSE,"Bacteria","Verrucomicrobiota","Verrucomicrobiae","Verrucomicrobiales","DEV007",NA,NA,NA
"1277","sq614","D1",0.00238958794338313,"D1","SB3 1N1 ","SB","Internal",1,1.016765819,NA,0,FALSE,"Bacteria","Bacteroidota","Bacteroidia","Flavobacteriales","Crocinitomicaceae",NA,NA,NA
"1278","sq2016","D5",0.00238502426623527,"D5","SB3 3N1","SB","Internal",3,0.456230396,0,0,FALSE,"Bacteria","Chloroflexi","Chloroflexia","Chloroflexales","Chloroflexaceae",NA,NA,NA
"1279","sq1373","D7",0.00237575200214584,"D7","SB4 3N1","SB","Internal",3,0.947464318,NA,0,FALSE,"Bacteria","Verrucomicrobiota","Verrucomicrobiae","Verrucomicrobiales","DEV007",NA,NA,NA
"1280","sq816","D6",0.0023733939533533,"D6","SB3 3E1","SB","External",3,0.711169545,0.121,0,FALSE,"Bacteria","Proteobacteria","Alphaproteobacteria","Rhodospirillales","Rhodospirillaceae",NA,NA,NA
"1281","sq1676","E9",0.00237070537603035,"E9","TM3 27N1","TM","Internal",27,1.647954829,2.235,NA,FALSE,"Bacteria","Proteobacteria","Alphaproteobacteria","Rhodospirillales","Magnetospiraceae",NA,NA,NA
"1282","sq321","D8",0.00236276497200929,"D8","SB4 3E1","SB","External",3,0.797997922,NA,0,FALSE,"Bacteria","Chloroflexi","Anaerolineae","Anaerolineales","Anaerolineaceae",NA,NA,NA
"1283","sq747","E2",0.00236071188306526,"E2","TM2 21E1","TM","External",21,3.767123288,NA,0,FALSE,"Bacteria","Verrucomicrobiota","Kiritimatiellae","Kiritimatiellales","Kiritimatiellaceae",NA,NA,NA
"1284","sq484","E5",0.00235546448610659,"E5","TM2 23N1","TM","Internal",23,1.041089822,0.484,0,FALSE,"Bacteria","Bdellovibrionota","Bdellovibrionia","Bdellovibrionales","Bdellovibrionaceae",NA,NA,NA
"1285","sq614","D9",0.00235440306072398,"D9","SB4 4N1","SB","Internal",4,1.337102689,1.856,NA,FALSE,"Bacteria","Bacteroidota","Bacteroidia","Flavobacteriales","Crocinitomicaceae",NA,NA,NA
"1286","sq267","E7",0.00234876204711112,"E7","TM3 26N1","TM","Internal",26,1.910828025,NA,0.056,FALSE,"Bacteria","Proteobacteria","Alphaproteobacteria","Rhizobiales","Rhizobiales Incertae Sedis",NA,NA,NA
"1287","sq614","E7",0.00234876204711112,"E7","TM3 26N1","TM","Internal",26,1.910828025,NA,0.056,FALSE,"Bacteria","Bacteroidota","Bacteroidia","Flavobacteriales","Crocinitomicaceae",NA,NA,NA
"1288","sq329","D11",0.00234288174454579,"D11","SB4 5N1","SB","Internal",5,1.132759402,0.701,0,FALSE,"Bacteria","Proteobacteria","Alphaproteobacteria","Kiloniellales","Kiloniellaceae",NA,NA,NA
"1289","sq2146","E12",0.00234203608909619,"E12","TM3 28E1","TM","External",28,1.516085295,1.023,0,FALSE,"Bacteria","Proteobacteria","Zetaproteobacteria","Mariprofundales","Mariprofundaceae",NA,NA,NA
"1290","sq83","D4",0.00234016038660211,"D4","SB3 2E1","SB","External",2,0.652985075,0.136,NA,FALSE,"Bacteria","Myxococcota","Polyangia","Polyangiales","Sandaracinaceae",NA,NA,NA
"1291","sq484","E2",0.00233624854748945,"E2","TM2 21E1","TM","External",21,3.767123288,NA,0,FALSE,"Bacteria","Bdellovibrionota","Bdellovibrionia","Bdellovibrionales","Bdellovibrionaceae",NA,NA,NA
"1292","sq391","E11",0.00233315359409349,"E11","TM3 28N1","TM","Internal",28,1.477155617,2.427,0.039,FALSE,"Bacteria","Proteobacteria","Gammaproteobacteria","Beggiatoales","Beggiatoaceae",NA,NA,NA
"1293","sq269","E1",0.00232598709077165,"E1","TM2 21N1","TM","Internal",21,0.632675847,NA,0,FALSE,"Bacteria","Desulfobacterota","Desulfuromonadia","Desulfuromonadales","Sva1033",NA,NA,NA
"1294","sq1373","E6",0.00232307659817111,"E6","TM2 23E1","TM","External",23,1.016192071,0.102,0,FALSE,"Bacteria","Verrucomicrobiota","Verrucomicrobiae","Verrucomicrobiales","DEV007",NA,NA,NA
"1295","sq1473","E10",0.00232233703960504,"E10","TM3 27E1","TM","External",27,0.830019021,0.233,NA,FALSE,"Bacteria","Bacteroidota","Bacteroidia","Sphingobacteriales","Lentimicrobiaceae",NA,NA,NA
"1296","sq560","D3",0.0023203439568689,"D3","SB3 2N1","SB","Internal",2,0.775372332,0.11,NA,FALSE,"Bacteria","Verrucomicrobiota","Verrucomicrobiae","Methylacidiphilales","Methylacidiphilaceae",NA,NA,NA
"1297","sq1275","E4",0.00231751929669993,"E4","TM2 22E1","TM","External",22,1.31061599,0.595,NA,FALSE,"Bacteria","Spirochaetota","Leptospirae","Leptospirales","Leptospiraceae",NA,NA,NA
"1298","sq583","E8",0.00231623729614748,"E8","TM3 26E1","TM","External",26,1.169004676,NA,0.034,FALSE,"Bacteria","Campylobacterota","Campylobacteria","Campylobacterales","Sulfurovaceae",NA,NA,NA
"1299","sq210","E9",0.00230687869282953,"E9","TM3 27N1","TM","Internal",27,1.647954829,2.235,NA,FALSE,"Bacteria","Calditrichota","Calditrichia","Calditrichales","Calditrichaceae",NA,NA,NA
"1300","sq243","D9",0.0023053529969589,"D9","SB4 4N1","SB","Internal",4,1.337102689,1.856,NA,FALSE,"Bacteria","Proteobacteria","Gammaproteobacteria","Pseudomonadales","Pseudohongiellaceae",NA,NA,NA
"1301","sq959","D11",0.00230283248395527,"D11","SB4 5N1","SB","Internal",5,1.132759402,0.701,0,FALSE,"Bacteria","Planctomycetota","Planctomycetes","Planctomycetales","Rubinisphaeraceae",NA,NA,NA
"1302","sq985","D5",0.00230182574532008,"D5","SB3 3N1","SB","Internal",3,0.456230396,0,0,FALSE,"Bacteria","Firmicutes","Clostridia","Christensenellales","Christensenellaceae",NA,NA,NA
"1303","sq223","E7",0.00230023390564188,"E7","TM3 26N1","TM","Internal",26,1.910828025,NA,0.056,FALSE,"Bacteria","Proteobacteria","Alphaproteobacteria","Tistrellales","Geminicoccaceae",NA,NA,NA
"1304","sq314","D9",0.00229717798633138,"D9","SB4 4N1","SB","Internal",4,1.337102689,1.856,NA,FALSE,"Bacteria","Desulfobacterota","Desulfuromonadia","Desulfuromonadales","Geoalkalibacteraceae",NA,NA,NA
"1305","sq296","E1",0.002296912252137,"E1","TM2 21N1","TM","Internal",21,0.632675847,NA,0,FALSE,"Bacteria","Proteobacteria","Gammaproteobacteria","Pseudomonadales","Hahellaceae",NA,NA,NA
"1306","sq391","E12",0.00229262604502243,"E12","TM3 28E1","TM","External",28,1.516085295,1.023,0,FALSE,"Bacteria","Proteobacteria","Gammaproteobacteria","Beggiatoales","Beggiatoaceae",NA,NA,NA
"1307","sq199","E8",0.002292602221697,"E8","TM3 26E1","TM","External",26,1.169004676,NA,0.034,FALSE,"Bacteria","Bacteroidota","Rhodothermia","Rhodothermales","Rhodothermaceae",NA,NA,NA
"1308","sq343","E6",0.00229139828092332,"E6","TM2 23E1","TM","External",23,1.016192071,0.102,0,FALSE,"Bacteria","Myxococcota","Polyangia","Nannocystales","Nannocystaceae",NA,NA,NA
"1309","sq165","E4",0.00228878971864167,"E4","TM2 22E1","TM","External",22,1.31061599,0.595,NA,FALSE,"Bacteria","Proteobacteria","Gammaproteobacteria","Chromatiales","Sedimenticolaceae",NA,NA,NA
"1310","sq989","E9",0.00228864249762929,"E9","TM3 27N1","TM","Internal",27,1.647954829,2.235,NA,FALSE,"Bacteria","Myxococcota","Polyangia","Haliangiales","Haliangiaceae",NA,NA,NA
"1311","sq1046","E6",0.00228083884184072,"E6","TM2 23E1","TM","External",23,1.016192071,0.102,0,FALSE,"Bacteria","Firmicutes","Clostridia","Peptostreptococcales-Tissierellales","Fusibacteraceae",NA,NA,NA
"1312","sq331","D9",0.00228082796507635,"D9","SB4 4N1","SB","Internal",4,1.337102689,1.856,NA,FALSE,"Bacteria","Proteobacteria","Gammaproteobacteria","Pseudomonadales","Marinobacteraceae",NA,NA,NA
"1313","sq35","E8",0.00228078468447176,"E8","TM3 26E1","TM","External",26,1.169004676,NA,0.034,FALSE,"Bacteria","Bacteroidota","Bacteroidia","Cytophagales","Flammeovirgaceae",NA,NA,NA
"1314","sq159","D5",0.00227409290501502,"D5","SB3 3N1","SB","Internal",3,0.456230396,0,0,FALSE,"Bacteria","Proteobacteria","Gammaproteobacteria","Pseudomonadales","BD2-7",NA,NA,NA
"1315","sq1414","D10",0.00227394982639738,"D10","SB4 4E1","SB","External",4,0.947375251,0.459,NA,FALSE,"Bacteria","Cyanobacteria","Cyanobacteriia","Cyanobacteriales","Geitlerinemaceae",NA,NA,NA
"1316","sq440","E9",0.00227040630242906,"E9","TM3 27N1","TM","Internal",27,1.647954829,2.235,NA,FALSE,"Bacteria","Fusobacteriota","Fusobacteriia","Fusobacteriales","Fusobacteriaceae",NA,NA,NA
"1317","sq1473","E4",0.00226963666660282,"E4","TM2 22E1","TM","External",22,1.31061599,0.595,NA,FALSE,"Bacteria","Bacteroidota","Bacteroidia","Sphingobacteriales","Lentimicrobiaceae",NA,NA,NA
"1318","sq807","E1",0.00226783741350236,"E1","TM2 21N1","TM","Internal",21,0.632675847,NA,0,FALSE,"Bacteria","Proteobacteria","Gammaproteobacteria","Thiomicrospirales","Thiomicrospiraceae",NA,NA,NA
"1319","sq134","D4",0.00226405760980204,"D4","SB3 2E1","SB","External",2,0.652985075,0.136,NA,FALSE,"Bacteria","Bacteroidota","Bacteroidia","Bacteroidales","Bacteroidetes BD2-2",NA,NA,NA
"1320","sq2158","E2",0.00226285854076203,"E2","TM2 21E1","TM","External",21,3.767123288,NA,0,FALSE,"Bacteria","Actinobacteriota","Acidimicrobiia","Microtrichales","Microtrichaceae",NA,NA,NA
"1321","sq713","E2",0.00226285854076203,"E2","TM2 21E1","TM","External",21,3.767123288,NA,0,FALSE,"Bacteria","Cyanobacteria","Cyanobacteriia","Synechococcales","Cyanobiaceae",NA,NA,NA
"1322","sq2293","D5",0.00225560434481165,"D5","SB3 3N1","SB","Internal",3,0.456230396,0,0,FALSE,"Bacteria","Thermotogota","Thermotogae","Petrotogales","Petrotogaceae",NA,NA,NA
"1323","sq243","D12",0.00225333037559398,"D12","SB4 5E1","SB","External",5,0.897520783,0.4,0,FALSE,"Bacteria","Proteobacteria","Gammaproteobacteria","Pseudomonadales","Pseudohongiellaceae",NA,NA,NA
"1324","sq66","D12",0.00225333037559398,"D12","SB4 5E1","SB","External",5,0.897520783,0.4,0,FALSE,"Bacteria","Bacteroidota","Bacteroidia","Bacteroidales","Prolixibacteraceae",NA,NA,NA
"1325","sq88","D12",0.00225333037559398,"D12","SB4 5E1","SB","External",5,0.897520783,0.4,0,FALSE,"Bacteria","Bacteroidota","Bacteroidia","Bacteroidales","SB-5",NA,NA,NA
"1326","sq959","D10",0.00224949875299526,"D10","SB4 4E1","SB","External",4,0.947375251,0.459,NA,FALSE,"Bacteria","Planctomycetota","Planctomycetes","Planctomycetales","Rubinisphaeraceae",NA,NA,NA
"1327","sq639","D2",0.00224381739523471,"D2","SB3 1E2","SB","External",1,0.994590822,NA,0,FALSE,"Bacteria","Bdellovibrionota","Oligoflexia","Oligoflexales","Oligoflexaceae",NA,NA,NA
"1328","sq731","D6",0.0022432077871356,"D6","SB3 3E1","SB","External",3,0.711169545,0.121,0,FALSE,"Bacteria","Myxococcota","Polyangia","Polyangiales","Eel-36e1D6",NA,NA,NA
"1329","sq88","D8",0.00224194176321336,"D8","SB4 3E1","SB","External",3,0.797997922,NA,0,FALSE,"Bacteria","Bacteroidota","Bacteroidia","Bacteroidales","SB-5",NA,NA,NA
"1330","sq97","D8",0.00224194176321336,"D8","SB4 3E1","SB","External",3,0.797997922,NA,0,FALSE,"Bacteria","Proteobacteria","Gammaproteobacteria","Chromatiales","Chromatiaceae",NA,NA,NA
"1331","sq349","D12",0.0022416550886738,"D12","SB4 5E1","SB","External",5,0.897520783,0.4,0,FALSE,"Bacteria","Verrucomicrobiota","Verrucomicrobiae","Verrucomicrobiales","Rubritaleaceae",NA,NA,NA
"1332","sq88","D3",0.00224072431129007,"D3","SB3 2N1","SB","Internal",2,0.775372332,0.11,NA,FALSE,"Bacteria","Bacteroidota","Bacteroidia","Bacteroidales","SB-5",NA,NA,NA
"1333","sq1473","E11",0.00223982745032975,"E11","TM3 28N1","TM","Internal",28,1.477155617,2.427,0.039,FALSE,"Bacteria","Bacteroidota","Bacteroidia","Sphingobacteriales","Lentimicrobiaceae",NA,NA,NA
"1334","sq378","E2",0.00223839520518623,"E2","TM2 21E1","TM","External",21,3.767123288,NA,0,FALSE,"Bacteria","Proteobacteria","Gammaproteobacteria","Enterobacterales","Pseudoalteromonadaceae",NA,NA,NA
"1335","sq771","D3",0.00222935007620738,"D3","SB3 2N1","SB","Internal",2,0.775372332,0.11,NA,FALSE,"Bacteria","Proteobacteria","Alphaproteobacteria","Rhizobiales","Rhizobiaceae",NA,NA,NA
"1336","sq171","D2",0.00222767482404597,"D2","SB3 1E2","SB","External",1,0.994590822,NA,0,FALSE,"Bacteria","Fibrobacterota","Fibrobacteria","Fibrobacterales","MAT-CR-H6-H10",NA,NA,NA
"1337","sq1043","E2",0.00222616353739832,"E2","TM2 21E1","TM","External",21,3.767123288,NA,0,FALSE,"Bacteria","Actinobacteriota","Actinobacteria","Nitriliruptorales","Nitriliruptoraceae",NA,NA,NA
"1338","sq2028","D5",0.0022186272244049,"D5","SB3 3N1","SB","Internal",3,0.456230396,0,0,FALSE,"Bacteria","Verrucomicrobiota","Omnitrophia","Omnitrophales","Omnitrophaceae",NA,NA,NA
"1339","sq2114","E1",0.00220968773623306,"E1","TM2 21N1","TM","Internal",21,0.632675847,NA,0,FALSE,"Bacteria","Planctomycetota","Phycisphaerae","MSBL9","SG8-4",NA,NA,NA
"1340","sq1473","E3",0.00220725670865151,"E3","TM2 22N1","TM","Internal",22,1.027042307,1.612,NA,FALSE,"Bacteria","Bacteroidota","Bacteroidia","Sphingobacteriales","Lentimicrobiaceae",NA,NA,NA
"1341","sq880","D3",0.00220660160604199,"D3","SB3 2N1","SB","Internal",2,0.775372332,0.11,NA,FALSE,"Bacteria","Proteobacteria","Alphaproteobacteria","Caulobacterales","Parvularculaceae",NA,NA,NA
"1342","sq223","D8",0.00220166736028138,"D8","SB4 3E1","SB","External",3,0.797997922,NA,0,FALSE,"Bacteria","Proteobacteria","Alphaproteobacteria","Tistrellales","Geminicoccaceae",NA,NA,NA
"1343","sq731","D1",0.00219973027116913,"D1","SB3 1N1 ","SB","Internal",1,1.016765819,NA,0,FALSE,"Bacteria","Myxococcota","Polyangia","Polyangiales","Eel-36e1D6",NA,NA,NA
"1344","sq198","D9",0.00219907785880122,"D9","SB4 4N1","SB","Internal",4,1.337102689,1.856,NA,FALSE,"Bacteria","Bacteroidota","Bacteroidia","Bacteroidales","ML635J-40 aquatic group",NA,NA,NA
"1345","sq482","E6",0.00219636332917995,"E6","TM2 23E1","TM","External",23,1.016192071,0.102,0,FALSE,"Bacteria","Proteobacteria","Alphaproteobacteria","Rhizobiales","Hyphomicrobiaceae",NA,NA,NA
"1346","sq75","D1",0.00219318345488589,"D1","SB3 1N1 ","SB","Internal",1,1.016765819,NA,0,FALSE,"Bacteria","Acidobacteriota","Holophagae","Acanthopleuribacterales","Acanthopleuribacteraceae",NA,NA,NA
"1347","sq49","D11",0.00219269701733132,"D11","SB4 5N1","SB","Internal",5,1.132759402,0.701,0,FALSE,"Bacteria","Cyanobacteria","Cyanobacteriia","Cyanobacteriales","Phormidiaceae",NA,NA,NA
"1348","sq329","E5",0.00218311342614757,"E5","TM2 23N1","TM","Internal",23,1.041089822,0.484,0,FALSE,"Bacteria","Proteobacteria","Alphaproteobacteria","Kiloniellales","Kiloniellaceae",NA,NA,NA
"1349","sq1301","E1",0.00218061289759842,"E1","TM2 21N1","TM","Internal",21,0.632675847,NA,0,FALSE,"Bacteria","Modulibacteria","Moduliflexia","Moduliflexales","Moduliflexaceae",NA,NA,NA
"1350","sq6","D1",0.00217354300603616,"D1","SB3 1N1 ","SB","Internal",1,1.016765819,NA,0,FALSE,"Bacteria","Cyanobacteria","Cyanobacteriia","Cyanobacteriales","Desertifilaceae",NA,NA,NA
"1351","sq349","D11",0.00217267238703605,"D11","SB4 5N1","SB","Internal",5,1.132759402,0.701,0,FALSE,"Bacteria","Verrucomicrobiota","Verrucomicrobiae","Verrucomicrobiales","Rubritaleaceae",NA,NA,NA
"1352","sq329","D7",0.00217138623852039,"D7","SB4 3N1","SB","Internal",3,0.947464318,NA,0,FALSE,"Bacteria","Proteobacteria","Alphaproteobacteria","Kiloniellales","Kiloniellaceae",NA,NA,NA
"1353","sq880","D4",0.00216892913880195,"D4","SB3 2E1","SB","External",2,0.652985075,0.136,NA,FALSE,"Bacteria","Proteobacteria","Alphaproteobacteria","Caulobacterales","Parvularculaceae",NA,NA,NA
"1354","sq2114","E4",0.00216429488038919,"E4","TM2 22E1","TM","External",22,1.31061599,0.595,NA,FALSE,"Bacteria","Planctomycetota","Phycisphaerae","MSBL9","SG8-4",NA,NA,NA
"1355","sq989","E5",0.00216396330837435,"E5","TM2 23N1","TM","Internal",23,1.041089822,0.484,0,FALSE,"Bacteria","Myxococcota","Polyangia","Haliangiales","Haliangiaceae",NA,NA,NA
"1356","sq88","D2",0.00215503325369665,"D2","SB3 1E2","SB","External",1,0.994590822,NA,0,FALSE,"Bacteria","Bacteroidota","Bacteroidia","Bacteroidales","SB-5",NA,NA,NA
"1357","sq997","E12",0.00215427792161591,"E12","TM3 28E1","TM","External",28,1.516085295,1.023,0,FALSE,"Bacteria","Verrucomicrobiota","Lentisphaeria","Oligosphaerales","Lenti-02",NA,NA,NA
"1358","sq343","D5",0.00215391726369309,"D5","SB3 3N1","SB","Internal",3,0.456230396,0,0,FALSE,"Bacteria","Myxococcota","Polyangia","Nannocystales","Nannocystaceae",NA,NA,NA
"1359","sq1046","D12",0.0021482527933124,"D12","SB4 5E1","SB","External",5,0.897520783,0.4,0,FALSE,"Bacteria","Firmicutes","Clostridia","Peptostreptococcales-Tissierellales","Fusibacteraceae",NA,NA,NA
"1360","sq821","D12",0.0021482527933124,"D12","SB4 5E1","SB","External",5,0.897520783,0.4,0,FALSE,"Bacteria","Bacteroidota","Bacteroidia","Flavobacteriales","NS9 marine group",NA,NA,NA
"1361","sq223","E10",0.00214690870208091,"E10","TM3 27E1","TM","External",27,0.830019021,0.233,NA,FALSE,"Bacteria","Proteobacteria","Alphaproteobacteria","Tistrellales","Geminicoccaceae",NA,NA,NA
"1362","sq98","E10",0.00213855497172262,"E10","TM3 27E1","TM","External",27,0.830019021,0.233,NA,FALSE,"Bacteria","Proteobacteria","Gammaproteobacteria","Pseudomonadales","Alcanivoracaceae1",NA,NA,NA
"1363","sq389","D5",0.00213542870348972,"D5","SB3 3N1","SB","Internal",3,0.456230396,0,0,FALSE,"Bacteria","Bacteroidota","Ignavibacteria","Ignavibacteriales","Melioribacteraceae",NA,NA,NA
"1364","sq1254","D1",0.00213426210833672,"D1","SB3 1N1 ","SB","Internal",1,1.016765819,NA,0,FALSE,"Bacteria","Proteobacteria","Gammaproteobacteria","Competibacterales","Competibacteraceae",NA,NA,NA
"1365","sq49","D6",0.00213305026187448,"D6","SB3 3E1","SB","External",3,0.711169545,0.121,0,FALSE,"Bacteria","Cyanobacteria","Cyanobacteriia","Cyanobacteriales","Phormidiaceae",NA,NA,NA
"1366","sq261","D2",0.00213081939691354,"D2","SB3 1E2","SB","External",1,0.994590822,NA,0,FALSE,"Bacteria","Desulfobacterota","Desulfobacteria","Desulfobacterales","Desulfococcaceae",NA,NA,NA
"1367","sq170","E11",0.0021257621635074,"E11","TM3 28N1","TM","Internal",28,1.477155617,2.427,0.039,FALSE,"Bacteria","Desulfobacterota","Desulfobacteria","Desulfatiglandales","Desulfatiglandaceae",NA,NA,NA
"1368","sq321","D9",0.00212550276315359,"D9","SB4 4N1","SB","Internal",4,1.337102689,1.856,NA,FALSE,"Bacteria","Chloroflexi","Anaerolineae","Anaerolineales","Anaerolineaceae",NA,NA,NA
"1369","sq46","D2",0.00212274811131917,"D2","SB3 1E2","SB","External",1,0.994590822,NA,0,FALSE,"Bacteria","Desulfobacterota","Desulfobacteria","Desulfobacterales","Desulfosarcinaceae",NA,NA,NA
"1370","sq183","E3",0.00212272347300102,"E3","TM2 22N1","TM","Internal",22,1.027042307,1.612,NA,FALSE,"Bacteria","Proteobacteria","Gammaproteobacteria","Ectothiorhodospirales","Ectothiorhodospiraceae",NA,NA,NA
"1371","sq1636","E6",0.00212244725560178,"E6","TM2 23E1","TM","External",23,1.016192071,0.102,0,FALSE,"Bacteria","Bdellovibrionota","Bdellovibrionia","Bacteriovoracales","Bacteriovoracaceae",NA,NA,NA
"1372","sq183","E6",0.00212244725560178,"E6","TM2 23E1","TM","External",23,1.016192071,0.102,0,FALSE,"Bacteria","Proteobacteria","Gammaproteobacteria","Ectothiorhodospirales","Ectothiorhodospiraceae",NA,NA,NA
"1373","sq630","D8",0.00212111855441743,"D8","SB4 3E1","SB","External",3,0.797997922,NA,0,FALSE,"Bacteria","Proteobacteria","Alphaproteobacteria","Rhodospirillales","Terasakiellaceae",NA,NA,NA
"1374","sq560","D7",0.00212029479761403,"D7","SB4 3N1","SB","Internal",3,0.947464318,NA,0,FALSE,"Bacteria","Verrucomicrobiota","Verrucomicrobiae","Methylacidiphilales","Methylacidiphilaceae",NA,NA,NA
"1375","sq1275","D9",0.00211732775252608,"D9","SB4 4N1","SB","Internal",4,1.337102689,1.856,NA,FALSE,"Bacteria","Spirochaetota","Leptospirae","Leptospirales","Leptospiraceae",NA,NA,NA
"1376","sq261","D3",0.00211560772538047,"D3","SB3 2N1","SB","Internal",2,0.775372332,0.11,NA,FALSE,"Bacteria","Desulfobacterota","Desulfobacteria","Desulfobacterales","Desulfococcaceae",NA,NA,NA
"1377","sq23","E12",0.0021147498863569,"E12","TM3 28E1","TM","External",28,1.516085295,1.023,0,FALSE,"Bacteria","Proteobacteria","Gammaproteobacteria","Arenicellales","Arenicellaceae",NA,NA,NA
"1378","sq1316","D5",0.00210769586318465,"D5","SB3 3N1","SB","Internal",3,0.456230396,0,0,FALSE,"Bacteria","Firmicutes","Clostridia","Lachnospirales","Lachnospiraceae",NA,NA,NA
"1379","sq880","D2",0.00210660554013043,"D2","SB3 1E2","SB","External",1,0.994590822,NA,0,FALSE,"Bacteria","Proteobacteria","Alphaproteobacteria","Caulobacterales","Parvularculaceae",NA,NA,NA
"1380","sq639","D3",0.00210423349029778,"D3","SB3 2N1","SB","Internal",2,0.775372332,0.11,NA,FALSE,"Bacteria","Bdellovibrionota","Oligoflexia","Oligoflexales","Oligoflexaceae",NA,NA,NA
"1381","sq389","E7",0.00209641571147108,"E7","TM3 26N1","TM","Internal",26,1.910828025,NA,0.056,FALSE,"Bacteria","Bacteroidota","Ignavibacteria","Ignavibacteriales","Melioribacteraceae",NA,NA,NA
"1382","sq223","E11",0.00209465344891949,"E11","TM3 28N1","TM","Internal",28,1.477155617,2.427,0.039,FALSE,"Bacteria","Proteobacteria","Alphaproteobacteria","Tistrellales","Geminicoccaceae",NA,NA,NA
"1383","sq959","E3",0.0020945457277842,"E3","TM2 22N1","TM","Internal",22,1.027042307,1.612,NA,FALSE,"Bacteria","Planctomycetota","Planctomycetes","Planctomycetales","Rubinisphaeraceae",NA,NA,NA
"1384","sq280","E1",0.00209338838169448,"E1","TM2 21N1","TM","Internal",21,0.632675847,NA,0,FALSE,"Bacteria","Proteobacteria","Alphaproteobacteria","Defluviicoccales","Defluviicoccaceae",NA,NA,NA
"1385","sq418","E1",0.00209338838169448,"E1","TM2 21N1","TM","Internal",21,0.632675847,NA,0,FALSE,"Bacteria","Planctomycetota","Phycisphaerae","Phycisphaerales","AKAU3564 sediment group",NA,NA,NA
"1386","sq639","D11",0.002092573865855,"D11","SB4 5N1","SB","Internal",5,1.132759402,0.701,0,FALSE,"Bacteria","Bdellovibrionota","Oligoflexia","Oligoflexales","Oligoflexaceae",NA,NA,NA
"1387","sq1324","E5",0.00208736283728145,"E5","TM2 23N1","TM","Internal",23,1.041089822,0.484,0,FALSE,"Bacteria","Planctomycetota","Phycisphaerae","MSBL9","4572-13",NA,NA,NA
"1388","sq323","D11",0.00208256155070737,"D11","SB4 5N1","SB","Internal",5,1.132759402,0.701,0,FALSE,"Bacteria","Campylobacterota","Campylobacteria","Campylobacterales","Sulfurimonadaceae",NA,NA,NA
"1389","sq1010","E6",0.0020802094992714,"E6","TM2 23E1","TM","External",23,1.016192071,0.102,0,FALSE,"Bacteria","Proteobacteria","Alphaproteobacteria","Rhizobiales","Methyloligellaceae",NA,NA,NA
"1390","sq267","E10",0.00208007885921458,"E10","TM3 27E1","TM","External",27,0.830019021,0.233,NA,FALSE,"Bacteria","Proteobacteria","Alphaproteobacteria","Rhizobiales","Rhizobiales Incertae Sedis",NA,NA,NA
"1391","sq4006","E2",0.00207938352394349,"E2","TM2 21E1","TM","External",21,3.767123288,NA,0,FALSE,"Bacteria","Dependentiae","Babeliae","Babeliales","Vermiphilaceae",NA,NA,NA
"1392","sq243","D2",0.00207432039775295,"D2","SB3 1E2","SB","External",1,0.994590822,NA,0,FALSE,"Bacteria","Proteobacteria","Gammaproteobacteria","Pseudomonadales","Pseudohongiellaceae",NA,NA,NA
"1393","sq314","D2",0.00207432039775295,"D2","SB3 1E2","SB","External",1,0.994590822,NA,0,FALSE,"Bacteria","Desulfobacterota","Desulfuromonadia","Desulfuromonadales","Geoalkalibacteraceae",NA,NA,NA
"1394","sq267","E11",0.00207391430586088,"E11","TM3 28N1","TM","Internal",28,1.477155617,2.427,0.039,FALSE,"Bacteria","Proteobacteria","Alphaproteobacteria","Rhizobiales","Rhizobiales Incertae Sedis",NA,NA,NA
"1395","sq418","E10",0.00207172512885629,"E10","TM3 27E1","TM","External",27,0.830019021,0.233,NA,FALSE,"Bacteria","Planctomycetota","Phycisphaerae","Phycisphaerales","AKAU3564 sediment group",NA,NA,NA
"1396","sq560","D10",0.00207019088137969,"D10","SB4 4E1","SB","External",4,0.947375251,0.459,NA,FALSE,"Bacteria","Verrucomicrobiota","Verrucomicrobiae","Methylacidiphilales","Methylacidiphilaceae",NA,NA,NA
"1397","sq2114","E6",0.0020696500601888,"E6","TM2 23E1","TM","External",23,1.016192071,0.102,0,FALSE,"Bacteria","Planctomycetota","Phycisphaerae","MSBL9","SG8-4",NA,NA,NA
"1398","sq46","D12",0.00206652578487116,"D12","SB4 5E1","SB","External",5,0.897520783,0.4,0,FALSE,"Bacteria","Desulfobacterota","Desulfobacteria","Desulfobacterales","Desulfosarcinaceae",NA,NA,NA
"1399","sq343","E10",0.002063371398498,"E10","TM3 27E1","TM","External",27,0.830019021,0.233,NA,FALSE,"Bacteria","Myxococcota","Polyangia","Nannocystales","Nannocystaceae",NA,NA,NA
"1400","sq1373","D6",0.00206295001852649,"D6","SB3 3E1","SB","External",3,0.711169545,0.121,0,FALSE,"Bacteria","Verrucomicrobiota","Verrucomicrobiae","Verrucomicrobiales","DEV007",NA,NA,NA
"1401","sq46","D3",0.00205873654996701,"D3","SB3 2N1","SB","Internal",2,0.775372332,0.11,NA,FALSE,"Bacteria","Desulfobacterota","Desulfobacteria","Desulfobacterales","Desulfosarcinaceae",NA,NA,NA
"1402","sq359","E12",0.00205545783346839,"E12","TM3 28E1","TM","External",28,1.516085295,1.023,0,FALSE,"Bacteria","Myxococcota","Myxococcia","Myxococcales","Myxococcaceae",NA,NA,NA
"1403","sq56","E2",0.00205492018836768,"E2","TM2 21E1","TM","External",21,3.767123288,NA,0,FALSE,"Bacteria","Proteobacteria","Alphaproteobacteria","Sphingomonadales","Sphingomonadaceae",NA,NA,NA
"1404","sq953","D9",0.00205192766750597,"D9","SB4 4N1","SB","Internal",4,1.337102689,1.856,NA,FALSE,"Bacteria","Bdellovibrionota","Oligoflexia","Silvanigrellales","Silvanigrellaceae",NA,NA,NA
"1405","sq391","D1",0.00204915349665458,"D1","SB3 1N1 ","SB","Internal",1,1.016765819,NA,0,FALSE,"Bacteria","Proteobacteria","Gammaproteobacteria","Beggiatoales","Beggiatoaceae",NA,NA,NA
"1406","sq1636","E5",0.002049062601735,"E5","TM2 23N1","TM","Internal",23,1.041089822,0.484,0,FALSE,"Bacteria","Bdellovibrionota","Bdellovibrionia","Bacteriovoracales","Bacteriovoracaceae",NA,NA,NA
"1407","sq1373","D11",0.00204251229011684,"D11","SB4 5N1","SB","Internal",5,1.132759402,0.701,0,FALSE,"Bacteria","Verrucomicrobiota","Verrucomicrobiae","Verrucomicrobiales","DEV007",NA,NA,NA
"1408","sq125","E4",0.00203980004213671,"E4","TM2 22E1","TM","External",22,1.31061599,0.595,NA,FALSE,"Bacteria","Bacteroidota","Bacteroidia","Flavobacteriales","Cryomorphaceae",NA,NA,NA
"1409","sq1373","E10",0.00203831020742312,"E10","TM3 27E1","TM","External",27,0.830019021,0.233,NA,FALSE,"Bacteria","Verrucomicrobiota","Verrucomicrobiae","Verrucomicrobiales","DEV007",NA,NA,NA
"1410","sq391","E7",0.002038181941708,"E7","TM3 26N1","TM","Internal",26,1.910828025,NA,0.056,FALSE,"Bacteria","Proteobacteria","Gammaproteobacteria","Beggiatoales","Beggiatoaceae",NA,NA,NA
"1411","sq329","E12",0.00203569381583888,"E12","TM3 28E1","TM","External",28,1.516085295,1.023,0,FALSE,"Bacteria","Proteobacteria","Alphaproteobacteria","Kiloniellales","Kiloniellaceae",NA,NA,NA
"1412","sq639","E9",0.00203333576482603,"E9","TM3 27N1","TM","Internal",27,1.647954829,2.235,NA,FALSE,"Bacteria","Bdellovibrionota","Oligoflexia","Oligoflexales","Oligoflexaceae",NA,NA,NA
"1413","sq280","E12",0.00202581180702413,"E12","TM3 28E1","TM","External",28,1.516085295,1.023,0,FALSE,"Bacteria","Proteobacteria","Alphaproteobacteria","Defluviicoccales","Defluviicoccaceae",NA,NA,NA
"1414","sq314","D3",0.00202461384471894,"D3","SB3 2N1","SB","Internal",2,0.775372332,0.11,NA,FALSE,"Bacteria","Desulfobacterota","Desulfuromonadia","Desulfuromonadales","Geoalkalibacteraceae",NA,NA,NA
"1415","sq83","D6",0.00202289273661336,"D6","SB3 3E1","SB","External",3,0.711169545,0.121,0,FALSE,"Bacteria","Myxococcota","Polyangia","Polyangiales","Sandaracinaceae",NA,NA,NA
"1416","sq816","D9",0.00201922762499591,"D9","SB4 4N1","SB","Internal",4,1.337102689,1.856,NA,FALSE,"Bacteria","Proteobacteria","Alphaproteobacteria","Rhodospirillales","Rhodospirillaceae",NA,NA,NA
"1417","sq902","E7",0.0020187706851203,"E7","TM3 26N1","TM","Internal",26,1.910828025,NA,0.056,FALSE,"Bacteria","Proteobacteria","Gammaproteobacteria","Pseudomonadales","Nitrincolaceae",NA,NA,NA
"1418","sq199","D2",0.00201782139859237,"D2","SB3 1E2","SB","External",1,0.994590822,NA,0,FALSE,"Bacteria","Bacteroidota","Rhodothermia","Rhodothermales","Rhodothermaceae",NA,NA,NA
"1419","sq329","D10",0.00201313837677474,"D10","SB4 4E1","SB","External",4,0.947375251,0.459,NA,FALSE,"Bacteria","Proteobacteria","Alphaproteobacteria","Kiloniellales","Kiloniellaceae",NA,NA,NA
"1420","sq1100","D6",0.00201287841613507,"D6","SB3 3E1","SB","External",3,0.711169545,0.121,0,FALSE,"Bacteria","Hydrogenedentes","Hydrogenedentia","Hydrogenedentiales","Hydrogenedensaceae",NA,NA,NA
"1421","sq1373","E3",0.00201001249213371,"E3","TM2 22N1","TM","Internal",22,1.027042307,1.612,NA,FALSE,"Bacteria","Verrucomicrobiota","Verrucomicrobiae","Verrucomicrobiales","DEV007",NA,NA,NA
"1422","sq637","E1",0.00200616386579054,"E1","TM2 21N1","TM","Internal",21,0.632675847,NA,0,FALSE,"Bacteria","Planctomycetota","Phycisphaerae","Phycisphaerales","Phycisphaeraceae",NA,NA,NA
"1423","sq104","D1",0.00200332578267189,"D1","SB3 1N1 ","SB","Internal",1,1.016765819,NA,0,FALSE,"Bacteria","Cyanobacteria","Cyanobacteriia","Phormidesmiales","Nodosilineaceae",NA,NA,NA
"1424","sq1100","D11",0.00200246302952632,"D11","SB4 5N1","SB","Internal",5,1.132759402,0.701,0,FALSE,"Bacteria","Hydrogenedentes","Hydrogenedentia","Hydrogenedentiales","Hydrogenedensaceae",NA,NA,NA
"1425","sq2047","E9",0.00199686337442556,"E9","TM3 27N1","TM","Internal",27,1.647954829,2.235,NA,FALSE,"Bacteria","Proteobacteria","Gammaproteobacteria","Pseudomonadales","OM182 clade",NA,NA,NA
"1426","sq280","E10",0.00199654155563167,"E10","TM3 27E1","TM","External",27,0.830019021,0.233,NA,FALSE,"Bacteria","Proteobacteria","Alphaproteobacteria","Defluviicoccales","Defluviicoccaceae",NA,NA,NA
"1427","sq1367","E3",0.00199122732865583,"E3","TM2 22N1","TM","Internal",22,1.027042307,1.612,NA,FALSE,"Bacteria","Proteobacteria","Alphaproteobacteria","Micavibrionales","Micavibrionaceae",NA,NA,NA
"1428","sq844","D10",0.00198868730337262,"D10","SB4 4E1","SB","External",4,0.947375251,0.459,NA,FALSE,"Bacteria","Proteobacteria","Gammaproteobacteria","Pseudomonadales","Microbulbiferaceae",NA,NA,NA
"1429","sq23","E10",0.00198818782527338,"E10","TM3 27E1","TM","External",27,0.830019021,0.233,NA,FALSE,"Bacteria","Proteobacteria","Gammaproteobacteria","Arenicellales","Arenicellaceae",NA,NA,NA
"1430","sq446","D5",0.00198752022186272,"D5","SB3 3N1","SB","Internal",3,0.456230396,0,0,FALSE,"Bacteria","Campylobacterota","Campylobacteria","Campylobacterales","Arcobacteraceae",NA,NA,NA
"1431","sq560","D5",0.00197827594176104,"D5","SB3 3N1","SB","Internal",3,0.456230396,0,0,FALSE,"Bacteria","Verrucomicrobiota","Verrucomicrobiae","Methylacidiphilales","Methylacidiphilaceae",NA,NA,NA
"1432","sq222","E6",0.00197461510844544,"E6","TM2 23E1","TM","External",23,1.016192071,0.102,0,FALSE,"Bacteria","Proteobacteria","Gammaproteobacteria","Enterobacterales","Vibrionaceae",NA,NA,NA
"1433","sq159","E6",0.00197461510844544,"E6","TM2 23E1","TM","External",23,1.016192071,0.102,0,FALSE,"Bacteria","Proteobacteria","Gammaproteobacteria","Pseudomonadales","BD2-7",NA,NA,NA
"1434","sq280","E4",0.00197276436000077,"E4","TM2 22E1","TM","External",22,1.31061599,0.595,NA,FALSE,"Bacteria","Proteobacteria","Alphaproteobacteria","Defluviicoccales","Defluviicoccaceae",NA,NA,NA
"1435","sq440","E5",0.0019724621306421,"E5","TM2 23N1","TM","Internal",23,1.041089822,0.484,0,FALSE,"Bacteria","Fusobacteriota","Fusobacteriia","Fusobacteriales","Fusobacteriaceae",NA,NA,NA
"1436","sq323","E10",0.00197148036455679,"E10","TM3 27E1","TM","External",27,0.830019021,0.233,NA,FALSE,"Bacteria","Campylobacterota","Campylobacteria","Campylobacterales","Sulfurimonadaceae",NA,NA,NA
"1437","sq167","E12",0.00196651975413562,"E12","TM3 28E1","TM","External",28,1.516085295,1.023,0,FALSE,"Bacteria","Proteobacteria","Alphaproteobacteria","Caulobacterales","Hyphomonadaceae",NA,NA,NA
"1438","sq1301","E4",0.00196318783398134,"E4","TM2 22E1","TM","External",22,1.31061599,0.595,NA,FALSE,"Bacteria","Modulibacteria","Moduliflexia","Moduliflexales","Moduliflexaceae",NA,NA,NA
"1439","sq639","D6",0.00196280681374365,"D6","SB3 3E1","SB","External",3,0.711169545,0.121,0,FALSE,"Bacteria","Bdellovibrionota","Oligoflexia","Oligoflexales","Oligoflexaceae",NA,NA,NA
"1440","sq261","E2",0.00195706684606446,"E2","TM2 21E1","TM","External",21,3.767123288,NA,0,FALSE,"Bacteria","Desulfobacterota","Desulfobacteria","Desulfobacterales","Desulfococcaceae",NA,NA,NA
"1441","sq23","E5",0.00195331201286888,"E5","TM2 23N1","TM","Internal",23,1.041089822,0.484,0,FALSE,"Bacteria","Proteobacteria","Gammaproteobacteria","Arenicellales","Arenicellaceae",NA,NA,NA
"1442","sq3467","E1",0.00194801418852125,"E1","TM2 21N1","TM","Internal",21,0.632675847,NA,0,FALSE,"Bacteria","Bacteroidota","Bacteroidia","Bacteroidales","Marinilabiliaceae",NA,NA,NA
"1443","sq243","D3",0.00194499419914011,"D3","SB3 2N1","SB","Internal",2,0.775372332,0.11,NA,FALSE,"Bacteria","Proteobacteria","Gammaproteobacteria","Pseudomonadales","Pseudohongiellaceae",NA,NA,NA
"1444","sq2497","E2",0.00194483517827656,"E2","TM2 21E1","TM","External",21,3.767123288,NA,0,FALSE,"Bacteria","Latescibacterota","Latescibacteria","Latescibacterales","Latescibacteraceae",NA,NA,NA
"1445","sq159","E8",0.00193807610493973,"E8","TM3 26E1","TM","External",26,1.169004676,NA,0.034,FALSE,"Bacteria","Proteobacteria","Gammaproteobacteria","Pseudomonadales","BD2-7",NA,NA,NA
"1446","sq2497","E5",0.00193416189509565,"E5","TM2 23N1","TM","Internal",23,1.041089822,0.484,0,FALSE,"Bacteria","Latescibacterota","Latescibacteria","Latescibacterales","Latescibacteraceae",NA,NA,NA
"1447","sq243","D8",0.00193317134073487,"D8","SB4 3E1","SB","External",3,0.797997922,NA,0,FALSE,"Bacteria","Proteobacteria","Gammaproteobacteria","Pseudomonadales","Pseudohongiellaceae",NA,NA,NA
"1448","sq1534","E6",0.00193237735211506,"E6","TM2 23E1","TM","External",23,1.016192071,0.102,0,FALSE,"Bacteria","Sumerlaeota","Sumerlaeia","Sumerlaeales","Sumerlaeaceae",NA,NA,NA
"1449","sq610","E10",0.00192971171276534,"E10","TM3 27E1","TM","External",27,0.830019021,0.233,NA,FALSE,"Bacteria","Proteobacteria","Gammaproteobacteria","Nitrosococcales","Nitrosococcaceae",NA,NA,NA
"1450","sq731","D2",0.0019290372570543,"D2","SB3 1E2","SB","External",1,0.994590822,NA,0,FALSE,"Bacteria","Myxococcota","Polyangia","Polyangiales","Eel-36e1D6",NA,NA,NA
"1451","sq309","E11",0.00192874030445062,"E11","TM3 28N1","TM","Internal",28,1.477155617,2.427,0.039,FALSE,"Bacteria","Proteobacteria","Gammaproteobacteria","Pseudomonadales","KI89A clade",NA,NA,NA
"1452","sq243","E4",0.00192488172990366,"E4","TM2 22E1","TM","External",22,1.31061599,0.595,NA,FALSE,"Bacteria","Proteobacteria","Gammaproteobacteria","Pseudomonadales","Pseudohongiellaceae",NA,NA,NA
"1453","sq713","E4",0.00192488172990366,"E4","TM2 22E1","TM","External",22,1.31061599,0.595,NA,FALSE,"Bacteria","Cyanobacteria","Cyanobacteriia","Synechococcales","Cyanobiaceae",NA,NA,NA
"1454","sq997","E4",0.00192488172990366,"E4","TM2 22E1","TM","External",22,1.31061599,0.595,NA,FALSE,"Bacteria","Verrucomicrobiota","Lentisphaeria","Oligosphaerales","Lenti-02",NA,NA,NA
"1455","sq442","D3",0.00192224572897473,"D3","SB3 2N1","SB","Internal",2,0.775372332,0.11,NA,FALSE,"Bacteria","Bacteroidota","Bacteroidia","Flavobacteriales","Schleiferiaceae",NA,NA,NA
"1456","sq807","E10",0.00192135798240704,"E10","TM3 27E1","TM","External",27,0.830019021,0.233,NA,FALSE,"Bacteria","Proteobacteria","Gammaproteobacteria","Thiomicrospirales","Thiomicrospiraceae",NA,NA,NA
"1457","sq331","E1",0.00191893934988661,"E1","TM2 21N1","TM","Internal",21,0.632675847,NA,0,FALSE,"Bacteria","Proteobacteria","Gammaproteobacteria","Pseudomonadales","Marinobacteraceae",NA,NA,NA
"1458","sq610","E12",0.00191710971006186,"E12","TM3 28E1","TM","External",28,1.516085295,1.023,0,FALSE,"Bacteria","Proteobacteria","Gammaproteobacteria","Nitrosococcales","Nitrosococcaceae",NA,NA,NA
"1459","sq1338","E9",0.00191480049602451,"E9","TM3 27N1","TM","Internal",27,1.647954829,2.235,NA,FALSE,"Bacteria","Proteobacteria","Gammaproteobacteria","Pseudomonadales","P13-46",NA,NA,NA
"1460","sq466","E6",0.00191125847394986,"E6","TM2 23E1","TM","External",23,1.016192071,0.102,0,FALSE,"Bacteria","Firmicutes","Clostridia","Oscillospirales","Hungateiclostridiaceae",NA,NA,NA
"1461","sq2280","E12",0.00190722770124711,"E12","TM3 28E1","TM","External",28,1.516085295,1.023,0,FALSE,"Bacteria","Proteobacteria","Gammaproteobacteria","Ectothiorhodospirales","Thioalkalispiraceae",NA,NA,NA
"1462","sq997","D1",0.00190512353842326,"D1","SB3 1N1 ","SB","Internal",1,1.016765819,NA,0,FALSE,"Bacteria","Verrucomicrobiota","Lentisphaeria","Oligosphaerales","Lenti-02",NA,NA,NA
"1463","sq283","D7",0.00190315617376199,"D7","SB4 3N1","SB","Internal",3,0.947464318,NA,0,FALSE,"Bacteria","Cyanobacteria","Cyanobacteriia","Oxyphotobacteria Incertae Sedis","Unknown Family",NA,NA,NA
"1464","sq1100","D10",0.00189903336756484,"D10","SB4 4E1","SB","External",4,0.947375251,0.459,NA,FALSE,"Bacteria","Hydrogenedentes","Hydrogenedentia","Hydrogenedentiales","Hydrogenedensaceae",NA,NA,NA
"1465","sq243","D1",0.00189857672214002,"D1","SB3 1N1 ","SB","Internal",1,1.016765819,NA,0,FALSE,"Bacteria","Proteobacteria","Gammaproteobacteria","Pseudomonadales","Pseudohongiellaceae",NA,NA,NA
"1466","sq261","D8",0.0018928969378029,"D8","SB4 3E1","SB","External",3,0.797997922,NA,0,FALSE,"Bacteria","Desulfobacterota","Desulfobacteria","Desulfobacterales","Desulfococcaceae",NA,NA,NA
"1467","sq323","D7",0.0018903833135354,"D7","SB4 3N1","SB","Internal",3,0.947464318,NA,0,FALSE,"Bacteria","Campylobacterota","Campylobacteria","Campylobacterales","Sulfurimonadaceae",NA,NA,NA
"1468","sq104","E6",0.00189013959578467,"E6","TM2 23E1","TM","External",23,1.016192071,0.102,0,FALSE,"Bacteria","Cyanobacteria","Cyanobacteriia","Phormidesmiales","Nodosilineaceae",NA,NA,NA
"1469","sq35","E11",0.0018872620183334,"E11","TM3 28N1","TM","Internal",28,1.477155617,2.427,0.039,FALSE,"Bacteria","Bacteroidota","Bacteroidia","Cytophagales","Flammeovirgaceae",NA,NA,NA
"1470","sq1636","E2",0.00188367683933704,"E2","TM2 21E1","TM","External",21,3.767123288,NA,0,FALSE,"Bacteria","Bdellovibrionota","Bdellovibrionia","Bacteriovoracales","Bacteriovoracaceae",NA,NA,NA
"1471","sq23","E2",0.00188367683933704,"E2","TM2 21E1","TM","External",21,3.767123288,NA,0,FALSE,"Bacteria","Proteobacteria","Gammaproteobacteria","Arenicellales","Arenicellaceae",NA,NA,NA
"1472","sq208","D11",0.00188231524775474,"D11","SB4 5N1","SB","Internal",5,1.132759402,0.701,0,FALSE,"Bacteria","Planctomycetota","Planctomycetes","Planctomycetales","Gimesiaceae",NA,NA,NA
"1473","sq816","D8",0.00187947213682557,"D8","SB4 3E1","SB","External",3,0.797997922,NA,0,FALSE,"Bacteria","Proteobacteria","Alphaproteobacteria","Rhodospirillales","Rhodospirillaceae",NA,NA,NA
"1474","sq1534","D1",0.0018789362732903,"D1","SB3 1N1 ","SB","Internal",1,1.016765819,NA,0,FALSE,"Bacteria","Sumerlaeota","Sumerlaeia","Sumerlaeales","Sumerlaeaceae",NA,NA,NA
"1475","sq1459","E5",0.00187671154177598,"E5","TM2 23N1","TM","Internal",23,1.041089822,0.484,0,FALSE,"Bacteria","Cyanobacteria","Cyanobacteriia","Cyanobacteriales","Microcystaceae",NA,NA,NA
"1476","sq959","E5",0.00187671154177598,"E5","TM2 23N1","TM","Internal",23,1.041089822,0.484,0,FALSE,"Bacteria","Planctomycetota","Planctomycetes","Planctomycetales","Rubinisphaeraceae",NA,NA,NA
"1477","sq1534","D6",0.0018726779294391,"D6","SB3 3E1","SB","External",3,0.711169545,0.121,0,FALSE,"Bacteria","Sumerlaeota","Sumerlaeia","Sumerlaeales","Sumerlaeaceae",NA,NA,NA
"1478","sq446","D9",0.00187207743370066,"D9","SB4 4N1","SB","Internal",4,1.337102689,1.856,NA,FALSE,"Bacteria","Campylobacterota","Campylobacteria","Campylobacterales","Arcobacteraceae",NA,NA,NA
"1479","sq1346","E2",0.00187144517154914,"E2","TM2 21E1","TM","External",21,3.767123288,NA,0,FALSE,"Bacteria","Desulfobacterota","Desulfobulbia","Desulfobulbales","Desulfurivibrionaceae",NA,NA,NA
"1480","sq1275","E9",0.00186921000802393,"E9","TM3 27N1","TM","Internal",27,1.647954829,2.235,NA,FALSE,"Bacteria","Spirochaetota","Leptospirae","Leptospirales","Leptospiraceae",NA,NA,NA
"1481","sq997","E3",0.00186912376604957,"E3","TM2 22N1","TM","Internal",22,1.027042307,1.612,NA,FALSE,"Bacteria","Verrucomicrobiota","Lentisphaeria","Oligosphaerales","Lenti-02",NA,NA,NA
"1482","sq614","D12",0.00186804590722817,"D12","SB4 5E1","SB","External",5,0.897520783,0.4,0,FALSE,"Bacteria","Bacteroidota","Bacteroidia","Flavobacteriales","Crocinitomicaceae",NA,NA,NA
"1483","sq309","D8",0.00186604733584825,"D8","SB4 3E1","SB","External",3,0.797997922,NA,0,FALSE,"Bacteria","Proteobacteria","Gammaproteobacteria","Pseudomonadales","KI89A clade",NA,NA,NA
"1484","sq614","D3",0.00186537455356127,"D3","SB3 2N1","SB","Internal",2,0.775372332,0.11,NA,FALSE,"Bacteria","Bacteroidota","Bacteroidia","Flavobacteriales","Crocinitomicaceae",NA,NA,NA
"1485","sq639","D7",0.00186483759308222,"D7","SB4 3N1","SB","Internal",3,0.947464318,NA,0,FALSE,"Bacteria","Bdellovibrionota","Oligoflexia","Oligoflexales","Oligoflexaceae",NA,NA,NA
"1486","sq167","E7",0.00186348063241874,"E7","TM3 26N1","TM","Internal",26,1.910828025,NA,0.056,FALSE,"Bacteria","Proteobacteria","Alphaproteobacteria","Caulobacterales","Hyphomonadaceae",NA,NA,NA
"1487","sq167","E10",0.001862881869899,"E10","TM3 27E1","TM","External",27,0.830019021,0.233,NA,FALSE,"Bacteria","Proteobacteria","Alphaproteobacteria","Caulobacterales","Hyphomonadaceae",NA,NA,NA
"1488","sq2028","E10",0.001862881869899,"E10","TM3 27E1","TM","External",27,0.830019021,0.233,NA,FALSE,"Bacteria","Verrucomicrobiota","Omnitrophia","Omnitrophales","Omnitrophaceae",NA,NA,NA
"1489","sq329","E4",0.00185784604776771,"E4","TM2 22E1","TM","External",22,1.31061599,0.595,NA,FALSE,"Bacteria","Proteobacteria","Alphaproteobacteria","Kiloniellales","Kiloniellaceae",NA,NA,NA
"1490","sq331","E8",0.00185535334436303,"E8","TM3 26E1","TM","External",26,1.169004676,NA,0.034,FALSE,"Bacteria","Proteobacteria","Gammaproteobacteria","Pseudomonadales","Marinobacteraceae",NA,NA,NA
"1491","sq731","D3",0.00185400031847858,"D3","SB3 2N1","SB","Internal",2,0.775372332,0.11,NA,FALSE,"Bacteria","Myxococcota","Polyangia","Polyangiales","Eel-36e1D6",NA,NA,NA
"1492","sq223","D11",0.00185227830231184,"D11","SB4 5N1","SB","Internal",5,1.132759402,0.701,0,FALSE,"Bacteria","Proteobacteria","Alphaproteobacteria","Tistrellales","Geminicoccaceae",NA,NA,NA
"1493","sq52","D10",0.00185013122076059,"D10","SB4 4E1","SB","External",4,0.947375251,0.459,NA,FALSE,"Bacteria","Proteobacteria","Gammaproteobacteria","Thiotrichales","Thiotrichaceae",NA,NA,NA
"1494","sq985","E6",0.00184790183945429,"E6","TM2 23E1","TM","External",23,1.016192071,0.102,0,FALSE,"Bacteria","Firmicutes","Clostridia","Christensenellales","Christensenellaceae",NA,NA,NA
"1495","sq682","D6",0.00184263496800425,"D6","SB3 3E1","SB","External",3,0.711169545,0.121,0,FALSE,"Bacteria","Proteobacteria","Gammaproteobacteria","Pseudomonadales","Saccharospirillaceae",NA,NA,NA
"1496","sq134","D11",0.00184226598716421,"D11","SB4 5N1","SB","Internal",5,1.132759402,0.701,0,FALSE,"Bacteria","Bacteroidota","Bacteroidia","Bacteroidales","Bacteroidetes BD2-2",NA,NA,NA
"1497","sq997","E11",0.00183541416068688,"E11","TM3 28N1","TM","Internal",28,1.477155617,2.427,0.039,FALSE,"Bacteria","Verrucomicrobiota","Lentisphaeria","Oligosphaerales","Lenti-02",NA,NA,NA
"1498","sq343","E2",0.00183475016818543,"E2","TM2 21E1","TM","External",21,3.767123288,NA,0,FALSE,"Bacteria","Myxococcota","Polyangia","Nannocystales","Nannocystaceae",NA,NA,NA
"1499","sq208","D10",0.00183383050515918,"D10","SB4 4E1","SB","External",4,0.947375251,0.459,NA,FALSE,"Bacteria","Planctomycetota","Planctomycetes","Planctomycetales","Gimesiaceae",NA,NA,NA
"1500","sq352","D10",0.00183383050515918,"D10","SB4 4E1","SB","External",4,0.947375251,0.459,NA,FALSE,"Bacteria","Proteobacteria","Gammaproteobacteria","Enterobacterales","Alteromonadaceae",NA,NA,NA
"1501","sq959","D2",0.00183218182992187,"D2","SB3 1E2","SB","External",1,0.994590822,NA,0,FALSE,"Bacteria","Planctomycetota","Planctomycetes","Planctomycetales","Rubinisphaeraceae",NA,NA,NA
"1502","sq676","E1",0.00183171483398267,"E1","TM2 21N1","TM","Internal",21,0.632675847,NA,0,FALSE,"Bacteria","Bacteroidota","Kryptonia","Kryptoniales","MSB-3C8",NA,NA,NA
"1503","sq1534","D3",0.0018312518483132,"D3","SB3 2N1","SB","Internal",2,0.775372332,0.11,NA,FALSE,"Bacteria","Sumerlaeota","Sumerlaeia","Sumerlaeales","Sumerlaeaceae",NA,NA,NA
"1504","sq1459","E4",0.00182911646970945,"E4","TM2 22E1","TM","External",22,1.31061599,0.595,NA,FALSE,"Bacteria","Cyanobacteria","Cyanobacteriia","Cyanobacteriales","Microcystaceae",NA,NA,NA
"1505","sq614","E12",0.00182817163072909,"E12","TM3 28E1","TM","External",28,1.516085295,1.023,0,FALSE,"Bacteria","Bacteroidota","Bacteroidia","Flavobacteriales","Crocinitomicaceae",NA,NA,NA
"1506","sq269","E6",0.0018267829612891,"E6","TM2 23E1","TM","External",23,1.016192071,0.102,0,FALSE,"Bacteria","Desulfobacterota","Desulfuromonadia","Desulfuromonadales","Sva1033",NA,NA,NA
"1507","sq1636","D10",0.00182568014735847,"D10","SB4 4E1","SB","External",4,0.947375251,0.459,NA,FALSE,"Bacteria","Bdellovibrionota","Bdellovibrionia","Bacteriovoracales","Bacteriovoracaceae",NA,NA,NA
"1508","sq610","E2",0.00182251850039753,"E2","TM2 21E1","TM","External",21,3.767123288,NA,0,FALSE,"Bacteria","Proteobacteria","Gammaproteobacteria","Nitrosococcales","Nitrosococcaceae",NA,NA,NA
"1509","sq771","E2",0.00182251850039753,"E2","TM2 21E1","TM","External",21,3.767123288,NA,0,FALSE,"Bacteria","Proteobacteria","Alphaproteobacteria","Rhizobiales","Rhizobiaceae",NA,NA,NA
"1510","sq349","D5",0.00182112318003235,"D5","SB3 3N1","SB","Internal",3,0.456230396,0,0,FALSE,"Bacteria","Verrucomicrobiota","Verrucomicrobiae","Verrucomicrobiales","Rubritaleaceae",NA,NA,NA
"1511","sq816","D1",0.00182001492674113,"D1","SB3 1N1 ","SB","Internal",1,1.016765819,NA,0,FALSE,"Bacteria","Proteobacteria","Alphaproteobacteria","Rhodospirillales","Rhodospirillaceae",NA,NA,NA
"1512","sq167","E8",0.00181990073268731,"E8","TM3 26E1","TM","External",26,1.169004676,NA,0.034,FALSE,"Bacteria","Proteobacteria","Alphaproteobacteria","Caulobacterales","Hyphomonadaceae",NA,NA,NA
"1513","sq66","D2",0.00181603925873313,"D2","SB3 1E2","SB","External",1,0.994590822,NA,0,FALSE,"Bacteria","Bacteroidota","Bacteroidia","Bacteroidales","Prolixibacteraceae",NA,NA,NA
"1514","sq731","E9",0.00181450142242323,"E9","TM3 27N1","TM","Internal",27,1.647954829,2.235,NA,FALSE,"Bacteria","Myxococcota","Polyangia","Polyangiales","Eel-36e1D6",NA,NA,NA
"1515","sq1636","E4",0.00180996341767061,"E4","TM2 22E1","TM","External",22,1.31061599,0.595,NA,FALSE,"Bacteria","Bdellovibrionota","Bdellovibrionia","Bacteriovoracales","Bacteriovoracaceae",NA,NA,NA
"1516","sq1324","E6",0.0018056640831239,"E6","TM2 23E1","TM","External",23,1.016192071,0.102,0,FALSE,"Bacteria","Planctomycetota","Phycisphaerae","MSBL9","4572-13",NA,NA,NA
"1517","sq261","E10",0.00180440575739096,"E10","TM3 27E1","TM","External",27,0.830019021,0.233,NA,FALSE,"Bacteria","Desulfobacterota","Desulfobacteria","Desulfobacterales","Desulfococcaceae",NA,NA,NA
"1518","sq614","E1",0.00180263999534803,"E1","TM2 21N1","TM","Internal",21,0.632675847,NA,0,FALSE,"Bacteria","Bacteroidota","Bacteroidia","Flavobacteriales","Crocinitomicaceae",NA,NA,NA
"1519","sq816","D11",0.00180221672657369,"D11","SB4 5N1","SB","Internal",5,1.132759402,0.701,0,FALSE,"Bacteria","Proteobacteria","Alphaproteobacteria","Rhodospirillales","Rhodospirillaceae",NA,NA,NA
"1520","sq1534","D2",0.00179989668754439,"D2","SB3 1E2","SB","External",1,0.994590822,NA,0,FALSE,"Bacteria","Sumerlaeota","Sumerlaeia","Sumerlaeales","Sumerlaeaceae",NA,NA,NA
"1521","sq1275","D8",0.00179892333096162,"D8","SB4 3E1","SB","External",3,0.797997922,NA,0,FALSE,"Bacteria","Spirochaetota","Leptospirae","Leptospirales","Leptospiraceae",NA,NA,NA
"1522","sq210","D9",0.00179850233805304,"D9","SB4 4N1","SB","Internal",4,1.337102689,1.856,NA,FALSE,"Bacteria","Calditrichota","Calditrichia","Calditrichales","Calditrichaceae",NA,NA,NA
"1523","sq639","D4",0.00179792810190162,"D4","SB3 2E1","SB","External",2,0.652985075,0.136,NA,FALSE,"Bacteria","Bdellovibrionota","Oligoflexia","Oligoflexales","Oligoflexaceae",NA,NA,NA
"1524","sq210","E8",0.00179626565823682,"E8","TM3 26E1","TM","External",26,1.169004676,NA,0.034,FALSE,"Bacteria","Calditrichota","Calditrichia","Calditrichales","Calditrichaceae",NA,NA,NA
"1525","sq165","D7",0.00178820043172268,"D7","SB4 3N1","SB","Internal",3,0.947464318,NA,0,FALSE,"Bacteria","Proteobacteria","Gammaproteobacteria","Chromatiales","Sedimenticolaceae",NA,NA,NA
"1526","sq11","E2",0.00178582349703382,"E2","TM2 21E1","TM","External",21,3.767123288,NA,0,FALSE,"Bacteria","Cyanobacteria","Cyanobacteriia","Cyanobacteriales","Coleofasciculaceae",NA,NA,NA
"1527","sq1100","D8",0.00178549852998429,"D8","SB4 3E1","SB","External",3,0.797997922,NA,0,FALSE,"Bacteria","Hydrogenedentes","Hydrogenedentia","Hydrogenedentiales","Hydrogenedensaceae",NA,NA,NA
"1528","sq134","D8",0.00178549852998429,"D8","SB4 3E1","SB","External",3,0.797997922,NA,0,FALSE,"Bacteria","Bacteroidota","Bacteroidia","Bacteroidales","Bacteroidetes BD2-2",NA,NA,NA
"1529","sq880","D6",0.00178254904513454,"D6","SB3 3E1","SB","External",3,0.711169545,0.121,0,FALSE,"Bacteria","Proteobacteria","Alphaproteobacteria","Caulobacterales","Parvularculaceae",NA,NA,NA
"1530","sq352","D5",0.00177490177952392,"D5","SB3 3N1","SB","Internal",3,0.456230396,0,0,FALSE,"Bacteria","Proteobacteria","Gammaproteobacteria","Enterobacterales","Alteromonadaceae",NA,NA,NA
"1531","sq243","E2",0.00177359182924592,"E2","TM2 21E1","TM","External",21,3.767123288,NA,0,FALSE,"Bacteria","Proteobacteria","Gammaproteobacteria","Pseudomonadales","Pseudohongiellaceae",NA,NA,NA
"1532","sq352","E8",0.00177263058378634,"E8","TM3 26E1","TM","External",26,1.169004676,NA,0.034,FALSE,"Bacteria","Proteobacteria","Gammaproteobacteria","Enterobacterales","Alteromonadaceae",NA,NA,NA
"1533","sq65","E8",0.00177263058378634,"E8","TM3 26E1","TM","External",26,1.169004676,NA,0.034,FALSE,"Bacteria","Cyanobacteria","Cyanobacteriia","Cyanobacteriales","Oscillatoriaceae",NA,NA,NA
"1534","sq52","D11",0.00177217978113079,"D11","SB4 5N1","SB","Internal",5,1.132759402,0.701,0,FALSE,"Bacteria","Proteobacteria","Gammaproteobacteria","Thiotrichales","Thiotrichaceae",NA,NA,NA
"1535","sq1367","E9",0.00176891093442264,"E9","TM3 27N1","TM","Internal",27,1.647954829,2.235,NA,FALSE,"Bacteria","Proteobacteria","Alphaproteobacteria","Micavibrionales","Micavibrionaceae",NA,NA,NA
"1536","sq352","E9",0.00176891093442264,"E9","TM3 27N1","TM","Internal",27,1.647954829,2.235,NA,FALSE,"Bacteria","Proteobacteria","Gammaproteobacteria","Enterobacterales","Alteromonadaceae",NA,NA,NA
"1537","sq79","E12",0.00176887957784058,"E12","TM3 28E1","TM","External",28,1.516085295,1.023,0,FALSE,"Bacteria","Bacteroidota","Rhodothermia","Balneolales","Balneolaceae",NA,NA,NA
"1538","sq747","D1",0.00176764039647519,"D1","SB3 1N1 ","SB","Internal",1,1.016765819,NA,0,FALSE,"Bacteria","Verrucomicrobiota","Kiritimatiellae","Kiritimatiellales","Kiritimatiellaceae",NA,NA,NA
"1539","sq771","E6",0.00176342632679352,"E6","TM2 23E1","TM","External",23,1.016192071,0.102,0,FALSE,"Bacteria","Proteobacteria","Alphaproteobacteria","Rhizobiales","Rhizobiaceae",NA,NA,NA
"1540","sq442","D2",0.00175954025957254,"D2","SB3 1E2","SB","External",1,0.994590822,NA,0,FALSE,"Bacteria","Bacteroidota","Bacteroidia","Flavobacteriales","Schleiferiaceae",NA,NA,NA
"1541","sq11","D4",0.00175036386640158,"D4","SB3 2E1","SB","External",2,0.652985075,0.136,NA,FALSE,"Bacteria","Cyanobacteria","Cyanobacteriia","Cyanobacteriales","Coleofasciculaceae",NA,NA,NA
"1542","sq1719","E2",0.00174912849367011,"E2","TM2 21E1","TM","External",21,3.767123288,NA,0,FALSE,"Bacteria","Actinobacteriota","Acidimicrobiia","Microtrichales","Ilumatobacteraceae",NA,NA,NA
"1543","sq959","D5",0.00174716893921886,"D5","SB3 3N1","SB","Internal",3,0.456230396,0,0,FALSE,"Bacteria","Planctomycetota","Planctomycetes","Planctomycetales","Rubinisphaeraceae",NA,NA,NA
"1544","sq1818","E5",0.00174266071736341,"E5","TM2 23N1","TM","Internal",23,1.041089822,0.484,0,FALSE,"Bacteria","Chloroflexi","Anaerolineae","Caldilineales","Caldilineaceae",NA,NA,NA
"1545","sq1534","E4",0.00173335120951524,"E4","TM2 22E1","TM","External",22,1.31061599,0.595,NA,FALSE,"Bacteria","Sumerlaeota","Sumerlaeia","Sumerlaeales","Sumerlaeaceae",NA,NA,NA
"1546","sq183","E4",0.00173335120951524,"E4","TM2 22E1","TM","External",22,1.31061599,0.595,NA,FALSE,"Bacteria","Proteobacteria","Gammaproteobacteria","Ectothiorhodospirales","Ectothiorhodospiraceae",NA,NA,NA
"1547","sq880","E9",0.00173243854402218,"E9","TM3 27N1","TM","Internal",27,1.647954829,2.235,NA,FALSE,"Bacteria","Proteobacteria","Alphaproteobacteria","Caulobacterales","Parvularculaceae",NA,NA,NA
"1548","sq959","E12",0.00172935154258158,"E12","TM3 28E1","TM","External",28,1.516085295,1.023,0,FALSE,"Bacteria","Planctomycetota","Planctomycetes","Planctomycetales","Rubinisphaeraceae",NA,NA,NA
"1549","sq1534","E3",0.00172823503996544,"E3","TM2 22N1","TM","Internal",22,1.027042307,1.612,NA,FALSE,"Bacteria","Sumerlaeota","Sumerlaeia","Sumerlaeales","Sumerlaeaceae",NA,NA,NA
"1550","sq331","D12",0.00172794246418606,"D12","SB4 5E1","SB","External",5,0.897520783,0.4,0,FALSE,"Bacteria","Proteobacteria","Gammaproteobacteria","Pseudomonadales","Marinobacteraceae",NA,NA,NA
"1551","sq713","E7",0.00172760183630487,"E7","TM3 26N1","TM","Internal",26,1.910828025,NA,0.056,FALSE,"Bacteria","Cyanobacteria","Cyanobacteriia","Synechococcales","Cyanobiaceae",NA,NA,NA
"1552","sq997","E7",0.00172760183630487,"E7","TM3 26N1","TM","Internal",26,1.910828025,NA,0.056,FALSE,"Bacteria","Verrucomicrobiota","Lentisphaeria","Oligosphaerales","Lenti-02",NA,NA,NA
"1553","sq630","D7",0.00172433613058972,"D7","SB4 3N1","SB","Internal",3,0.947464318,NA,0,FALSE,"Bacteria","Proteobacteria","Alphaproteobacteria","Rhodospirillales","Terasakiellaceae",NA,NA,NA
"1554","sq676","E4",0.00172377468349582,"E4","TM2 22E1","TM","External",22,1.31061599,0.595,NA,FALSE,"Bacteria","Bacteroidota","Kryptonia","Kryptoniales","MSB-3C8",NA,NA,NA
"1555","sq1301","E11",0.00172134887386453,"E11","TM3 28N1","TM","Internal",28,1.477155617,2.427,0.039,FALSE,"Bacteria","Modulibacteria","Moduliflexia","Moduliflexales","Moduliflexaceae",NA,NA,NA
"1556","sq283","D10",0.00171972549594927,"D10","SB4 4E1","SB","External",4,0.947375251,0.459,NA,FALSE,"Bacteria","Cyanobacteria","Cyanobacteriia","Oxyphotobacteria Incertae Sedis","Unknown Family",NA,NA,NA
"1557","sq183","E7",0.00171789620801103,"E7","TM3 26N1","TM","Internal",26,1.910828025,NA,0.056,FALSE,"Bacteria","Proteobacteria","Gammaproteobacteria","Ectothiorhodospirales","Ectothiorhodospiraceae",NA,NA,NA
"1558","sq953","E7",0.00171789620801103,"E7","TM3 26N1","TM","Internal",26,1.910828025,NA,0.056,FALSE,"Bacteria","Bdellovibrionota","Oligoflexia","Silvanigrellales","Silvanigrellaceae",NA,NA,NA
"1559","sq442","D1",0.00171526586620926,"D1","SB3 1N1 ","SB","Internal",1,1.016765819,NA,0,FALSE,"Bacteria","Bacteroidota","Bacteroidia","Flavobacteriales","Schleiferiaceae",NA,NA,NA
"1560","sq1275","D7",0.00171156327036313,"D7","SB4 3N1","SB","Internal",3,0.947464318,NA,0,FALSE,"Bacteria","Spirochaetota","Leptospirae","Leptospirales","Leptospiraceae",NA,NA,NA
"1561","sq534","D7",0.00171156327036313,"D7","SB4 3N1","SB","Internal",3,0.947464318,NA,0,FALSE,"Bacteria","Cyanobacteria","Cyanobacteriia","Cyanobacteriales","Paraspirulinaceae",NA,NA,NA
"1562","sq1100","E4",0.00170462163145697,"E4","TM2 22E1","TM","External",22,1.31061599,0.595,NA,FALSE,"Bacteria","Hydrogenedentes","Hydrogenedentia","Hydrogenedentiales","Hydrogenedensaceae",NA,NA,NA
"1563","sq269","E4",0.00170462163145697,"E4","TM2 22E1","TM","External",22,1.31061599,0.595,NA,FALSE,"Bacteria","Desulfobacterota","Desulfuromonadia","Desulfuromonadales","Sva1033",NA,NA,NA
"1564","sq134","D12",0.00170459189034571,"D12","SB4 5E1","SB","External",5,0.897520783,0.4,0,FALSE,"Bacteria","Bacteroidota","Bacteroidia","Bacteroidales","Bacteroidetes BD2-2",NA,NA,NA
"1565","sq747","D6",0.00170243448130827,"D6","SB3 3E1","SB","External",3,0.711169545,0.121,0,FALSE,"Bacteria","Verrucomicrobiota","Kiritimatiellae","Kiritimatiellales","Kiritimatiellaceae",NA,NA,NA
"1566","sq314","D1",0.00170217223364278,"D1","SB3 1N1 ","SB","Internal",1,1.016765819,NA,0,FALSE,"Bacteria","Desulfobacterota","Desulfuromonadia","Desulfuromonadales","Geoalkalibacteraceae",NA,NA,NA
"1567","sq37","D11",0.00170209357509737,"D11","SB4 5N1","SB","Internal",5,1.132759402,0.701,0,FALSE,"Bacteria","Desulfobacterota","Desulfobulbia","Desulfobulbales","Desulfobulbaceae",NA,NA,NA
"1568","sq309","E6",0.00170006969229795,"E6","TM2 23E1","TM","External",23,1.016192071,0.102,0,FALSE,"Bacteria","Proteobacteria","Gammaproteobacteria","Pseudomonadales","KI89A clade",NA,NA,NA
"1569","sq75","E9",0.00169596615362171,"E9","TM3 27N1","TM","Internal",27,1.647954829,2.235,NA,FALSE,"Bacteria","Acidobacteriota","Holophagae","Acanthopleuribacterales","Acanthopleuribacteraceae",NA,NA,NA
"1570","sq11","D10",0.00169527442254715,"D10","SB4 4E1","SB","External",4,0.947375251,0.459,NA,FALSE,"Bacteria","Cyanobacteria","Cyanobacteriia","Cyanobacteriales","Coleofasciculaceae",NA,NA,NA
"1571","sq199","D3",0.00169476102732091,"D3","SB3 2N1","SB","Internal",2,0.775372332,0.11,NA,FALSE,"Bacteria","Bacteroidota","Rhodothermia","Rhodothermales","Rhodothermaceae",NA,NA,NA
"1572","sq223","E8",0.00168990782320964,"E8","TM3 26E1","TM","External",26,1.169004676,NA,0.034,FALSE,"Bacteria","Proteobacteria","Alphaproteobacteria","Tistrellales","Geminicoccaceae",NA,NA,NA
"1573","sq243","E6",0.00168951025321535,"E6","TM2 23E1","TM","External",23,1.016192071,0.102,0,FALSE,"Bacteria","Proteobacteria","Gammaproteobacteria","Pseudomonadales","Pseudohongiellaceae",NA,NA,NA
"1574","sq495","D1",0.0016890786010763,"D1","SB3 1N1 ","SB","Internal",1,1.016765819,NA,0,FALSE,"Bacteria","Acidobacteriota","Thermoanaerobaculia","Thermoanaerobaculales","Thermoanaerobaculaceae",NA,NA,NA
"1575","sq1373","E9",0.00168684805602159,"E9","TM3 27N1","TM","Internal",27,1.647954829,2.235,NA,FALSE,"Bacteria","Verrucomicrobiota","Verrucomicrobiae","Verrucomicrobiales","DEV007",NA,NA,NA
"1576","sq816","D7",0.00168601754990995,"D7","SB4 3N1","SB","Internal",3,0.947464318,NA,0,FALSE,"Bacteria","Proteobacteria","Alphaproteobacteria","Rhodospirillales","Rhodospirillaceae",NA,NA,NA
"1577","sq42","E4",0.00168546857941813,"E4","TM2 22E1","TM","External",22,1.31061599,0.595,NA,FALSE,"Bacteria","Chloroflexi","Anaerolineae","SBR1031","A4b",NA,NA,NA
"1578","sq578","D9",0.00168405218926785,"D9","SB4 4N1","SB","Internal",4,1.337102689,1.856,NA,FALSE,"Bacteria","Fibrobacterota","Fibrobacteria","Fibrobacterales","Fibrobacteraceae",NA,NA,NA
"1579","sq321","D6",0.0016824058403517,"D6","SB3 3E1","SB","External",3,0.711169545,0.121,0,FALSE,"Bacteria","Chloroflexi","Anaerolineae","Anaerolineales","Anaerolineaceae",NA,NA,NA
"1580","sq484","E3",0.00168127213127072,"E3","TM2 22N1","TM","Internal",22,1.027042307,1.612,NA,FALSE,"Bacteria","Bdellovibrionota","Bdellovibrionia","Bdellovibrionales","Bdellovibrionaceae",NA,NA,NA
"1581","sq2138","E4",0.00167589205339871,"E4","TM2 22E1","TM","External",22,1.31061599,0.595,NA,FALSE,"Bacteria","Cloacimonadota","Cloacimonadia","Cloacimonadales","MSBL8",NA,NA,NA
"1582","sq2522","E2",0.00167573848694269,"E2","TM2 21E1","TM","External",21,3.767123288,NA,0,FALSE,"Bacteria","Bacteroidota","Ignavibacteria","Ignavibacteriales","PHOS-HE36",NA,NA,NA
"1583","sq170","D5",0.00167321469840536,"D5","SB3 3N1","SB","Internal",3,0.456230396,0,0,FALSE,"Bacteria","Desulfobacterota","Desulfobacteria","Desulfatiglandales","Desulfatiglandaceae",NA,NA,NA
"1584","sq98","E9",0.00166861186082136,"E9","TM3 27N1","TM","Internal",27,1.647954829,2.235,NA,FALSE,"Bacteria","Proteobacteria","Gammaproteobacteria","Pseudomonadales","Alcanivoracaceae1",NA,NA,NA
"1585","sq1473","E8",0.00166627274875916,"E8","TM3 26E1","TM","External",26,1.169004676,NA,0.034,FALSE,"Bacteria","Bacteroidota","Bacteroidia","Sphingobacteriales","Lentimicrobiaceae",NA,NA,NA
"1586","sq19","E5",0.00166606024627051,"E5","TM2 23N1","TM","Internal",23,1.041089822,0.484,0,FALSE,"Bacteria","Desulfobacterota","Desulfovibrionia","Desulfovibrionales","Desulfovibrionaceae",NA,NA,NA
"1587","sq2114","D5",0.00166397041830367,"D5","SB3 3N1","SB","Internal",3,0.456230396,0,0,FALSE,"Bacteria","Planctomycetota","Phycisphaerae","MSBL9","SG8-4",NA,NA,NA
"1588","sq610","E3",0.00166248696779284,"E3","TM2 22N1","TM","Internal",22,1.027042307,1.612,NA,FALSE,"Bacteria","Proteobacteria","Gammaproteobacteria","Nitrosococcales","Nitrosococcaceae",NA,NA,NA
"1589","sq902","E10",0.00166239234130001,"E10","TM3 27E1","TM","External",27,0.830019021,0.233,NA,FALSE,"Bacteria","Proteobacteria","Gammaproteobacteria","Pseudomonadales","Nitrincolaceae",NA,NA,NA
"1590","sq1373","D3",0.00166063832207284,"D3","SB3 2N1","SB","Internal",2,0.775372332,0.11,NA,FALSE,"Bacteria","Verrucomicrobiota","Verrucomicrobiae","Verrucomicrobiales","DEV007",NA,NA,NA
"1591","sq1818","E1",0.0016572658021748,"E1","TM2 21N1","TM","Internal",21,0.632675847,NA,0,FALSE,"Bacteria","Chloroflexi","Anaerolineae","Caldilineales","Caldilineaceae",NA,NA,NA
"1592","sq2415","E1",0.0016572658021748,"E1","TM2 21N1","TM","Internal",21,0.632675847,NA,0,FALSE,"Bacteria","Desulfobacterota","Desulfobacteria","Desulfobacterales","Desulfolunaceae",NA,NA,NA
"1593","sq309","E1",0.0016572658021748,"E1","TM2 21N1","TM","Internal",21,0.632675847,NA,0,FALSE,"Bacteria","Proteobacteria","Gammaproteobacteria","Pseudomonadales","KI89A clade",NA,NA,NA
"1594","sq125","E3",0.00165309438605389,"E3","TM2 22N1","TM","Internal",22,1.027042307,1.612,NA,FALSE,"Bacteria","Bacteroidota","Bacteroidia","Flavobacteriales","Cryomorphaceae",NA,NA,NA
"1595","sq323","D8",0.00165125052021104,"D8","SB4 3E1","SB","External",3,0.797997922,NA,0,FALSE,"Bacteria","Campylobacterota","Campylobacteria","Campylobacterales","Sulfurimonadaceae",NA,NA,NA
"1596","sq578","D3",0.00164926408699015,"D3","SB3 2N1","SB","Internal",2,0.775372332,0.11,NA,FALSE,"Bacteria","Fibrobacterota","Fibrobacteria","Fibrobacterales","Fibrobacteraceae",NA,NA,NA
"1597","sq278","D7",0.00164769896923018,"D7","SB4 3N1","SB","Internal",3,0.947464318,NA,0,FALSE,"Bacteria","Firmicutes","Clostridia","Peptostreptococcales-Tissierellales","Clostridium sensu stricto",NA,NA,NA
"1598","sq484","E4",0.00164716247534045,"E4","TM2 22E1","TM","External",22,1.31061599,0.595,NA,FALSE,"Bacteria","Bdellovibrionota","Bdellovibrionia","Bdellovibrionales","Bdellovibrionaceae",NA,NA,NA
"1599","sq614","D4",0.00164572254830148,"D4","SB3 2E1","SB","External",2,0.652985075,0.136,NA,FALSE,"Bacteria","Bacteroidota","Bacteroidia","Flavobacteriales","Crocinitomicaceae",NA,NA,NA
"1600","sq1338","E10",0.00164568488058342,"E10","TM3 27E1","TM","External",27,0.830019021,0.233,NA,FALSE,"Bacteria","Proteobacteria","Gammaproteobacteria","Pseudomonadales","P13-46",NA,NA,NA
"1601","sq79","E9",0.00163213947042089,"E9","TM3 27N1","TM","Internal",27,1.647954829,2.235,NA,FALSE,"Bacteria","Bacteroidota","Rhodothermia","Balneolales","Balneolaceae",NA,NA,NA
"1602","sq1100","E12",0.00163053145443406,"E12","TM3 28E1","TM","External",28,1.516085295,1.023,0,FALSE,"Bacteria","Hydrogenedentes","Hydrogenedentia","Hydrogenedentiales","Hydrogenedensaceae",NA,NA,NA
"1603","sq267","E12",0.00163053145443406,"E12","TM3 28E1","TM","External",28,1.516085295,1.023,0,FALSE,"Bacteria","Proteobacteria","Alphaproteobacteria","Rhizobiales","Rhizobiales Incertae Sedis",NA,NA,NA
"1604","sq208","E1",0.00162819096354015,"E1","TM2 21N1","TM","Internal",21,0.632675847,NA,0,FALSE,"Bacteria","Planctomycetota","Planctomycetes","Planctomycetales","Gimesiaceae",NA,NA,NA
"1605","sq1557","E5",0.00162776001072407,"E5","TM2 23N1","TM","Internal",23,1.041089822,0.484,0,FALSE,"Bacteria","Bacteroidota","Ignavibacteria","Ignavibacteriales","Ignavibacteriaceae",NA,NA,NA
"1606","sq278","E6",0.00162615361871977,"E6","TM2 23E1","TM","External",23,1.016192071,0.102,0,FALSE,"Bacteria","Firmicutes","Clostridia","Peptostreptococcales-Tissierellales","Clostridium sensu stricto",NA,NA,NA
"1607","sq560","D1",0.00162361043824388,"D1","SB3 1N1 ","SB","Internal",1,1.016765819,NA,0,FALSE,"Bacteria","Verrucomicrobiota","Verrucomicrobiae","Methylacidiphilales","Methylacidiphilaceae",NA,NA,NA
"1608","sq23","E4",0.00161843289728218,"E4","TM2 22E1","TM","External",22,1.31061599,0.595,NA,FALSE,"Bacteria","Proteobacteria","Gammaproteobacteria","Arenicellales","Arenicellaceae",NA,NA,NA
"1609","sq614","D5",0.00161774901779524,"D5","SB3 3N1","SB","Internal",3,0.456230396,0,0,FALSE,"Bacteria","Bacteroidota","Bacteroidia","Flavobacteriales","Crocinitomicaceae",NA,NA,NA
"1610","sq48","E11",0.00161765315857149,"E11","TM3 28N1","TM","Internal",28,1.477155617,2.427,0.039,FALSE,"Bacteria","Deinococcota","Deinococci","Deinococcales","Trueperaceae",NA,NA,NA
"1611","sq610","E6",0.00161559417963718,"E6","TM2 23E1","TM","External",23,1.016192071,0.102,0,FALSE,"Bacteria","Proteobacteria","Gammaproteobacteria","Nitrosococcales","Nitrosococcaceae",NA,NA,NA
"1612","sq731","D11",0.00161198273876869,"D11","SB4 5N1","SB","Internal",5,1.132759402,0.701,0,FALSE,"Bacteria","Myxococcota","Polyangia","Polyangiales","Eel-36e1D6",NA,NA,NA
"1613","sq343","D9",0.00161047709362022,"D9","SB4 4N1","SB","Internal",4,1.337102689,1.856,NA,FALSE,"Bacteria","Myxococcota","Polyangia","Nannocystales","Nannocystaceae",NA,NA,NA
"1614","sq446","E5",0.00160860989295084,"E5","TM2 23N1","TM","Internal",23,1.041089822,0.484,0,FALSE,"Bacteria","Campylobacterota","Campylobacteria","Campylobacterales","Arcobacteraceae",NA,NA,NA
"1615","sq14","E3",0.00160613147735918,"E3","TM2 22N1","TM","Internal",22,1.027042307,1.612,NA,FALSE,"Bacteria","Cyanobacteria","Cyanobacteriia","Phormidesmiales","Phormidesmiaceae",NA,NA,NA
"1616","sq208","E7",0.00160142866848485,"E7","TM3 26N1","TM","Internal",26,1.910828025,NA,0.056,FALSE,"Bacteria","Planctomycetota","Planctomycetes","Planctomycetales","Gimesiaceae",NA,NA,NA
"1617","sq223","D12",0.00159951430806412,"D12","SB4 5E1","SB","External",5,0.897520783,0.4,0,FALSE,"Bacteria","Proteobacteria","Alphaproteobacteria","Tistrellales","Geminicoccaceae",NA,NA,NA
"1618","sq2046","D5",0.00159926045759186,"D5","SB3 3N1","SB","Internal",3,0.456230396,0,0,FALSE,"Bacteria","Fibrobacterota","Fibrobacteria","Fibrobacterales","TG3",NA,NA,NA
"1619","sq1818","E10",0.00159556249843368,"E10","TM3 27E1","TM","External",27,0.830019021,0.233,NA,FALSE,"Bacteria","Chloroflexi","Anaerolineae","Caldilineales","Caldilineaceae",NA,NA,NA
"1620","sq2644","D11",0.00159195810847342,"D11","SB4 5N1","SB","Internal",5,1.132759402,0.701,0,FALSE,"Bacteria","Proteobacteria","Gammaproteobacteria","Burkholderiales","Comamonadaceae",NA,NA,NA
"1621","sq2016","E7",0.00159172304019101,"E7","TM3 26N1","TM","Internal",26,1.910828025,NA,0.056,FALSE,"Bacteria","Chloroflexi","Chloroflexia","Chloroflexales","Chloroflexaceae",NA,NA,NA
"1622","sq1513","D1",0.00159087635682767,"D1","SB3 1N1 ","SB","Internal",1,1.016765819,NA,0,FALSE,"Bacteria","Campylobacterota","Campylobacteria","Campylobacterales","Helicobacteraceae",NA,NA,NA
"1623","sq1300","E5",0.00158945977517762,"E5","TM2 23N1","TM","Internal",23,1.041089822,0.484,0,FALSE,"Bacteria","Deferrisomatota","Defferrisomatia","Defferrisomatales","Defferrisomataceae",NA,NA,NA
"1624","sq1534","E9",0.00158654898242031,"E9","TM3 27N1","TM","Internal",27,1.647954829,2.235,NA,FALSE,"Bacteria","Sumerlaeota","Sumerlaeia","Sumerlaeales","Sumerlaeaceae",NA,NA,NA
"1625","sq11","D8",0.00158412651532441,"D8","SB4 3E1","SB","External",3,0.797997922,NA,0,FALSE,"Bacteria","Cyanobacteria","Cyanobacteriia","Cyanobacteriales","Coleofasciculaceae",NA,NA,NA
"1626","sq165","E8",0.00158354998818246,"E8","TM3 26E1","TM","External",26,1.169004676,NA,0.034,FALSE,"Bacteria","Proteobacteria","Gammaproteobacteria","Chromatiales","Sedimenticolaceae",NA,NA,NA
"1627","sq614","E8",0.00158354998818246,"E8","TM3 26E1","TM","External",26,1.169004676,NA,0.034,FALSE,"Bacteria","Bacteroidota","Bacteroidia","Flavobacteriales","Crocinitomicaceae",NA,NA,NA
"1628","sq4535","D11",0.00158194579332579,"D11","SB4 5N1","SB","Internal",5,1.132759402,0.701,0,FALSE,"Bacteria","Proteobacteria","Alphaproteobacteria","Rickettsiales","Rickettsiaceae",NA,NA,NA
"1629","sq959","D3",0.00158101867649401,"D3","SB3 2N1","SB","Internal",2,0.775372332,0.11,NA,FALSE,"Bacteria","Planctomycetota","Planctomycetes","Planctomycetales","Rubinisphaeraceae",NA,NA,NA
"1630","sq389","E2",0.00157788514463947,"E2","TM2 21E1","TM","External",21,3.767123288,NA,0,FALSE,"Bacteria","Bacteroidota","Ignavibacteria","Ignavibacteriales","Melioribacteraceae",NA,NA,NA
"1631","sq42","E2",0.00157788514463947,"E2","TM2 21E1","TM","External",21,3.767123288,NA,0,FALSE,"Bacteria","Chloroflexi","Anaerolineae","SBR1031","A4b",NA,NA,NA
"1632","sq48","D5",0.0015715276172868,"D5","SB3 3N1","SB","Internal",3,0.456230396,0,0,FALSE,"Bacteria","Deinococcota","Deinococci","Deinococcales","Trueperaceae",NA,NA,NA
"1633","sq610","D8",0.00157070171434708,"D8","SB4 3E1","SB","External",3,0.797997922,NA,0,FALSE,"Bacteria","Proteobacteria","Gammaproteobacteria","Nitrosococcales","Nitrosococcaceae",NA,NA,NA
"1634","sq959","E4",0.00157055026718508,"E4","TM2 22E1","TM","External",22,1.31061599,0.595,NA,FALSE,"Bacteria","Planctomycetota","Planctomycetes","Planctomycetales","Rubinisphaeraceae",NA,NA,NA
"1635","sq959","D4",0.00156961977150141,"D4","SB3 2E1","SB","External",2,0.652985075,0.136,NA,FALSE,"Bacteria","Planctomycetota","Planctomycetes","Planctomycetales","Rubinisphaeraceae",NA,NA,NA
"1636","sq989","E3",0.00156856115040341,"E3","TM2 22N1","TM","Internal",22,1.027042307,1.612,NA,FALSE,"Bacteria","Myxococcota","Polyangia","Haliangiales","Haliangiaceae",NA,NA,NA
"1637","sq639","D5",0.00156228333718512,"D5","SB3 3N1","SB","Internal",3,0.456230396,0,0,FALSE,"Bacteria","Bdellovibrionota","Oligoflexia","Oligoflexales","Oligoflexaceae",NA,NA,NA
"1638","sq959","E10",0.00156214757700051,"E10","TM3 27E1","TM","External",27,0.830019021,0.233,NA,FALSE,"Bacteria","Planctomycetota","Planctomycetes","Planctomycetales","Rubinisphaeraceae",NA,NA,NA
"1639","sq79","E4",0.00156097374116565,"E4","TM2 22E1","TM","External",22,1.31061599,0.595,NA,FALSE,"Bacteria","Bacteroidota","Rhodothermia","Balneolales","Balneolaceae",NA,NA,NA
"1640","sq222","E8",0.00155991491373198,"E8","TM3 26E1","TM","External",26,1.169004676,NA,0.034,FALSE,"Bacteria","Proteobacteria","Gammaproteobacteria","Enterobacterales","Vibrionaceae",NA,NA,NA
"1641","sq243","E8",0.00155991491373198,"E8","TM3 26E1","TM","External",26,1.169004676,NA,0.034,FALSE,"Bacteria","Proteobacteria","Gammaproteobacteria","Pseudomonadales","Pseudohongiellaceae",NA,NA,NA
"1642","sq682","D3",0.00155827020632862,"D3","SB3 2N1","SB","Internal",2,0.775372332,0.11,NA,FALSE,"Bacteria","Proteobacteria","Gammaproteobacteria","Pseudomonadales","Saccharospirillaceae",NA,NA,NA
"1643","sq2028","D1",0.00155814227541147,"D1","SB3 1N1 ","SB","Internal",1,1.016765819,NA,0,FALSE,"Bacteria","Verrucomicrobiota","Omnitrophia","Omnitrophales","Omnitrophaceae",NA,NA,NA
"1644","sq210","D8",0.00155727691336976,"D8","SB4 3E1","SB","External",3,0.797997922,NA,0,FALSE,"Bacteria","Calditrichota","Calditrichia","Calditrichales","Calditrichaceae",NA,NA,NA
"1645","sq1792","D5",0.00155303905708343,"D5","SB3 3N1","SB","Internal",3,0.456230396,0,0,FALSE,"Bacteria","Bacteroidota","Bacteroidia","Bacteroidales","Salinivirgaceae",NA,NA,NA
"1646","sq267","E8",0.00154809737650674,"E8","TM3 26E1","TM","External",26,1.169004676,NA,0.034,FALSE,"Bacteria","Proteobacteria","Alphaproteobacteria","Rhizobiales","Rhizobiales Incertae Sedis",NA,NA,NA
"1647","sq1676","D7",0.00154551608741746,"D7","SB4 3N1","SB","Internal",3,0.947464318,NA,0,FALSE,"Bacteria","Proteobacteria","Alphaproteobacteria","Rhodospirillales","Magnetospiraceae",NA,NA,NA
"1648","sq261","D12",0.00154113787346324,"D12","SB4 5E1","SB","External",5,0.897520783,0.4,0,FALSE,"Bacteria","Desulfobacterota","Desulfobacteria","Desulfobacterales","Desulfococcaceae",NA,NA,NA
"1649","sq959","E1",0.00154096644763622,"E1","TM2 21N1","TM","Internal",21,0.632675847,NA,0,FALSE,"Bacteria","Planctomycetota","Planctomycetes","Planctomycetales","Rubinisphaeraceae",NA,NA,NA
"1650","sq747","E8",0.00153627983928149,"E8","TM3 26E1","TM","External",26,1.169004676,NA,0.034,FALSE,"Bacteria","Verrucomicrobiota","Kiritimatiellae","Kiritimatiellales","Kiritimatiellaceae",NA,NA,NA
"1651","sq446","D2",0.0015335442629302,"D2","SB3 1E2","SB","External",1,0.994590822,NA,0,FALSE,"Bacteria","Campylobacterota","Campylobacteria","Campylobacterales","Arcobacteraceae",NA,NA,NA
"1652","sq2028","E5",0.00153200942185794,"E5","TM2 23N1","TM","Internal",23,1.041089822,0.484,0,FALSE,"Bacteria","Verrucomicrobiota","Omnitrophia","Omnitrophales","Omnitrophaceae",NA,NA,NA
"1653","sq352","E12",0.00153171136628654,"E12","TM3 28E1","TM","External",28,1.516085295,1.023,0,FALSE,"Bacteria","Proteobacteria","Gammaproteobacteria","Enterobacterales","Alteromonadaceae",NA,NA,NA
"1654","sq442","D4",0.00153156838310138,"D4","SB3 2E1","SB","External",2,0.652985075,0.136,NA,FALSE,"Bacteria","Bacteroidota","Bacteroidia","Flavobacteriales","Schleiferiaceae",NA,NA,NA
"1655","sq1114","E12",0.00152182935747179,"E12","TM3 28E1","TM","External",28,1.516085295,1.023,0,FALSE,"Bacteria","Bacteroidota","Bacteroidia","Sphingobacteriales","ST-12K33",NA,NA,NA
"1656","sq393","E12",0.00152182935747179,"E12","TM3 28E1","TM","External",28,1.516085295,1.023,0,FALSE,"Bacteria","Proteobacteria","Gammaproteobacteria","Burkholderiales","Nitrosomonadaceae",NA,NA,NA
"1657","sq1636","E3",0.0015215982417087,"E3","TM2 22N1","TM","Internal",22,1.027042307,1.612,NA,FALSE,"Bacteria","Bdellovibrionota","Bdellovibrionia","Bacteriovoracales","Bacteriovoracaceae",NA,NA,NA
"1658","sq1300","E10",0.00152037892520905,"E10","TM3 27E1","TM","External",27,0.830019021,0.233,NA,FALSE,"Bacteria","Deferrisomatota","Defferrisomatia","Defferrisomatales","Defferrisomataceae",NA,NA,NA
"1659","sq210","E7",0.00151407801384023,"E7","TM3 26N1","TM","Internal",26,1.910828025,NA,0.056,FALSE,"Bacteria","Calditrichota","Calditrichia","Calditrichales","Calditrichaceae",NA,NA,NA
"1660","sq65","E11",0.00151395744327844,"E11","TM3 28N1","TM","Internal",28,1.477155617,2.427,0.039,FALSE,"Bacteria","Cyanobacteria","Cyanobacteriia","Cyanobacteriales","Oscillatoriaceae",NA,NA,NA
"1661","sq2138","E1",0.00151189160900157,"E1","TM2 21N1","TM","Internal",21,0.632675847,NA,0,FALSE,"Bacteria","Cloacimonadota","Cloacimonadia","Cloacimonadales","MSBL8",NA,NA,NA
"1662","sq2280","D7",0.00150719750673768,"D7","SB4 3N1","SB","Internal",3,0.947464318,NA,0,FALSE,"Bacteria","Proteobacteria","Gammaproteobacteria","Ectothiorhodospirales","Thioalkalispiraceae",NA,NA,NA
"1663","sq1473","E7",0.00150437238554638,"E7","TM3 26N1","TM","Internal",26,1.910828025,NA,0.056,FALSE,"Bacteria","Bacteroidota","Bacteroidia","Sphingobacteriales","Lentimicrobiaceae",NA,NA,NA
"1664","sq682","D5",0.00149757337647331,"D5","SB3 3N1","SB","Internal",3,0.456230396,0,0,FALSE,"Bacteria","Proteobacteria","Gammaproteobacteria","Pseudomonadales","Saccharospirillaceae",NA,NA,NA
"1665","sq1300","D7",0.00149442464651109,"D7","SB4 3N1","SB","Internal",3,0.947464318,NA,0,FALSE,"Bacteria","Deferrisomatota","Defferrisomatia","Defferrisomatales","Defferrisomataceae",NA,NA,NA
"1666","sq997","E5",0.0014937091863115,"E5","TM2 23N1","TM","Internal",23,1.041089822,0.484,0,FALSE,"Bacteria","Verrucomicrobiota","Lentisphaeria","Oligosphaerales","Lenti-02",NA,NA,NA
"1667","sq261","D4",0.00149351699470134,"D4","SB3 2E1","SB","External",2,0.652985075,0.136,NA,FALSE,"Bacteria","Desulfobacterota","Desulfobacteria","Desulfobacterales","Desulfococcaceae",NA,NA,NA
"1668","sq466","D6",0.00149213375126431,"D6","SB3 3E1","SB","External",3,0.711169545,0.121,0,FALSE,"Bacteria","Firmicutes","Clostridia","Oscillospirales","Hungateiclostridiaceae",NA,NA,NA
"1669","sq1410","D9",0.00148785193420751,"D9","SB4 4N1","SB","Internal",4,1.337102689,1.856,NA,FALSE,"Bacteria","Cyanobacteria","Cyanobacteriia","Leptolyngbyales","Leptolyngbyaceae",NA,NA,NA
"1670","sq323","D9",0.00148785193420751,"D9","SB4 4N1","SB","Internal",4,1.337102689,1.856,NA,FALSE,"Bacteria","Campylobacterota","Campylobacteria","Campylobacterales","Sulfurimonadaceae",NA,NA,NA
"1671","sq2114","E10",0.00148696400377589,"E10","TM3 27E1","TM","External",27,0.830019021,0.233,NA,FALSE,"Bacteria","Planctomycetota","Phycisphaerae","MSBL9","SG8-4",NA,NA,NA
"1672","sq1100","E11",0.00148284872869053,"E11","TM3 28N1","TM","Internal",28,1.477155617,2.427,0.039,FALSE,"Bacteria","Hydrogenedentes","Hydrogenedentia","Hydrogenedentiales","Hydrogenedensaceae",NA,NA,NA
"1673","sq167","E11",0.00148284872869053,"E11","TM3 28N1","TM","Internal",28,1.477155617,2.427,0.039,FALSE,"Bacteria","Proteobacteria","Alphaproteobacteria","Caulobacterales","Hyphomonadaceae",NA,NA,NA
"1674","sq296","E10",0.00147861027341759,"E10","TM3 27E1","TM","External",27,0.830019021,0.233,NA,FALSE,"Bacteria","Proteobacteria","Gammaproteobacteria","Pseudomonadales","Hahellaceae",NA,NA,NA
"1675","sq125","E5",0.00147455906853827,"E5","TM2 23N1","TM","Internal",23,1.041089822,0.484,0,FALSE,"Bacteria","Bacteroidota","Bacteroidia","Flavobacteriales","Cryomorphaceae",NA,NA,NA
"1676","sq1275","D1",0.00147303366372933,"D1","SB3 1N1 ","SB","Internal",1,1.016765819,NA,0,FALSE,"Bacteria","Spirochaetota","Leptospirae","Leptospirales","Leptospiraceae",NA,NA,NA
"1677","sq331","D11",0.00147181032670184,"D11","SB4 5N1","SB","Internal",5,1.132759402,0.701,0,FALSE,"Bacteria","Proteobacteria","Gammaproteobacteria","Pseudomonadales","Marinobacteraceae",NA,NA,NA
"1678","sq1534","D9",0.00147150191295249,"D9","SB4 4N1","SB","Internal",4,1.337102689,1.856,NA,FALSE,"Bacteria","Sumerlaeota","Sumerlaeia","Sumerlaeales","Sumerlaeaceae",NA,NA,NA
"1679","sq953","D2",0.00146897397817524,"D2","SB3 1E2","SB","External",1,0.994590822,NA,0,FALSE,"Bacteria","Bdellovibrionota","Oligoflexia","Silvanigrellales","Silvanigrellaceae",NA,NA,NA
"1680","sq199","E7",0.00146554987237099,"E7","TM3 26N1","TM","Internal",26,1.910828025,NA,0.056,FALSE,"Bacteria","Bacteroidota","Rhodothermia","Rhodothermales","Rhodothermaceae",NA,NA,NA
"1681","sq393","E10",0.00146190281270101,"E10","TM3 27E1","TM","External",27,0.830019021,0.233,NA,FALSE,"Bacteria","Proteobacteria","Gammaproteobacteria","Burkholderiales","Nitrosomonadaceae",NA,NA,NA
"1682","sq199","D5",0.00146059625606656,"D5","SB3 3N1","SB","Internal",3,0.456230396,0,0,FALSE,"Bacteria","Bacteroidota","Rhodothermia","Rhodothermales","Rhodothermaceae",NA,NA,NA
"1683","sq2046","D1",0.00145994003116285,"D1","SB3 1N1 ","SB","Internal",1,1.016765819,NA,0,FALSE,"Bacteria","Fibrobacterota","Fibrobacteria","Fibrobacterales","TG3",NA,NA,NA
"1684","sq79","E3",0.0014558501695361,"E3","TM2 22N1","TM","Internal",22,1.027042307,1.612,NA,FALSE,"Bacteria","Bacteroidota","Rhodothermia","Balneolales","Balneolaceae",NA,NA,NA
"1685","sq309","E7",0.00145584424407714,"E7","TM3 26N1","TM","Internal",26,1.910828025,NA,0.056,FALSE,"Bacteria","Proteobacteria","Gammaproteobacteria","Pseudomonadales","KI89A clade",NA,NA,NA
"1686","sq104","E2",0.00145556846676044,"E2","TM2 21E1","TM","External",21,3.767123288,NA,0,FALSE,"Bacteria","Cyanobacteria","Cyanobacteriia","Phormidesmiales","Nodosilineaceae",NA,NA,NA
"1687","sq352","E10",0.00145354908234272,"E10","TM3 27E1","TM","External",27,0.830019021,0.233,NA,FALSE,"Bacteria","Proteobacteria","Gammaproteobacteria","Enterobacterales","Alteromonadaceae",NA,NA,NA
"1688","sq959","D6",0.00145207646935117,"D6","SB3 3E1","SB","External",3,0.711169545,0.121,0,FALSE,"Bacteria","Planctomycetota","Planctomycetes","Planctomycetales","Rubinisphaeraceae",NA,NA,NA
"1689","sq1534","E11",0.00145174001410262,"E11","TM3 28N1","TM","Internal",28,1.477155617,2.427,0.039,FALSE,"Bacteria","Sumerlaeota","Sumerlaeia","Sumerlaeales","Sumerlaeaceae",NA,NA,NA
"1690","sq639","E11",0.00145174001410262,"E11","TM3 28N1","TM","Internal",28,1.477155617,2.427,0.039,FALSE,"Bacteria","Bdellovibrionota","Oligoflexia","Oligoflexales","Oligoflexaceae",NA,NA,NA
"1691","sq79","E6",0.00144664315431564,"E6","TM2 23E1","TM","External",23,1.016192071,0.102,0,FALSE,"Bacteria","Bacteroidota","Rhodothermia","Balneolales","Balneolaceae",NA,NA,NA
"1692","sq243","E7",0.00144613861578329,"E7","TM3 26N1","TM","Internal",26,1.910828025,NA,0.056,FALSE,"Bacteria","Proteobacteria","Gammaproteobacteria","Pseudomonadales","Pseudohongiellaceae",NA,NA,NA
"1693","sq676","D7",0.00144333320560473,"D7","SB4 3N1","SB","Internal",3,0.947464318,NA,0,FALSE,"Bacteria","Bacteroidota","Kryptonia","Kryptoniales","MSB-3C8",NA,NA,NA
"1694","sq134","D7",0.00144333320560473,"D7","SB4 3N1","SB","Internal",3,0.947464318,NA,0,FALSE,"Bacteria","Bacteroidota","Bacteroidia","Bacteroidales","Bacteroidetes BD2-2",NA,NA,NA
"1695","sq577","D1",0.00144029958231312,"D1","SB3 1N1 ","SB","Internal",1,1.016765819,NA,0,FALSE,"Bacteria","Proteobacteria","Gammaproteobacteria","Thiohalorhabdales","Thiohalorhabdaceae",NA,NA,NA
"1696","sq314","D11",0.00143176106611132,"D11","SB4 5N1","SB","Internal",5,1.132759402,0.701,0,FALSE,"Bacteria","Desulfobacterota","Desulfuromonadia","Desulfuromonadales","Geoalkalibacteraceae",NA,NA,NA
"1697","sq359","E2",0.00143110513118464,"E2","TM2 21E1","TM","External",21,3.767123288,NA,0,FALSE,"Bacteria","Myxococcota","Myxococcia","Myxococcales","Myxococcaceae",NA,NA,NA
"1698","sq1100","E1",0.00142466709309763,"E1","TM2 21N1","TM","Internal",21,0.632675847,NA,0,FALSE,"Bacteria","Hydrogenedentes","Hydrogenedentia","Hydrogenedentiales","Hydrogenedensaceae",NA,NA,NA
"1699","sq167","E1",0.00142466709309763,"E1","TM2 21N1","TM","Internal",21,0.632675847,NA,0,FALSE,"Bacteria","Proteobacteria","Alphaproteobacteria","Caulobacterales","Hyphomonadaceae",NA,NA,NA
"1700","sq350","D5",0.00142361913565981,"D5","SB3 3N1","SB","Internal",3,0.456230396,0,0,FALSE,"Bacteria","Bacteroidota","Bacteroidia","Cytophagales","Amoebophilaceae",NA,NA,NA
"1701","sq331","E2",0.00141887346339673,"E2","TM2 21E1","TM","External",21,3.767123288,NA,0,FALSE,"Bacteria","Proteobacteria","Gammaproteobacteria","Pseudomonadales","Marinobacteraceae",NA,NA,NA
"1702","sq343","D7",0.00141778748515155,"D7","SB4 3N1","SB","Internal",3,0.947464318,NA,0,FALSE,"Bacteria","Myxococcota","Polyangia","Nannocystales","Nannocystaceae",NA,NA,NA
"1703","sq393","D7",0.00141778748515155,"D7","SB4 3N1","SB","Internal",3,0.947464318,NA,0,FALSE,"Bacteria","Proteobacteria","Gammaproteobacteria","Burkholderiales","Nitrosomonadaceae",NA,NA,NA
"1704","sq610","D9",0.00141427683855989,"D9","SB4 4N1","SB","Internal",4,1.337102689,1.856,NA,FALSE,"Bacteria","Proteobacteria","Gammaproteobacteria","Nitrosococcales","Nitrosococcaceae",NA,NA,NA
"1705","sq821","D9",0.00141427683855989,"D9","SB4 4N1","SB","Internal",4,1.337102689,1.856,NA,FALSE,"Bacteria","Bacteroidota","Bacteroidia","Flavobacteriales","NS9 marine group",NA,NA,NA
"1706","sq223","D9",0.00140610182793238,"D9","SB4 4N1","SB","Internal",4,1.337102689,1.856,NA,FALSE,"Bacteria","Proteobacteria","Alphaproteobacteria","Tistrellales","Geminicoccaceae",NA,NA,NA
"1707","sq682","D2",0.00140440369342029,"D2","SB3 1E2","SB","External",1,0.994590822,NA,0,FALSE,"Bacteria","Proteobacteria","Gammaproteobacteria","Pseudomonadales","Saccharospirillaceae",NA,NA,NA
"1708","sq314","D6",0.00140200486695975,"D6","SB3 3E1","SB","External",3,0.711169545,0.121,0,FALSE,"Bacteria","Desulfobacterota","Desulfuromonadia","Desulfuromonadales","Geoalkalibacteraceae",NA,NA,NA
"1709","sq2066","D10",0.00140186154172168,"D10","SB4 4E1","SB","External",4,0.947375251,0.459,NA,FALSE,"Bacteria","Verrucomicrobiota","Verrucomicrobiae","Pedosphaerales","Pedosphaeraceae",NA,NA,NA
"1710","sq23","D10",0.00140186154172168,"D10","SB4 4E1","SB","External",4,0.947375251,0.459,NA,FALSE,"Bacteria","Proteobacteria","Gammaproteobacteria","Arenicellales","Arenicellaceae",NA,NA,NA
"1711","sq2536","D10",0.00140186154172168,"D10","SB4 4E1","SB","External",4,0.947375251,0.459,NA,FALSE,"Bacteria","Planctomycetota","Planctomycetes","Gemmatales","Gemmataceae",NA,NA,NA
"1712","sq134","D3",0.00139903091517095,"D3","SB3 2N1","SB","Internal",2,0.775372332,0.11,NA,FALSE,"Bacteria","Bacteroidota","Bacteroidia","Bacteroidales","Bacteroidetes BD2-2",NA,NA,NA
"1713","sq682","D4",0.00139838852370126,"D4","SB3 2E1","SB","External",2,0.652985075,0.136,NA,FALSE,"Bacteria","Proteobacteria","Gammaproteobacteria","Pseudomonadales","Saccharospirillaceae",NA,NA,NA
"1714","sq482","E5",0.00139795859744537,"E5","TM2 23N1","TM","Internal",23,1.041089822,0.484,0,FALSE,"Bacteria","Proteobacteria","Alphaproteobacteria","Rhizobiales","Hyphomicrobiaceae",NA,NA,NA
"1715","sq79","E5",0.00139795859744537,"E5","TM2 23N1","TM","Internal",23,1.041089822,0.484,0,FALSE,"Bacteria","Bacteroidota","Rhodothermia","Balneolales","Balneolaceae",NA,NA,NA
"1716","sq1100","E10",0.00139507296983468,"E10","TM3 27E1","TM","External",27,0.830019021,0.233,NA,FALSE,"Bacteria","Hydrogenedentes","Hydrogenedentia","Hydrogenedentiales","Hydrogenedensaceae",NA,NA,NA
"1717","sq19","E10",0.00139507296983468,"E10","TM3 27E1","TM","External",27,0.830019021,0.233,NA,FALSE,"Bacteria","Desulfobacterota","Desulfovibrionia","Desulfovibrionales","Desulfovibrionaceae",NA,NA,NA
"1718","sq989","E10",0.00139507296983468,"E10","TM3 27E1","TM","External",27,0.830019021,0.233,NA,FALSE,"Bacteria","Myxococcota","Polyangia","Haliangiales","Haliangiaceae",NA,NA,NA
"1719","sq359","E6",0.00139384595890266,"E6","TM2 23E1","TM","External",23,1.016192071,0.102,0,FALSE,"Bacteria","Myxococcota","Myxococcia","Myxococcales","Myxococcaceae",NA,NA,NA
"1720","sq46","D4",0.00138887567660125,"D4","SB3 2E1","SB","External",2,0.652985075,0.136,NA,FALSE,"Bacteria","Desulfobacterota","Desulfobacteria","Desulfobacterales","Desulfosarcinaceae",NA,NA,NA
"1721","sq610","E4",0.00138859627281607,"E4","TM2 22E1","TM","External",22,1.31061599,0.595,NA,FALSE,"Bacteria","Proteobacteria","Gammaproteobacteria","Nitrosococcales","Nitrosococcaceae",NA,NA,NA
"1722","sq577","D10",0.00138556082612027,"D10","SB4 4E1","SB","External",4,0.947375251,0.459,NA,FALSE,"Bacteria","Proteobacteria","Gammaproteobacteria","Thiohalorhabdales","Thiohalorhabdaceae",NA,NA,NA
"1723","sq3041","D8",0.00138275450066453,"D8","SB4 3E1","SB","External",3,0.797997922,NA,0,FALSE,"Bacteria","Proteobacteria","Gammaproteobacteria","Burkholderiales","Rhodocyclaceae",NA,NA,NA
"1724","sq52","D1",0.00138137823576395,"D1","SB3 1N1 ","SB","Internal",1,1.016765819,NA,0,FALSE,"Bacteria","Proteobacteria","Gammaproteobacteria","Thiotrichales","Thiotrichaceae",NA,NA,NA
"1725","sq183","D7",0.00137946890447178,"D7","SB4 3N1","SB","Internal",3,0.947464318,NA,0,FALSE,"Bacteria","Proteobacteria","Gammaproteobacteria","Ectothiorhodospirales","Ectothiorhodospiraceae",NA,NA,NA
"1726","sq2066","E10",0.0013783655091181,"E10","TM3 27E1","TM","External",27,0.830019021,0.233,NA,FALSE,"Bacteria","Verrucomicrobiota","Verrucomicrobiae","Pedosphaerales","Pedosphaeraceae",NA,NA,NA
"1727","sq1534","E10",0.00137001177875981,"E10","TM3 27E1","TM","External",27,0.830019021,0.233,NA,FALSE,"Bacteria","Sumerlaeota","Sumerlaeia","Sumerlaeales","Sumerlaeaceae",NA,NA,NA
"1728","sq446","E2",0.00136994679224512,"E2","TM2 21E1","TM","External",21,3.767123288,NA,0,FALSE,"Bacteria","Campylobacterota","Campylobacteria","Campylobacterales","Arcobacteraceae",NA,NA,NA
"1729","sq610","E1",0.00136651741582834,"E1","TM2 21N1","TM","Internal",21,0.632675847,NA,0,FALSE,"Bacteria","Proteobacteria","Gammaproteobacteria","Nitrosococcales","Nitrosococcaceae",NA,NA,NA
"1730","sq1275","D12",0.0013660085696606,"D12","SB4 5E1","SB","External",5,0.897520783,0.4,0,FALSE,"Bacteria","Spirochaetota","Leptospirae","Leptospirales","Leptospiraceae",NA,NA,NA
"1731","sq1046","E7",0.00135878796113866,"E7","TM3 26N1","TM","Internal",26,1.910828025,NA,0.056,FALSE,"Bacteria","Firmicutes","Clostridia","Peptostreptococcales-Tissierellales","Fusibacteraceae",NA,NA,NA
"1732","sq418","D1",0.00135519097063098,"D1","SB3 1N1 ","SB","Internal",1,1.016765819,NA,0,FALSE,"Bacteria","Planctomycetota","Phycisphaerae","Phycisphaerales","AKAU3564 sediment group",NA,NA,NA
"1733","sq2114","E12",0.00135383520762101,"E12","TM3 28E1","TM","External",28,1.516085295,1.023,0,FALSE,"Bacteria","Planctomycetota","Phycisphaerae","MSBL9","SG8-4",NA,NA,NA
"1734","sq1818","E6",0.00135160820257228,"E6","TM2 23E1","TM","External",23,1.016192071,0.102,0,FALSE,"Bacteria","Chloroflexi","Anaerolineae","Caldilineales","Caldilineaceae",NA,NA,NA
"1735","sq1893","E4",0.00135029016873839,"E4","TM2 22E1","TM","External",22,1.31061599,0.595,NA,FALSE,"Bacteria","Myxococcota","Polyangia","Polyangiales","Phaselicystidaceae",NA,NA,NA
"1736","sq309","D5",0.00134966489484631,"D5","SB3 3N1","SB","Internal",3,0.456230396,0,0,FALSE,"Bacteria","Proteobacteria","Gammaproteobacteria","Pseudomonadales","KI89A clade",NA,NA,NA
"1737","sq1513","E8",0.00134719924367762,"E8","TM3 26E1","TM","External",26,1.169004676,NA,0.034,FALSE,"Bacteria","Campylobacterota","Campylobacteria","Campylobacterales","Helicobacteraceae",NA,NA,NA
"1738","sq1459","D10",0.00134480903711673,"D10","SB4 4E1","SB","External",4,0.947375251,0.459,NA,FALSE,"Bacteria","Cyanobacteria","Cyanobacteriia","Cyanobacteriales","Microcystaceae",NA,NA,NA
"1739","sq261","D10",0.00134480903711673,"D10","SB4 4E1","SB","External",4,0.947375251,0.459,NA,FALSE,"Bacteria","Desulfobacterota","Desulfobacteria","Desulfobacterales","Desulfococcaceae",NA,NA,NA
"1740","sq88","D7",0.00134115032379201,"D7","SB4 3N1","SB","Internal",3,0.947464318,NA,0,FALSE,"Bacteria","Bacteroidota","Bacteroidia","Bacteroidales","SB-5",NA,NA,NA
"1741","sq269","E7",0.00133937670455097,"E7","TM3 26N1","TM","Internal",26,1.910828025,NA,0.056,FALSE,"Bacteria","Desulfobacterota","Desulfuromonadia","Desulfuromonadales","Sva1033",NA,NA,NA
"1742","sq393","E1",0.0013374425771937,"E1","TM2 21N1","TM","Internal",21,0.632675847,NA,0,FALSE,"Bacteria","Proteobacteria","Gammaproteobacteria","Burkholderiales","Nitrosomonadaceae",NA,NA,NA
"1743","sq844","E1",0.0013374425771937,"E1","TM2 21N1","TM","Internal",21,0.632675847,NA,0,FALSE,"Bacteria","Proteobacteria","Gammaproteobacteria","Pseudomonadales","Microbulbiferaceae",NA,NA,NA
"1744","sq343","E1",0.0013374425771937,"E1","TM2 21N1","TM","Internal",21,0.632675847,NA,0,FALSE,"Bacteria","Myxococcota","Polyangia","Nannocystales","Nannocystaceae",NA,NA,NA
"1745","sq446","D10",0.00133665867931602,"D10","SB4 4E1","SB","External",4,0.947375251,0.459,NA,FALSE,"Bacteria","Campylobacterota","Campylobacteria","Campylobacterales","Arcobacteraceae",NA,NA,NA
"1746","sq11","D9",0.00133252673228475,"D9","SB4 4N1","SB","Internal",4,1.337102689,1.856,NA,FALSE,"Bacteria","Cyanobacteria","Cyanobacteriia","Cyanobacteriales","Coleofasciculaceae",NA,NA,NA
"1747","sq65","E6",0.00133048932440709,"E6","TM2 23E1","TM","External",23,1.016192071,0.102,0,FALSE,"Bacteria","Cyanobacteria","Cyanobacteriia","Cyanobacteriales","Oscillatoriaceae",NA,NA,NA
"1748","sq446","D8",0.00132905529675523,"D8","SB4 3E1","SB","External",3,0.797997922,NA,0,FALSE,"Bacteria","Campylobacterota","Campylobacteria","Campylobacterales","Arcobacteraceae",NA,NA,NA
"1749","sq134","D2",0.00132369083747659,"D2","SB3 1E2","SB","External",1,0.994590822,NA,0,FALSE,"Bacteria","Bacteroidota","Bacteroidia","Bacteroidales","Bacteroidetes BD2-2",NA,NA,NA
"1750","sq997","E8",0.00132356416922713,"E8","TM3 26E1","TM","External",26,1.169004676,NA,0.034,FALSE,"Bacteria","Verrucomicrobiota","Lentisphaeria","Oligosphaerales","Lenti-02",NA,NA,NA
"1751","sq578","D6",0.00132189030313348,"D6","SB3 3E1","SB","External",3,0.711169545,0.121,0,FALSE,"Bacteria","Fibrobacterota","Fibrobacteria","Fibrobacterales","Fibrobacteraceae",NA,NA,NA
"1752","sq393","E5",0.00132135812635248,"E5","TM2 23N1","TM","Internal",23,1.041089822,0.484,0,FALSE,"Bacteria","Proteobacteria","Gammaproteobacteria","Burkholderiales","Nitrosomonadaceae",NA,NA,NA
"1753","sq208","D1",0.00131591007293153,"D1","SB3 1N1 ","SB","Internal",1,1.016765819,NA,0,FALSE,"Bacteria","Planctomycetota","Planctomycetes","Planctomycetales","Gimesiaceae",NA,NA,NA
"1754","sq393","E3",0.00131496144345196,"E3","TM2 22N1","TM","Internal",22,1.027042307,1.612,NA,FALSE,"Bacteria","Proteobacteria","Gammaproteobacteria","Burkholderiales","Nitrosomonadaceae",NA,NA,NA
"1755","sq1275","E6",0.0013093704462419,"E6","TM2 23E1","TM","External",23,1.016192071,0.102,0,FALSE,"Bacteria","Spirochaetota","Leptospirae","Leptospirales","Leptospiraceae",NA,NA,NA
"1756","sq880","D1",0.00130936325664829,"D1","SB3 1N1 ","SB","Internal",1,1.016765819,NA,0,FALSE,"Bacteria","Proteobacteria","Alphaproteobacteria","Caulobacterales","Parvularculaceae",NA,NA,NA
"1757","sq418","E2",0.00130878845330561,"E2","TM2 21E1","TM","External",21,3.767123288,NA,0,FALSE,"Bacteria","Planctomycetota","Phycisphaerae","Phycisphaerales","AKAU3564 sediment group",NA,NA,NA
"1758","sq1043","E1",0.00130836773855905,"E1","TM2 21N1","TM","Internal",21,0.632675847,NA,0,FALSE,"Bacteria","Actinobacteriota","Actinobacteria","Nitriliruptorales","Nitriliruptoraceae",NA,NA,NA
"1759","sq269","E3",0.00130556886171302,"E3","TM2 22N1","TM","Internal",22,1.027042307,1.612,NA,FALSE,"Bacteria","Desulfobacterota","Desulfuromonadia","Desulfuromonadales","Sva1033",NA,NA,NA
"1760","sq1676","E10",0.00130318193589347,"E10","TM3 27E1","TM","External",27,0.830019021,0.233,NA,FALSE,"Bacteria","Proteobacteria","Alphaproteobacteria","Rhodospirillales","Magnetospiraceae",NA,NA,NA
"1761","sq3216","E9",0.00129476985921657,"E9","TM3 27N1","TM","Internal",27,1.647954829,2.235,NA,FALSE,"Bacteria","Nitrospinota","Nitrospinia","Nitrospinales","Nitrospinaceae",NA,NA,NA
"1762","sq296","E12",0.00129454315473249,"E12","TM3 28E1","TM","External",28,1.516085295,1.023,0,FALSE,"Bacteria","Proteobacteria","Gammaproteobacteria","Pseudomonadales","Hahellaceae",NA,NA,NA
"1763","sq359","E4",0.00129283101262186,"E4","TM2 22E1","TM","External",22,1.31061599,0.595,NA,FALSE,"Bacteria","Myxococcota","Myxococcia","Myxococcales","Myxococcaceae",NA,NA,NA
"1764","sq1818","E7",0.00129084856308173,"E7","TM3 26N1","TM","Internal",26,1.910828025,NA,0.056,FALSE,"Bacteria","Chloroflexi","Anaerolineae","Caldilineales","Caldilineaceae",NA,NA,NA
"1765","sq1818","D7",0.00129005888288564,"D7","SB4 3N1","SB","Internal",3,0.947464318,NA,0,FALSE,"Bacteria","Chloroflexi","Anaerolineae","Caldilineales","Caldilineaceae",NA,NA,NA
"1766","sq329","E6",0.0012882515680767,"E6","TM2 23E1","TM","External",23,1.016192071,0.102,0,FALSE,"Bacteria","Proteobacteria","Alphaproteobacteria","Kiloniellales","Kiloniellaceae",NA,NA,NA
"1767","sq807","E6",0.0012882515680767,"E6","TM2 23E1","TM","External",23,1.016192071,0.102,0,FALSE,"Bacteria","Proteobacteria","Gammaproteobacteria","Thiomicrospirales","Thiomicrospiraceae",NA,NA,NA
"1768","sq359","E11",0.00128582686963375,"E11","TM3 28N1","TM","Internal",28,1.477155617,2.427,0.039,FALSE,"Bacteria","Myxococcota","Myxococcia","Myxococcales","Myxococcaceae",NA,NA,NA
"1769","sq676","E11",0.00128582686963375,"E11","TM3 28N1","TM","Internal",28,1.477155617,2.427,0.039,FALSE,"Bacteria","Bacteroidota","Kryptonia","Kryptoniales","MSB-3C8",NA,NA,NA
"1770","sq1301","E12",0.00128466114591774,"E12","TM3 28E1","TM","External",28,1.516085295,1.023,0,FALSE,"Bacteria","Modulibacteria","Moduliflexia","Moduliflexales","Moduliflexaceae",NA,NA,NA
"1771","sq1100","D4",0.00128423435850116,"D4","SB3 2E1","SB","External",2,0.652985075,0.136,NA,FALSE,"Bacteria","Hydrogenedentes","Hydrogenedentia","Hydrogenedentiales","Hydrogenedensaceae",NA,NA,NA
"1772","sq2138","E5",0.00128305789080603,"E5","TM2 23N1","TM","Internal",23,1.041089822,0.484,0,FALSE,"Bacteria","Cloacimonadota","Cloacimonadia","Cloacimonadales","MSBL8",NA,NA,NA
"1773","sq1299","E5",0.00128305789080603,"E5","TM2 23N1","TM","Internal",23,1.041089822,0.484,0,FALSE,"Bacteria","Proteobacteria","Gammaproteobacteria","Tenderiales","Tenderiaceae",NA,NA,NA
"1774","sq731","E5",0.00128305789080603,"E5","TM2 23N1","TM","Internal",23,1.041089822,0.484,0,FALSE,"Bacteria","Myxococcota","Polyangia","Polyangiales","Eel-36e1D6",NA,NA,NA
"1775","sq11","E1",0.00127929289992441,"E1","TM2 21N1","TM","Internal",21,0.632675847,NA,0,FALSE,"Bacteria","Cyanobacteria","Cyanobacteriia","Cyanobacteriales","Coleofasciculaceae",NA,NA,NA
"1776","sq2114","E3",0.00127739111649619,"E3","TM2 22N1","TM","Internal",22,1.027042307,1.612,NA,FALSE,"Bacteria","Planctomycetota","Phycisphaerae","MSBL9","SG8-4",NA,NA,NA
"1777","sq1114","E11",0.00127545729810444,"E11","TM3 28N1","TM","Internal",28,1.477155617,2.427,0.039,FALSE,"Bacteria","Bacteroidota","Bacteroidia","Sphingobacteriales","ST-12K33",NA,NA,NA
"1778","sq251","D8",0.00127535609284592,"D8","SB4 3E1","SB","External",3,0.797997922,NA,0,FALSE,"Bacteria","Proteobacteria","Gammaproteobacteria","Pseudomonadales","Pseudomonadaceae",NA,NA,NA
"1779","sq630","D9",0.00127530165789216,"D9","SB4 4N1","SB","Internal",4,1.337102689,1.856,NA,FALSE,"Bacteria","Proteobacteria","Alphaproteobacteria","Rhodospirillales","Terasakiellaceae",NA,NA,NA
"1780","sq1534","E12",0.00126489712828824,"E12","TM3 28E1","TM","External",28,1.516085295,1.023,0,FALSE,"Bacteria","Sumerlaeota","Sumerlaeia","Sumerlaeales","Sumerlaeaceae",NA,NA,NA
"1781","sq389","D7",0.00126451316243246,"D7","SB4 3N1","SB","Internal",3,0.947464318,NA,0,FALSE,"Bacteria","Bacteroidota","Ignavibacteria","Ignavibacteriales","Melioribacteraceae",NA,NA,NA
"1782","sq309","E8",0.00126447648310092,"E8","TM3 26E1","TM","External",26,1.169004676,NA,0.034,FALSE,"Bacteria","Proteobacteria","Gammaproteobacteria","Pseudomonadales","KI89A clade",NA,NA,NA
"1783","sq389","D9",0.00125077662600961,"D9","SB4 4N1","SB","Internal",4,1.337102689,1.856,NA,FALSE,"Bacteria","Bacteroidota","Ignavibacteria","Ignavibacteriales","Melioribacteraceae",NA,NA,NA
"1784","sq880","D9",0.00125077662600961,"D9","SB4 4N1","SB","Internal",4,1.337102689,1.856,NA,FALSE,"Bacteria","Proteobacteria","Alphaproteobacteria","Caulobacterales","Parvularculaceae",NA,NA,NA
"1785","sq771","D1",0.00125044191009912,"D1","SB3 1N1 ","SB","Internal",1,1.016765819,NA,0,FALSE,"Bacteria","Proteobacteria","Alphaproteobacteria","Rhizobiales","Rhizobiaceae",NA,NA,NA
"1786","sq989","E1",0.00125021806128976,"E1","TM2 21N1","TM","Internal",21,0.632675847,NA,0,FALSE,"Bacteria","Myxococcota","Polyangia","Haliangiales","Haliangiaceae",NA,NA,NA
"1787","sq676","D5",0.00124797781372776,"D5","SB3 3N1","SB","Internal",3,0.456230396,0,0,FALSE,"Bacteria","Bacteroidota","Kryptonia","Kryptoniales","MSB-3C8",NA,NA,NA
"1788","sq1557","E2",0.00124763011436609,"E2","TM2 21E1","TM","External",21,3.767123288,NA,0,FALSE,"Bacteria","Bacteroidota","Ignavibacteria","Ignavibacteriales","Ignavibacteriaceae",NA,NA,NA
"1789","sq2280","E2",0.00124763011436609,"E2","TM2 21E1","TM","External",21,3.767123288,NA,0,FALSE,"Bacteria","Proteobacteria","Gammaproteobacteria","Ectothiorhodospirales","Thioalkalispiraceae",NA,NA,NA
"1790","sq997","E6",0.00124601381174632,"E6","TM2 23E1","TM","External",23,1.016192071,0.102,0,FALSE,"Bacteria","Verrucomicrobiota","Lentisphaeria","Oligosphaerales","Lenti-02",NA,NA,NA
"1791","sq482","E4",0.00124494838252476,"E4","TM2 22E1","TM","External",22,1.31061599,0.595,NA,FALSE,"Bacteria","Proteobacteria","Alphaproteobacteria","Rhizobiales","Hyphomicrobiaceae",NA,NA,NA
"1792","sq1100","E5",0.00124475765525958,"E5","TM2 23N1","TM","Internal",23,1.041089822,0.484,0,FALSE,"Bacteria","Hydrogenedentes","Hydrogenedentia","Hydrogenedentiales","Hydrogenedensaceae",NA,NA,NA
"1793","sq713","E5",0.00124475765525958,"E5","TM2 23N1","TM","Internal",23,1.041089822,0.484,0,FALSE,"Bacteria","Cyanobacteria","Cyanobacteriia","Synechococcales","Cyanobiaceae",NA,NA,NA
"1794","sq997","E10",0.00124470582338543,"E10","TM3 27E1","TM","External",27,0.830019021,0.233,NA,FALSE,"Bacteria","Verrucomicrobiota","Lentisphaeria","Oligosphaerales","Lenti-02",NA,NA,NA
"1795","sq2516","E9",0.00124006127361587,"E9","TM3 27N1","TM","Internal",27,1.647954829,2.235,NA,FALSE,"Bacteria","Proteobacteria","Gammaproteobacteria","Pseudomonadales","Porticoccaceae",NA,NA,NA
"1796","sq280","D10",0.00123885438570753,"D10","SB4 4E1","SB","External",4,0.947375251,0.459,NA,FALSE,"Bacteria","Proteobacteria","Alphaproteobacteria","Defluviicoccales","Defluviicoccaceae",NA,NA,NA
"1797","sq49","D5",0.00123873353362607,"D5","SB3 3N1","SB","Internal",3,0.456230396,0,0,FALSE,"Bacteria","Cyanobacteria","Cyanobacteriia","Cyanobacteriales","Phormidiaceae",NA,NA,NA
"1798","sq1534","D12",0.00123758041353866,"D12","SB4 5E1","SB","External",5,0.897520783,0.4,0,FALSE,"Bacteria","Sumerlaeota","Sumerlaeia","Sumerlaeales","Sumerlaeaceae",NA,NA,NA
"1799","sq880","D12",0.00123758041353866,"D12","SB4 5E1","SB","External",5,0.897520783,0.4,0,FALSE,"Bacteria","Proteobacteria","Alphaproteobacteria","Caulobacterales","Parvularculaceae",NA,NA,NA
"1800","sq1676","D4",0.00123667012300111,"D4","SB3 2E1","SB","External",2,0.652985075,0.136,NA,FALSE,"Bacteria","Proteobacteria","Alphaproteobacteria","Rhodospirillales","Magnetospiraceae",NA,NA,NA
"1801","sq639","E10",0.00123635209302714,"E10","TM3 27E1","TM","External",27,0.830019021,0.233,NA,FALSE,"Bacteria","Bdellovibrionota","Oligoflexia","Oligoflexales","Oligoflexaceae",NA,NA,NA
"1802","sq1043","E6",0.00123545437266372,"E6","TM2 23E1","TM","External",23,1.016192071,0.102,0,FALSE,"Bacteria","Actinobacteriota","Actinobacteria","Nitriliruptorales","Nitriliruptoraceae",NA,NA,NA
"1803","sq269","E2",0.00123539844657819,"E2","TM2 21E1","TM","External",21,3.767123288,NA,0,FALSE,"Bacteria","Desulfobacterota","Desulfuromonadia","Desulfuromonadales","Sva1033",NA,NA,NA
"1804","sq3448","E2",0.00123539844657819,"E2","TM2 21E1","TM","External",21,3.767123288,NA,0,FALSE,"Bacteria","Proteobacteria","Gammaproteobacteria","Granulosicoccales","Granulosicoccaceae",NA,NA,NA
"1805","sq577","E12",0.00123525110184398,"E12","TM3 28E1","TM","External",28,1.516085295,1.023,0,FALSE,"Bacteria","Proteobacteria","Gammaproteobacteria","Thiohalorhabdales","Thiohalorhabdaceae",NA,NA,NA
"1806","sq1599","E11",0.00123397901198722,"E11","TM3 28N1","TM","Internal",28,1.477155617,2.427,0.039,FALSE,"Bacteria","Myxococcota","Polyangia","Polyangiales","BIrii41",NA,NA,NA
"1807","sq208","E8",0.0012290238714252,"E8","TM3 26E1","TM","External",26,1.169004676,NA,0.034,FALSE,"Bacteria","Planctomycetota","Planctomycetes","Planctomycetales","Gimesiaceae",NA,NA,NA
"1808","sq261","D7",0.00122619458175269,"D7","SB4 3N1","SB","Internal",3,0.947464318,NA,0,FALSE,"Bacteria","Desulfobacterota","Desulfobacteria","Desulfobacterales","Desulfococcaceae",NA,NA,NA
"1809","sq577","D7",0.00122619458175269,"D7","SB4 3N1","SB","Internal",3,0.947464318,NA,0,FALSE,"Bacteria","Proteobacteria","Gammaproteobacteria","Thiohalorhabdales","Thiohalorhabdaceae",NA,NA,NA
"1810","sq747","D7",0.00122619458175269,"D7","SB4 3N1","SB","Internal",3,0.947464318,NA,0,FALSE,"Bacteria","Verrucomicrobiota","Kiritimatiellae","Kiritimatiellales","Kiritimatiellaceae",NA,NA,NA
"1811","sq1534","E5",0.00122560753748636,"E5","TM2 23N1","TM","Internal",23,1.041089822,0.484,0,FALSE,"Bacteria","Sumerlaeota","Sumerlaeia","Sumerlaeales","Sumerlaeaceae",NA,NA,NA
"1812","sq2114","E5",0.00122560753748636,"E5","TM2 23N1","TM","Internal",23,1.041089822,0.484,0,FALSE,"Bacteria","Planctomycetota","Phycisphaerae","MSBL9","SG8-4",NA,NA,NA
"1813","sq1599","E12",0.00122536909302923,"E12","TM3 28E1","TM","External",28,1.516085295,1.023,0,FALSE,"Bacteria","Myxococcota","Polyangia","Polyangiales","BIrii41",NA,NA,NA
"1814","sq583","E6",0.00122489493358113,"E6","TM2 23E1","TM","External",23,1.016192071,0.102,0,FALSE,"Bacteria","Campylobacterota","Campylobacteria","Campylobacterales","Sulfurovaceae",NA,NA,NA
"1815","sq2503","D10",0.00122255367010612,"D10","SB4 4E1","SB","External",4,0.947375251,0.459,NA,FALSE,"Bacteria","Firmicutes","Bacilli","Bacillales","Bacillaceae",NA,NA,NA
"1816","sq343","D8",0.00122165688893662,"D8","SB4 3E1","SB","External",3,0.797997922,NA,0,FALSE,"Bacteria","Myxococcota","Polyangia","Nannocystales","Nannocystaceae",NA,NA,NA
"1817","sq989","D11",0.00122150244801105,"D11","SB4 5N1","SB","Internal",5,1.132759402,0.701,0,FALSE,"Bacteria","Myxococcota","Polyangia","Haliangiales","Haliangiaceae",NA,NA,NA
"1818","sq243","E1",0.00122114322265511,"E1","TM2 21N1","TM","Internal",21,0.632675847,NA,0,FALSE,"Bacteria","Proteobacteria","Gammaproteobacteria","Pseudomonadales","Pseudohongiellaceae",NA,NA,NA
"1819","sq880","D5",0.00122024497342269,"D5","SB3 3N1","SB","Internal",3,0.456230396,0,0,FALSE,"Bacteria","Proteobacteria","Alphaproteobacteria","Caulobacterales","Parvularculaceae",NA,NA,NA
"1820","sq1373","D2",0.00121876412474979,"D2","SB3 1E2","SB","External",1,0.994590822,NA,0,FALSE,"Bacteria","Verrucomicrobiota","Verrucomicrobiae","Verrucomicrobiales","DEV007",NA,NA,NA
"1821","sq560","D9",0.00121807658349956,"D9","SB4 4N1","SB","Internal",4,1.337102689,1.856,NA,FALSE,"Bacteria","Verrucomicrobiota","Verrucomicrobiae","Methylacidiphilales","Methylacidiphilaceae",NA,NA,NA
"1822","sq2050","E9",0.00121270698081552,"E9","TM3 27N1","TM","Internal",27,1.647954829,2.235,NA,FALSE,"Bacteria","Proteobacteria","Gammaproteobacteria","Pseudomonadales","Oleiphilaceae",NA,NA,NA
"1823","sq821","D6",0.00121173277787236,"D6","SB3 3E1","SB","External",3,0.711169545,0.121,0,FALSE,"Bacteria","Bacteroidota","Bacteroidia","Flavobacteriales","NS9 marine group",NA,NA,NA
"1824","sq676","E3",0.00121164304432359,"E3","TM2 22N1","TM","Internal",22,1.027042307,1.612,NA,FALSE,"Bacteria","Bacteroidota","Kryptonia","Kryptoniales","MSB-3C8",NA,NA,NA
"1825","sq630","D1",0.00121116101239967,"D1","SB3 1N1 ","SB","Internal",1,1.016765819,NA,0,FALSE,"Bacteria","Proteobacteria","Alphaproteobacteria","Rhodospirillales","Terasakiellaceae",NA,NA,NA
"1826","sq278","D8",0.0012082320879593,"D8","SB4 3E1","SB","External",3,0.797997922,NA,0,FALSE,"Bacteria","Firmicutes","Clostridia","Peptostreptococcales-Tissierellales","Clostridium sensu stricto",NA,NA,NA
"1827","sq2066","E5",0.00120645741971313,"E5","TM2 23N1","TM","Internal",23,1.041089822,0.484,0,FALSE,"Bacteria","Verrucomicrobiota","Verrucomicrobiae","Pedosphaerales","Pedosphaeraceae",NA,NA,NA
"1828","sq1860","D10",0.001198102596704,"D10","SB4 4E1","SB","External",4,0.947375251,0.459,NA,FALSE,"Bacteria","Bacteroidota","Bacteroidia","Chitinophagales","Chitinophagaceae",NA,NA,NA
"1829","sq482","E1",0.00119206838402047,"E1","TM2 21N1","TM","Internal",21,0.632675847,NA,0,FALSE,"Bacteria","Proteobacteria","Alphaproteobacteria","Rhizobiales","Hyphomicrobiaceae",NA,NA,NA
"1830","sq1275","D6",0.00119170413691579,"D6","SB3 3E1","SB","External",3,0.711169545,0.121,0,FALSE,"Bacteria","Spirochaetota","Leptospirae","Leptospirales","Leptospiraceae",NA,NA,NA
"1831","sq49","D1",0.00119152056354995,"D1","SB3 1N1 ","SB","Internal",1,1.016765819,NA,0,FALSE,"Bacteria","Cyanobacteria","Cyanobacteriia","Cyanobacteriales","Phormidiaceae",NA,NA,NA
"1832","sq378","D4",0.00118910588750107,"D4","SB3 2E1","SB","External",2,0.652985075,0.136,NA,FALSE,"Bacteria","Proteobacteria","Gammaproteobacteria","Enterobacterales","Pseudoalteromonadaceae",NA,NA,NA
"1833","sq816","D4",0.00118910588750107,"D4","SB3 2E1","SB","External",2,0.652985075,0.136,NA,FALSE,"Bacteria","Proteobacteria","Alphaproteobacteria","Rhodospirillales","Rhodospirillaceae",NA,NA,NA
"1834","sq985","E4",0.00118748922640823,"E4","TM2 22E1","TM","External",22,1.31061599,0.595,NA,FALSE,"Bacteria","Firmicutes","Clostridia","Christensenellales","Christensenellaceae",NA,NA,NA
"1835","sq1010","E5",0.00118730730193991,"E5","TM2 23N1","TM","Internal",23,1.041089822,0.484,0,FALSE,"Bacteria","Proteobacteria","Alphaproteobacteria","Rhizobiales","Methyloligellaceae",NA,NA,NA
"1836","sq1324","E2",0.00118647177542658,"E2","TM2 21E1","TM","External",21,3.767123288,NA,0,FALSE,"Bacteria","Planctomycetota","Phycisphaerae","MSBL9","4572-13",NA,NA,NA
"1837","sq1100","D3",0.00118292044859983,"D3","SB3 2N1","SB","Internal",2,0.775372332,0.11,NA,FALSE,"Bacteria","Hydrogenedentes","Hydrogenedentia","Hydrogenedentiales","Hydrogenedensaceae",NA,NA,NA
"1838","sq283","D2",0.00117840769677794,"D2","SB3 1E2","SB","External",1,0.994590822,NA,0,FALSE,"Bacteria","Cyanobacteria","Cyanobacteriia","Oxyphotobacteria Incertae Sedis","Unknown Family",NA,NA,NA
"1839","sq577","E10",0.0011778759805191,"E10","TM3 27E1","TM","External",27,0.830019021,0.233,NA,FALSE,"Bacteria","Proteobacteria","Gammaproteobacteria","Thiohalorhabdales","Thiohalorhabdaceae",NA,NA,NA
"1840","sq807","D9",0.00117720153036199,"D9","SB4 4N1","SB","Internal",4,1.337102689,1.856,NA,FALSE,"Bacteria","Proteobacteria","Gammaproteobacteria","Thiomicrospirales","Thiomicrospiraceae",NA,NA,NA
"1841","sq2066","D7",0.00117510314084633,"D7","SB4 3N1","SB","Internal",3,0.947464318,NA,0,FALSE,"Bacteria","Verrucomicrobiota","Verrucomicrobiae","Pedosphaerales","Pedosphaeraceae",NA,NA,NA
"1842","sq280","D7",0.00117510314084633,"D7","SB4 3N1","SB","Internal",3,0.947464318,NA,0,FALSE,"Bacteria","Proteobacteria","Alphaproteobacteria","Defluviicoccales","Defluviicoccaceae",NA,NA,NA
"1843","sq14","E2",0.00117424010763868,"E2","TM2 21E1","TM","External",21,3.767123288,NA,0,FALSE,"Bacteria","Cyanobacteria","Cyanobacteriia","Phormidesmiales","Phormidesmiaceae",NA,NA,NA
"1844","sq639","E6",0.00117209773816815,"E6","TM2 23E1","TM","External",23,1.016192071,0.102,0,FALSE,"Bacteria","Bdellovibrionota","Oligoflexia","Oligoflexales","Oligoflexaceae",NA,NA,NA
"1845","sq1100","D2",0.00117033641118357,"D2","SB3 1E2","SB","External",1,0.994590822,NA,0,FALSE,"Bacteria","Hydrogenedentes","Hydrogenedentia","Hydrogenedentiales","Hydrogenedensaceae",NA,NA,NA
"1846","sq1636","E8",0.00116993618529898,"E8","TM3 26E1","TM","External",26,1.169004676,NA,0.034,FALSE,"Bacteria","Bdellovibrionota","Bdellovibrionia","Bacteriovoracales","Bacteriovoracaceae",NA,NA,NA
"1847","sq676","E10",0.00116952225016081,"E10","TM3 27E1","TM","External",27,0.830019021,0.233,NA,FALSE,"Bacteria","Bacteroidota","Kryptonia","Kryptoniales","MSB-3C8",NA,NA,NA
"1848","sq2158","E5",0.00116815718416668,"E5","TM2 23N1","TM","Internal",23,1.041089822,0.484,0,FALSE,"Bacteria","Actinobacteriota","Acidimicrobiia","Microtrichales","Microtrichaceae",NA,NA,NA
"1849","sq4006","E5",0.00116815718416668,"E5","TM2 23N1","TM","Internal",23,1.041089822,0.484,0,FALSE,"Bacteria","Dependentiae","Babeliae","Babeliales","Vermiphilaceae",NA,NA,NA
"1850","sq600","E5",0.00116815718416668,"E5","TM2 23N1","TM","Internal",23,1.041089822,0.484,0,FALSE,"Bacteria","Proteobacteria","Gammaproteobacteria","Enterobacterales","Colwelliaceae",NA,NA,NA
"1851","sq14","E9",0.00116711649281494,"E9","TM3 27N1","TM","Internal",27,1.647954829,2.235,NA,FALSE,"Bacteria","Cyanobacteria","Cyanobacteriia","Phormidesmiales","Phormidesmiaceae",NA,NA,NA
"1852","sq331","E9",0.00116711649281494,"E9","TM3 27N1","TM","Internal",27,1.647954829,2.235,NA,FALSE,"Bacteria","Proteobacteria","Gammaproteobacteria","Pseudomonadales","Marinobacteraceae",NA,NA,NA
"1853","sq821","D1",0.00116533329841698,"D1","SB3 1N1 ","SB","Internal",1,1.016765819,NA,0,FALSE,"Bacteria","Bacteroidota","Bacteroidia","Flavobacteriales","NS9 marine group",NA,NA,NA
"1854","sq125","E1",0.00116299354538582,"E1","TM2 21N1","TM","Internal",21,0.632675847,NA,0,FALSE,"Bacteria","Bacteroidota","Bacteroidia","Flavobacteriales","Cryomorphaceae",NA,NA,NA
"1855","sq1636","E1",0.00116299354538582,"E1","TM2 21N1","TM","Internal",21,0.632675847,NA,0,FALSE,"Bacteria","Bdellovibrionota","Bdellovibrionia","Bacteriovoracales","Bacteriovoracaceae",NA,NA,NA
"1856","sq902","E11",0.00116139201128209,"E11","TM3 28N1","TM","Internal",28,1.477155617,2.427,0.039,FALSE,"Bacteria","Proteobacteria","Gammaproteobacteria","Pseudomonadales","Nitrincolaceae",NA,NA,NA
"1857","sq183","E11",0.00116139201128209,"E11","TM3 28N1","TM","Internal",28,1.477155617,2.427,0.039,FALSE,"Bacteria","Proteobacteria","Gammaproteobacteria","Ectothiorhodospirales","Ectothiorhodospiraceae",NA,NA,NA
"1858","sq1100","D9",0.00116085150910696,"D9","SB4 4N1","SB","Internal",4,1.337102689,1.856,NA,FALSE,"Bacteria","Hydrogenedentes","Hydrogenedentia","Hydrogenedentiales","Hydrogenedensaceae",NA,NA,NA
"1859","sq577","D4",0.00116056734620104,"D4","SB3 2E1","SB","External",2,0.652985075,0.136,NA,FALSE,"Bacteria","Proteobacteria","Gammaproteobacteria","Thiohalorhabdales","Thiohalorhabdaceae",NA,NA,NA
"1860","sq577","D3",0.00116017197843445,"D3","SB3 2N1","SB","Internal",2,0.775372332,0.11,NA,FALSE,"Bacteria","Proteobacteria","Gammaproteobacteria","Thiohalorhabdales","Thiohalorhabdaceae",NA,NA,NA
"1861","sq48","E8",0.00115811864807374,"E8","TM3 26E1","TM","External",26,1.169004676,NA,0.034,FALSE,"Bacteria","Deinococcota","Deinococci","Deinococcales","Trueperaceae",NA,NA,NA
"1862","sq1765","E9",0.00115799839521482,"E9","TM3 27N1","TM","Internal",27,1.647954829,2.235,NA,FALSE,"Bacteria","Proteobacteria","Gammaproteobacteria","Immundisolibacterales","Immundisolibacteraceae",NA,NA,NA
"1863","sq314","D12",0.00115585340509743,"D12","SB4 5E1","SB","External",5,0.897520783,0.4,0,FALSE,"Bacteria","Desulfobacterota","Desulfuromonadia","Desulfuromonadales","Geoalkalibacteraceae",NA,NA,NA
"1864","sq1599","E3",0.00115528755388994,"E3","TM2 22N1","TM","Internal",22,1.027042307,1.612,NA,FALSE,"Bacteria","Myxococcota","Polyangia","Polyangiales","BIrii41",NA,NA,NA
"1865","sq466","E3",0.00115528755388994,"E3","TM2 22N1","TM","Internal",22,1.027042307,1.612,NA,FALSE,"Bacteria","Firmicutes","Clostridia","Oscillospirales","Hungateiclostridiaceae",NA,NA,NA
"1866","sq747","D8",0.00115453288404999,"D8","SB4 3E1","SB","External",3,0.797997922,NA,0,FALSE,"Bacteria","Verrucomicrobiota","Kiritimatiellae","Kiritimatiellales","Kiritimatiellaceae",NA,NA,NA
"1867","sq578","D2",0.00115419383999483,"D2","SB3 1E2","SB","External",1,0.994590822,NA,0,FALSE,"Bacteria","Fibrobacterota","Fibrobacteria","Fibrobacterales","Fibrobacteraceae",NA,NA,NA
"1868","sq1676","D11",0.00115141624197763,"D11","SB4 5N1","SB","Internal",5,1.132759402,0.701,0,FALSE,"Bacteria","Proteobacteria","Alphaproteobacteria","Rhodospirillales","Magnetospiraceae",NA,NA,NA
"1869","sq352","E2",0.00114977677206287,"E2","TM2 21E1","TM","External",21,3.767123288,NA,0,FALSE,"Bacteria","Proteobacteria","Gammaproteobacteria","Enterobacterales","Alteromonadaceae",NA,NA,NA
"1870","sq1534","D7",0.00114955742039315,"D7","SB4 3N1","SB","Internal",3,0.947464318,NA,0,FALSE,"Bacteria","Sumerlaeota","Sumerlaeia","Sumerlaeales","Sumerlaeaceae",NA,NA,NA
"1871","sq23","D7",0.00114955742039315,"D7","SB4 3N1","SB","Internal",3,0.947464318,NA,0,FALSE,"Bacteria","Proteobacteria","Gammaproteobacteria","Arenicellales","Arenicellaceae",NA,NA,NA
"1872","sq1676","D3",0.00114879774335176,"D3","SB3 2N1","SB","Internal",2,0.775372332,0.11,NA,FALSE,"Bacteria","Proteobacteria","Alphaproteobacteria","Rhodospirillales","Magnetospiraceae",NA,NA,NA
"1873","sq3216","E10",0.00114446105908593,"E10","TM3 27E1","TM","External",27,0.830019021,0.233,NA,FALSE,"Bacteria","Nitrospinota","Nitrospinia","Nitrospinales","Nitrospinaceae",NA,NA,NA
"1874","sq771","D6",0.00114163253452437,"D6","SB3 3E1","SB","External",3,0.711169545,0.121,0,FALSE,"Bacteria","Proteobacteria","Alphaproteobacteria","Rhizobiales","Rhizobiaceae",NA,NA,NA
"1875","sq997","D6",0.00114163253452437,"D6","SB3 3E1","SB","External",3,0.711169545,0.121,0,FALSE,"Bacteria","Verrucomicrobiota","Lentisphaeria","Oligosphaerales","Lenti-02",NA,NA,NA
"1876","sq676","D10",0.00114105009209904,"D10","SB4 4E1","SB","External",4,0.947375251,0.459,NA,FALSE,"Bacteria","Bacteroidota","Kryptonia","Kryptoniales","MSB-3C8",NA,NA,NA
"1877","sq821","D10",0.00114105009209904,"D10","SB4 4E1","SB","External",4,0.947375251,0.459,NA,FALSE,"Bacteria","Bacteroidota","Bacteroidia","Flavobacteriales","NS9 marine group",NA,NA,NA
"1878","sq104","E9",0.00113976220001459,"E9","TM3 27N1","TM","Internal",27,1.647954829,2.235,NA,FALSE,"Bacteria","Cyanobacteria","Cyanobacteriia","Phormidesmiales","Nodosilineaceae",NA,NA,NA
"1879","sq1299","E9",0.00113976220001459,"E9","TM3 27N1","TM","Internal",27,1.647954829,2.235,NA,FALSE,"Bacteria","Proteobacteria","Gammaproteobacteria","Tenderiales","Tenderiaceae",NA,NA,NA
"1880","sq1301","D5",0.00113704645250751,"D5","SB3 3N1","SB","Internal",3,0.456230396,0,0,FALSE,"Bacteria","Modulibacteria","Moduliflexia","Moduliflexales","Moduliflexaceae",NA,NA,NA
"1881","sq1300","E12",0.00113643101369646,"E12","TM3 28E1","TM","External",28,1.516085295,1.023,0,FALSE,"Bacteria","Deferrisomatota","Defferrisomatia","Defferrisomatales","Defferrisomataceae",NA,NA,NA
"1882","sq2645","E10",0.00113610732872764,"E10","TM3 27E1","TM","External",27,0.830019021,0.233,NA,FALSE,"Bacteria","Proteobacteria","Gammaproteobacteria","Pseudomonadales","Spongiibacteraceae",NA,NA,NA
"1883","sq171","E7",0.00113555851038017,"E7","TM3 26N1","TM","Internal",26,1.910828025,NA,0.056,FALSE,"Bacteria","Fibrobacterota","Fibrobacteria","Fibrobacterales","MAT-CR-H6-H10",NA,NA,NA
"1884","sq405","D6",0.00113161821404609,"D6","SB3 3E1","SB","External",3,0.711169545,0.121,0,FALSE,"Bacteria","Firmicutes","Bacilli","Izemoplasmatales","Izemoplasmataceae",NA,NA,NA
"1885","sq3215","D11",0.00113139161168237,"D11","SB4 5N1","SB","Internal",5,1.132759402,0.701,0,FALSE,"Bacteria","Proteobacteria","Alphaproteobacteria","Rickettsiales","SM2D12",NA,NA,NA
"1886","sq3237","E9",0.00113064410241447,"E9","TM3 27N1","TM","Internal",27,1.647954829,2.235,NA,FALSE,"Bacteria","Desulfobacterota","Desulfuromonadia","Desulfuromonadales","Geothermobacteraceae",NA,NA,NA
"1887","sq816","E7",0.00112585288208632,"E7","TM3 26N1","TM","Internal",26,1.910828025,NA,0.056,FALSE,"Bacteria","Proteobacteria","Alphaproteobacteria","Rhodospirillales","Rhodospirillaceae",NA,NA,NA
"1888","sq323","D10",0.00112474937649763,"D10","SB4 4E1","SB","External",4,0.947375251,0.459,NA,FALSE,"Bacteria","Campylobacterota","Campylobacteria","Campylobacterales","Sulfurimonadaceae",NA,NA,NA
"1889","sq989","D10",0.00112474937649763,"D10","SB4 4E1","SB","External",4,0.947375251,0.459,NA,FALSE,"Bacteria","Myxococcota","Polyangia","Haliangiales","Haliangiaceae",NA,NA,NA
"1890","sq630","D4",0.00112251595780101,"D4","SB3 2E1","SB","External",2,0.652985075,0.136,NA,FALSE,"Bacteria","Proteobacteria","Alphaproteobacteria","Rhodospirillales","Terasakiellaceae",NA,NA,NA
"1891","sq280","D11",0.00112137929653474,"D11","SB4 5N1","SB","Internal",5,1.132759402,0.701,0,FALSE,"Bacteria","Proteobacteria","Alphaproteobacteria","Defluviicoccales","Defluviicoccaceae",NA,NA,NA
"1892","sq1794","E4",0.00112045354427228,"E4","TM2 22E1","TM","External",22,1.31061599,0.595,NA,FALSE,"Bacteria","Desulfobacterota","Desulfarculia","Desulfarculales","Desulfarculaceae",NA,NA,NA
"1893","sq1557","D8",0.00111425848111802,"D8","SB4 3E1","SB","External",3,0.797997922,NA,0,FALSE,"Bacteria","Bacteroidota","Ignavibacteria","Ignavibacteriales","Ignavibacteriaceae",NA,NA,NA
"1894","sq378","D6",0.00111158957308952,"D6","SB3 3E1","SB","External",3,0.711169545,0.121,0,FALSE,"Bacteria","Proteobacteria","Gammaproteobacteria","Enterobacterales","Pseudoalteromonadaceae",NA,NA,NA
"1895","sq243","D6",0.00111158957308952,"D6","SB3 3E1","SB","External",3,0.711169545,0.121,0,FALSE,"Bacteria","Proteobacteria","Gammaproteobacteria","Pseudomonadales","Pseudohongiellaceae",NA,NA,NA
"1896","sq3213","D11",0.00111136698138711,"D11","SB4 5N1","SB","Internal",5,1.132759402,0.701,0,FALSE,"Bacteria","Proteobacteria","Alphaproteobacteria","Rickettsiales","AB1",NA,NA,NA
"1897","sq1100","D7",0.00111123883971338,"D7","SB4 3N1","SB","Internal",3,0.947464318,NA,0,FALSE,"Bacteria","Hydrogenedentes","Hydrogenedentia","Hydrogenedentiales","Hydrogenedensaceae",NA,NA,NA
"1898","sq104","E4",0.00111087701825286,"E4","TM2 22E1","TM","External",22,1.31061599,0.595,NA,FALSE,"Bacteria","Cyanobacteria","Cyanobacteriia","Phormidesmiales","Nodosilineaceae",NA,NA,NA
"1899","sq614","E5",0.00111070683084701,"E5","TM2 23N1","TM","Internal",23,1.041089822,0.484,0,FALSE,"Bacteria","Bacteroidota","Bacteroidia","Flavobacteriales","Crocinitomicaceae",NA,NA,NA
"1900","sq771","E5",0.00111070683084701,"E5","TM2 23N1","TM","Internal",23,1.041089822,0.484,0,FALSE,"Bacteria","Proteobacteria","Alphaproteobacteria","Rhizobiales","Rhizobiaceae",NA,NA,NA
"1901","sq1114","D5",0.00110931361220245,"D5","SB3 3N1","SB","Internal",3,0.456230396,0,0,FALSE,"Bacteria","Bacteroidota","Bacteroidia","Sphingobacteriales","ST-12K33",NA,NA,NA
"1902","sq1818","D10",0.00110844866089621,"D10","SB4 4E1","SB","External",4,0.947375251,0.459,NA,FALSE,"Bacteria","Chloroflexi","Anaerolineae","Caldilineales","Caldilineaceae",NA,NA,NA
"1903","sq98","E12",0.00110678498725221,"E12","TM3 28E1","TM","External",28,1.516085295,1.023,0,FALSE,"Bacteria","Proteobacteria","Gammaproteobacteria","Pseudomonadales","Alcanivoracaceae1",NA,NA,NA
"1904","sq2138","E7",0.00110644162549863,"E7","TM3 26N1","TM","Internal",26,1.910828025,NA,0.056,FALSE,"Bacteria","Cloacimonadota","Cloacimonadia","Cloacimonadales","MSBL8",NA,NA,NA
"1905","sq1473","D1",0.00110641195186781,"D1","SB3 1N1 ","SB","Internal",1,1.016765819,NA,0,FALSE,"Bacteria","Bacteroidota","Bacteroidia","Sphingobacteriales","Lentimicrobiaceae",NA,NA,NA
"1906","sq997","E1",0.00110484386811653,"E1","TM2 21N1","TM","Internal",21,0.632675847,NA,0,FALSE,"Bacteria","Verrucomicrobiota","Lentisphaeria","Oligosphaerales","Lenti-02",NA,NA,NA
"1907","sq1893","E1",0.00110484386811653,"E1","TM2 21N1","TM","Internal",21,0.632675847,NA,0,FALSE,"Bacteria","Myxococcota","Polyangia","Polyangiales","Phaselicystidaceae",NA,NA,NA
"1908","sq959","D9",0.00110362643471437,"D9","SB4 4N1","SB","Internal",4,1.337102689,1.856,NA,FALSE,"Bacteria","Planctomycetota","Planctomycetes","Planctomycetales","Rubinisphaeraceae",NA,NA,NA
"1909","sq321","D3",0.001103300803021,"D3","SB3 2N1","SB","Internal",2,0.775372332,0.11,NA,FALSE,"Bacteria","Chloroflexi","Anaerolineae","Anaerolineales","Anaerolineaceae",NA,NA,NA
"1910","sq1719","E10",0.00110269240729448,"E10","TM3 27E1","TM","External",27,0.830019021,0.233,NA,FALSE,"Bacteria","Actinobacteriota","Acidimicrobiia","Microtrichales","Ilumatobacteraceae",NA,NA,NA
"1911","sq614","D11",0.00110135466623947,"D11","SB4 5N1","SB","Internal",5,1.132759402,0.701,0,FALSE,"Bacteria","Bacteroidota","Bacteroidia","Flavobacteriales","Crocinitomicaceae",NA,NA,NA
"1912","sq1300","D8",0.00110083368014069,"D8","SB4 3E1","SB","External",3,0.797997922,NA,0,FALSE,"Bacteria","Deferrisomatota","Defferrisomatia","Defferrisomatales","Defferrisomataceae",NA,NA,NA
"1913","sq1100","E3",0.00109893206345628,"E3","TM2 22N1","TM","Internal",22,1.027042307,1.612,NA,FALSE,"Bacteria","Hydrogenedentes","Hydrogenedentia","Hydrogenedentiales","Hydrogenedensaceae",NA,NA,NA
"1914","sq2536","D7",0.00109846597948679,"D7","SB4 3N1","SB","Internal",3,0.947464318,NA,0,FALSE,"Bacteria","Planctomycetota","Planctomycetes","Gemmatales","Gemmataceae",NA,NA,NA
"1915","sq170","E9",0.00109417171201401,"E9","TM3 27N1","TM","Internal",27,1.647954829,2.235,NA,FALSE,"Bacteria","Desulfobacterota","Desulfobacteria","Desulfatiglandales","Desulfatiglandaceae",NA,NA,NA
"1916","sq389","D1",0.00109331831930132,"D1","SB3 1N1 ","SB","Internal",1,1.016765819,NA,0,FALSE,"Bacteria","Bacteroidota","Ignavibacteria","Ignavibacteriales","Melioribacteraceae",NA,NA,NA
"1917","sq199","D6",0.00109156093213295,"D6","SB3 3E1","SB","External",3,0.711169545,0.121,0,FALSE,"Bacteria","Bacteroidota","Rhodothermia","Rhodothermales","Rhodothermaceae",NA,NA,NA
"1918","sq321","D2",0.00108962355523988,"D2","SB3 1E2","SB","External",1,0.994590822,NA,0,FALSE,"Bacteria","Chloroflexi","Anaerolineae","Anaerolineales","Anaerolineaceae",NA,NA,NA
"1919","sq880","E3",0.00108953948171734,"E3","TM2 22N1","TM","Internal",22,1.027042307,1.612,NA,FALSE,"Bacteria","Proteobacteria","Alphaproteobacteria","Caulobacterales","Parvularculaceae",NA,NA,NA
"1920","sq614","E6",0.00108762222550738,"E6","TM2 23E1","TM","External",23,1.016192071,0.102,0,FALSE,"Bacteria","Bacteroidota","Bacteroidia","Flavobacteriales","Crocinitomicaceae",NA,NA,NA
"1921","sq902","E12",0.00108702096962271,"E12","TM3 28E1","TM","External",28,1.516085295,1.023,0,FALSE,"Bacteria","Proteobacteria","Gammaproteobacteria","Pseudomonadales","Nitrincolaceae",NA,NA,NA
"1922","sq49","E9",0.00108505361441389,"E9","TM3 27N1","TM","Internal",27,1.647954829,2.235,NA,FALSE,"Bacteria","Cyanobacteria","Cyanobacteriia","Cyanobacteriales","Phormidiaceae",NA,NA,NA
"1923","sq731","D4",0.00108446456940098,"D4","SB3 2E1","SB","External",2,0.652985075,0.136,NA,FALSE,"Bacteria","Myxococcota","Polyangia","Polyangiales","Eel-36e1D6",NA,NA,NA
"1924","sq560","D11",0.00108133003594421,"D11","SB4 5N1","SB","Internal",5,1.132759402,0.701,0,FALSE,"Bacteria","Verrucomicrobiota","Verrucomicrobiae","Methylacidiphilales","Methylacidiphilaceae",NA,NA,NA
"1925","sq1324","E3",0.0010801468999784,"E3","TM2 22N1","TM","Internal",22,1.027042307,1.612,NA,FALSE,"Bacteria","Planctomycetota","Phycisphaerae","MSBL9","4572-13",NA,NA,NA
"1926","sq2050","E10",0.0010776312162196,"E10","TM3 27E1","TM","External",27,0.830019021,0.233,NA,FALSE,"Bacteria","Proteobacteria","Gammaproteobacteria","Pseudomonadales","Oleiphilaceae",NA,NA,NA
"1927","sq35","E6",0.00107706278642479,"E6","TM2 23E1","TM","External",23,1.016192071,0.102,0,FALSE,"Bacteria","Bacteroidota","Bacteroidia","Cytophagales","Flammeovirgaceae",NA,NA,NA
"1928","sq1719","E1",0.00107576902948189,"E1","TM2 21N1","TM","Internal",21,0.632675847,NA,0,FALSE,"Bacteria","Actinobacteriota","Acidimicrobiia","Microtrichales","Ilumatobacteraceae",NA,NA,NA
"1929","sq329","E1",0.00107576902948189,"E1","TM2 21N1","TM","Internal",21,0.632675847,NA,0,FALSE,"Bacteria","Proteobacteria","Alphaproteobacteria","Kiloniellales","Kiloniellaceae",NA,NA,NA
"1930","sq283","D4",0.00107495172230097,"D4","SB3 2E1","SB","External",2,0.652985075,0.136,NA,FALSE,"Bacteria","Cyanobacteria","Cyanobacteriia","Oxyphotobacteria Incertae Sedis","Unknown Family",NA,NA,NA
"1931","sq959","D8",0.00107398407818604,"D8","SB4 3E1","SB","External",3,0.797997922,NA,0,FALSE,"Bacteria","Planctomycetota","Planctomycetes","Planctomycetales","Rubinisphaeraceae",NA,NA,NA
"1932","sq1841","D7",0.00107292025903361,"D7","SB4 3N1","SB","Internal",3,0.947464318,NA,0,FALSE,"Bacteria","Desulfobacterota","Desulfuromonadia","Desulfuromonadales","Desulfuromonadaceae",NA,NA,NA
"1933","sq440","D7",0.00107292025903361,"D7","SB4 3N1","SB","Internal",3,0.947464318,NA,0,FALSE,"Bacteria","Fusobacteriota","Fusobacteriia","Fusobacteriales","Fusobacteriaceae",NA,NA,NA
"1934","sq466","E5",0.00107240659530056,"E5","TM2 23N1","TM","Internal",23,1.041089822,0.484,0,FALSE,"Bacteria","Firmicutes","Clostridia","Oscillospirales","Hungateiclostridiaceae",NA,NA,NA
"1935","sq639","E5",0.00107240659530056,"E5","TM2 23N1","TM","Internal",23,1.041089822,0.484,0,FALSE,"Bacteria","Bdellovibrionota","Oligoflexia","Oligoflexales","Oligoflexaceae",NA,NA,NA
"1936","sq331","E12",0.0010672569519932,"E12","TM3 28E1","TM","External",28,1.516085295,1.023,0,FALSE,"Bacteria","Proteobacteria","Gammaproteobacteria","Pseudomonadales","Marinobacteraceae",NA,NA,NA
"1937","sq442","D5",0.00106309221169401,"D5","SB3 3N1","SB","Internal",3,0.456230396,0,0,FALSE,"Bacteria","Bacteroidota","Bacteroidia","Flavobacteriales","Schleiferiaceae",NA,NA,NA
"1938","sq1719","E4",0.00106299438815575,"E4","TM2 22E1","TM","External",22,1.31061599,0.595,NA,FALSE,"Bacteria","Actinobacteriota","Acidimicrobiia","Microtrichales","Ilumatobacteraceae",NA,NA,NA
"1939","sq610","D12",0.00106245110973602,"D12","SB4 5E1","SB","External",5,0.897520783,0.4,0,FALSE,"Bacteria","Proteobacteria","Gammaproteobacteria","Nitrosococcales","Nitrosococcaceae",NA,NA,NA
"1940","sq1346","E6",0.00105594390825959,"E6","TM2 23E1","TM","External",23,1.016192071,0.102,0,FALSE,"Bacteria","Desulfobacterota","Desulfobulbia","Desulfobulbales","Desulfurivibrionaceae",NA,NA,NA
"1941","sq1794","D5",0.00105384793159233,"D5","SB3 3N1","SB","Internal",3,0.456230396,0,0,FALSE,"Bacteria","Desulfobacterota","Desulfarculia","Desulfarculales","Desulfarculaceae",NA,NA,NA
"1942","sq1794","E3",0.00105196915476157,"E3","TM2 22N1","TM","Internal",22,1.027042307,1.612,NA,FALSE,"Bacteria","Desulfobacterota","Desulfarculia","Desulfarculales","Desulfarculaceae",NA,NA,NA
"1943","sq713","E3",0.00105196915476157,"E3","TM2 22N1","TM","Internal",22,1.027042307,1.612,NA,FALSE,"Bacteria","Cyanobacteria","Cyanobacteriia","Synechococcales","Cyanobiaceae",NA,NA,NA
"1944","sq713","E9",0.00104858122401342,"E9","TM3 27N1","TM","Internal",27,1.647954829,2.235,NA,FALSE,"Bacteria","Cyanobacteria","Cyanobacteriia","Synechococcales","Cyanobiaceae",NA,NA,NA
"1945","sq329","E11",0.00104732672445975,"E11","TM3 28N1","TM","Internal",28,1.477155617,2.427,0.039,FALSE,"Bacteria","Proteobacteria","Alphaproteobacteria","Kiloniellales","Kiloniellaceae",NA,NA,NA
"1946","sq1459","E1",0.00104669419084724,"E1","TM2 21N1","TM","Internal",21,0.632675847,NA,0,FALSE,"Bacteria","Cyanobacteria","Cyanobacteriia","Cyanobacteriales","Microcystaceae",NA,NA,NA
"1947","sq198","E7",0.00103850222744169,"E7","TM3 26N1","TM","Internal",26,1.910828025,NA,0.056,FALSE,"Bacteria","Bacteroidota","Bacteroidia","Bacteroidales","ML635J-40 aquatic group",NA,NA,NA
"1948","sq198","E11",0.00103695715293044,"E11","TM3 28N1","TM","Internal",28,1.477155617,2.427,0.039,FALSE,"Bacteria","Bacteroidota","Bacteroidia","Bacteroidales","ML635J-40 aquatic group",NA,NA,NA
"1949","sq713","E11",0.00103695715293044,"E11","TM3 28N1","TM","Internal",28,1.477155617,2.427,0.039,FALSE,"Bacteria","Cyanobacteria","Cyanobacteriia","Synechococcales","Cyanobiaceae",NA,NA,NA
"1950","sq731","D5",0.00103535937138895,"D5","SB3 3N1","SB","Internal",3,0.456230396,0,0,FALSE,"Bacteria","Myxococcota","Polyangia","Polyangiales","Eel-36e1D6",NA,NA,NA
"1951","sq600","E4",0.00103426481009749,"E4","TM2 22E1","TM","External",22,1.31061599,0.595,NA,FALSE,"Bacteria","Proteobacteria","Gammaproteobacteria","Enterobacterales","Colwelliaceae",NA,NA,NA
"1952","sq3001","E3",0.00103318399128368,"E3","TM2 22N1","TM","Internal",22,1.027042307,1.612,NA,FALSE,"Bacteria","Proteobacteria","Gammaproteobacteria","Coxiellales","Coxiellaceae",NA,NA,NA
"1953","sq807","D6",0.00103147500926325,"D6","SB3 3E1","SB","External",3,0.711169545,0.121,0,FALSE,"Bacteria","Proteobacteria","Gammaproteobacteria","Thiomicrospirales","Thiomicrospiraceae",NA,NA,NA
"1954","sq1254","D11",0.00103126846020605,"D11","SB4 5N1","SB","Internal",5,1.132759402,0.701,0,FALSE,"Bacteria","Proteobacteria","Gammaproteobacteria","Competibacterales","Competibacteraceae",NA,NA,NA
"1955","sq170","D1",0.00102785015646891,"D1","SB3 1N1 ","SB","Internal",1,1.016765819,NA,0,FALSE,"Bacteria","Desulfobacterota","Desulfobacteria","Desulfatiglandales","Desulfatiglandaceae",NA,NA,NA
"1956","sq2066","E12",0.00102772891673419,"E12","TM3 28E1","TM","External",28,1.516085295,1.023,0,FALSE,"Bacteria","Verrucomicrobiota","Verrucomicrobiae","Pedosphaerales","Pedosphaeraceae",NA,NA,NA
"1957","sq2581","D12",0.00102742524897549,"D12","SB4 5E1","SB","External",5,0.897520783,0.4,0,FALSE,"Bacteria","Cyanobacteria","Cyanobacteriia","Thermosynechococcales","Thermosynechococcaceae",NA,NA,NA
"1958","sq343","D10",0.00102694508288914,"D10","SB4 4E1","SB","External",4,0.947375251,0.459,NA,FALSE,"Bacteria","Myxococcota","Polyangia","Nannocystales","Nannocystaceae",NA,NA,NA
"1959","sq989","E6",0.00102426559101181,"E6","TM2 23E1","TM","External",23,1.016192071,0.102,0,FALSE,"Bacteria","Myxococcota","Polyangia","Haliangiales","Haliangiaceae",NA,NA,NA
"1960","sq577","D6",0.00102146068878496,"D6","SB3 3E1","SB","External",3,0.711169545,0.121,0,FALSE,"Bacteria","Proteobacteria","Gammaproteobacteria","Thiohalorhabdales","Thiohalorhabdaceae",NA,NA,NA
"1961","sq2047","E10",0.00101915510371156,"E10","TM3 27E1","TM","External",27,0.830019021,0.233,NA,FALSE,"Bacteria","Proteobacteria","Gammaproteobacteria","Pseudomonadales","OM182 clade",NA,NA,NA
"1962","sq1599","E7",0.001019090970854,"E7","TM3 26N1","TM","Internal",26,1.910828025,NA,0.056,FALSE,"Bacteria","Myxococcota","Polyangia","Polyangiales","BIrii41",NA,NA,NA
"1963","sq3793","E1",0.0010176193522126,"E1","TM2 21N1","TM","Internal",21,0.632675847,NA,0,FALSE,"Bacteria","Firmicutes","Clostridia","Lachnospirales","Defluviitaleaceae",NA,NA,NA
"1964","sq2028","E11",0.00101621800987183,"E11","TM3 28N1","TM","Internal",28,1.477155617,2.427,0.039,FALSE,"Bacteria","Verrucomicrobiota","Omnitrophia","Omnitrophales","Omnitrophaceae",NA,NA,NA
"1965","sq352","E11",0.00101621800987183,"E11","TM3 28N1","TM","Internal",28,1.477155617,2.427,0.039,FALSE,"Bacteria","Proteobacteria","Gammaproteobacteria","Enterobacterales","Alteromonadaceae",NA,NA,NA
"1966","sq2454","E2",0.00101522842639594,"E2","TM2 21E1","TM","External",21,3.767123288,NA,0,FALSE,"Bacteria","Proteobacteria","Alphaproteobacteria","Alphaproteobacteria Incertae Sedis","Unknown Family",NA,NA,NA
"1967","sq639","E2",0.00101522842639594,"E2","TM2 21E1","TM","External",21,3.767123288,NA,0,FALSE,"Bacteria","Bdellovibrionota","Oligoflexia","Oligoflexales","Oligoflexaceae",NA,NA,NA
"1968","sq880","E6",0.00101370615192921,"E6","TM2 23E1","TM","External",23,1.016192071,0.102,0,FALSE,"Bacteria","Proteobacteria","Alphaproteobacteria","Caulobacterales","Parvularculaceae",NA,NA,NA
"1969","sq350","E9",0.00101210883361295,"E9","TM3 27N1","TM","Internal",27,1.647954829,2.235,NA,FALSE,"Bacteria","Bacteroidota","Bacteroidia","Cytophagales","Amoebophilaceae",NA,NA,NA
"1970","sq65","D11",0.00101124382991079,"D11","SB4 5N1","SB","Internal",5,1.132759402,0.701,0,FALSE,"Bacteria","Cyanobacteria","Cyanobacteriia","Cyanobacteriales","Oscillatoriaceae",NA,NA,NA
"1971","sq2866","D7",0.00100905595790065,"D7","SB4 3N1","SB","Internal",3,0.947464318,NA,0,FALSE,"Bacteria","Cyanobacteria","Cyanobacteriia","Cyanobacteriales","Nostocaceae",NA,NA,NA
"1972","sq2028","E12",0.00100796489910469,"E12","TM3 28E1","TM","External",28,1.516085295,1.023,0,FALSE,"Bacteria","Verrucomicrobiota","Omnitrophia","Omnitrophales","Omnitrophaceae",NA,NA,NA
"1973","sq98","E11",0.00100584843834253,"E11","TM3 28N1","TM","Internal",28,1.477155617,2.427,0.039,FALSE,"Bacteria","Proteobacteria","Gammaproteobacteria","Pseudomonadales","Alcanivoracaceae1",NA,NA,NA
"1974","sq405","E9",0.00100299073601284,"E9","TM3 27N1","TM","Internal",27,1.647954829,2.235,NA,FALSE,"Bacteria","Firmicutes","Bacilli","Izemoplasmatales","Izemoplasmataceae",NA,NA,NA
"1975","sq393","D11",0.00100123151476316,"D11","SB4 5N1","SB","Internal",5,1.132759402,0.701,0,FALSE,"Bacteria","Proteobacteria","Gammaproteobacteria","Burkholderiales","Nitrosomonadaceae",NA,NA,NA
"1976","sq821","D4",0.000998848945500899,"D4","SB3 2E1","SB","External",2,0.652985075,0.136,NA,FALSE,"Bacteria","Bacteroidota","Bacteroidia","Flavobacteriales","NS9 marine group",NA,NA,NA
"1977","sq1346","E5",0.000995806124207664,"E5","TM2 23N1","TM","Internal",23,1.041089822,0.484,0,FALSE,"Bacteria","Desulfobacterota","Desulfobulbia","Desulfobulbales","Desulfurivibrionaceae",NA,NA,NA
"1978","sq1301","E5",0.000995806124207664,"E5","TM2 23N1","TM","Internal",23,1.041089822,0.484,0,FALSE,"Bacteria","Modulibacteria","Moduliflexia","Moduliflexales","Moduliflexaceae",NA,NA,NA
"1979","sq329","D2",0.000992768128107445,"D2","SB3 1E2","SB","External",1,0.994590822,NA,0,FALSE,"Bacteria","Proteobacteria","Alphaproteobacteria","Kiloniellales","Kiloniellaceae",NA,NA,NA
"1980","sq1636","D12",0.000992399388214965,"D12","SB4 5E1","SB","External",5,0.897520783,0.4,0,FALSE,"Bacteria","Bdellovibrionota","Bdellovibrionia","Bacteriovoracales","Bacteriovoracaceae",NA,NA,NA
"1981","sq3438","D4",0.00098933609840089,"D4","SB3 2E1","SB","External",2,0.652985075,0.136,NA,FALSE,"Bacteria","Firmicutes","Clostridia","Peptostreptococcales-Tissierellales","Caloranaerobacter",NA,NA,NA
"1982","sq1324","E1",0.00098854451357795,"E1","TM2 21N1","TM","Internal",21,0.632675847,NA,0,FALSE,"Bacteria","Planctomycetota","Phycisphaerae","MSBL9","4572-13",NA,NA,NA
"1983","sq1367","E10",0.000985740182278396,"E10","TM3 27E1","TM","External",27,0.830019021,0.233,NA,FALSE,"Bacteria","Proteobacteria","Alphaproteobacteria","Micavibrionales","Micavibrionaceae",NA,NA,NA
"1984","sq1599","E10",0.000985740182278396,"E10","TM3 27E1","TM","External",27,0.830019021,0.233,NA,FALSE,"Bacteria","Myxococcota","Polyangia","Polyangiales","BIrii41",NA,NA,NA
"1985","sq1346","D7",0.000983510237447472,"D7","SB4 3N1","SB","Internal",3,0.947464318,NA,0,FALSE,"Bacteria","Desulfobacterota","Desulfobulbia","Desulfobulbales","Desulfurivibrionaceae",NA,NA,NA
"1986","sq2814","E6",0.000982027834681422,"E6","TM2 23E1","TM","External",23,1.016192071,0.102,0,FALSE,"Bacteria","Verrucomicrobiota","Lentisphaeria","Oligosphaerales","Oligosphaeraceae",NA,NA,NA
"1987","sq2028","D6",0.000981403406871827,"D6","SB3 3E1","SB","External",3,0.711169545,0.121,0,FALSE,"Bacteria","Verrucomicrobiota","Omnitrophia","Omnitrophales","Omnitrophaceae",NA,NA,NA
"1988","sq283","D11",0.000981206884467895,"D11","SB4 5N1","SB","Internal",5,1.132759402,0.701,0,FALSE,"Bacteria","Cyanobacteria","Cyanobacteriia","Oxyphotobacteria Incertae Sedis","Unknown Family",NA,NA,NA
"1989","sq1254","D8",0.000980010471344762,"D8","SB4 3E1","SB","External",3,0.797997922,NA,0,FALSE,"Bacteria","Proteobacteria","Gammaproteobacteria","Competibacterales","Competibacteraceae",NA,NA,NA
"1990","sq1100","E2",0.000978533423032231,"E2","TM2 21E1","TM","External",21,3.767123288,NA,0,FALSE,"Bacteria","Hydrogenedentes","Hydrogenedentia","Hydrogenedentiales","Hydrogenedensaceae",NA,NA,NA
"1991","sq125","E2",0.000978533423032231,"E2","TM2 21E1","TM","External",21,3.767123288,NA,0,FALSE,"Bacteria","Bacteroidota","Bacteroidia","Flavobacteriales","Cryomorphaceae",NA,NA,NA
"1992","sq639","E12",0.000978318872660434,"E12","TM3 28E1","TM","External",28,1.516085295,1.023,0,FALSE,"Bacteria","Bdellovibrionota","Oligoflexia","Oligoflexales","Oligoflexaceae",NA,NA,NA
"1993","sq1893","E3",0.000976828500850029,"E3","TM2 22N1","TM","Internal",22,1.027042307,1.612,NA,FALSE,"Bacteria","Myxococcota","Polyangia","Polyangiales","Phaselicystidaceae",NA,NA,NA
"1994","sq1254","E5",0.00097665600643444,"E5","TM2 23N1","TM","Internal",23,1.041089822,0.484,0,FALSE,"Bacteria","Proteobacteria","Gammaproteobacteria","Competibacterales","Competibacteraceae",NA,NA,NA
"1995","sq14","E5",0.00097665600643444,"E5","TM2 23N1","TM","Internal",23,1.041089822,0.484,0,FALSE,"Bacteria","Cyanobacteria","Cyanobacteriia","Phormidesmiales","Phormidesmiaceae",NA,NA,NA
"1996","sq1599","E9",0.000975636443212488,"E9","TM3 27N1","TM","Internal",27,1.647954829,2.235,NA,FALSE,"Bacteria","Myxococcota","Polyangia","Polyangiales","BIrii41",NA,NA,NA
"1997","sq2066","E9",0.000975636443212488,"E9","TM3 27N1","TM","Internal",27,1.647954829,2.235,NA,FALSE,"Bacteria","Verrucomicrobiota","Verrucomicrobiae","Pedosphaerales","Pedosphaeraceae",NA,NA,NA
"1998","sq446","E6",0.000971468395598826,"E6","TM2 23E1","TM","External",23,1.016192071,0.102,0,FALSE,"Bacteria","Campylobacterota","Campylobacteria","Campylobacterales","Arcobacteraceae",NA,NA,NA
"1999","sq1324","E7",0.00097056282938476,"E7","TM3 26N1","TM","Internal",26,1.910828025,NA,0.056,FALSE,"Bacteria","Planctomycetota","Phycisphaerae","MSBL9","4572-13",NA,NA,NA
"2000","sq1459","E7",0.00097056282938476,"E7","TM3 26N1","TM","Internal",26,1.910828025,NA,0.056,FALSE,"Bacteria","Cyanobacteria","Cyanobacteriia","Cyanobacteriales","Microcystaceae",NA,NA,NA
"2001","sq816","E8",0.000969038052469865,"E8","TM3 26E1","TM","External",26,1.169004676,NA,0.034,FALSE,"Bacteria","Proteobacteria","Alphaproteobacteria","Rhodospirillales","Rhodospirillaceae",NA,NA,NA
"2002","sq639","E3",0.000967435919111086,"E3","TM2 22N1","TM","Internal",22,1.027042307,1.612,NA,FALSE,"Bacteria","Bdellovibrionota","Oligoflexia","Oligoflexales","Oligoflexaceae",NA,NA,NA
"2003","sq446","D3",0.000966809982028709,"D3","SB3 2N1","SB","Internal",2,0.775372332,0.11,NA,FALSE,"Bacteria","Campylobacterota","Campylobacteria","Campylobacterales","Arcobacteraceae",NA,NA,NA
"2004","sq1459","E2",0.000966301755244328,"E2","TM2 21E1","TM","External",21,3.767123288,NA,0,FALSE,"Bacteria","Cyanobacteria","Cyanobacteriia","Cyanobacteriales","Microcystaceae",NA,NA,NA
"2005","sq1300","D10",0.000961742220483479,"D10","SB4 4E1","SB","External",4,0.947375251,0.459,NA,FALSE,"Bacteria","Deferrisomatota","Defferrisomatia","Defferrisomatales","Defferrisomataceae",NA,NA,NA
"2006","sq159","D10",0.000961742220483479,"D10","SB4 4E1","SB","External",4,0.947375251,0.459,NA,FALSE,"Bacteria","Proteobacteria","Gammaproteobacteria","Pseudomonadales","BD2-7",NA,NA,NA
"2007","sq125","E6",0.00096090895651623,"E6","TM2 23E1","TM","External",23,1.016192071,0.102,0,FALSE,"Bacteria","Bacteroidota","Bacteroidia","Flavobacteriales","Cryomorphaceae",NA,NA,NA
"2008","sq3467","E6",0.00096090895651623,"E6","TM2 23E1","TM","External",23,1.016192071,0.102,0,FALSE,"Bacteria","Bacteroidota","Bacteroidia","Bacteroidales","Marinilabiliaceae",NA,NA,NA
"2009","sq583","E10",0.000960678991203522,"E10","TM3 27E1","TM","External",27,0.830019021,0.233,NA,FALSE,"Bacteria","Campylobacterota","Campylobacteria","Campylobacterales","Sulfurovaceae",NA,NA,NA
"2010","sq2158","D7",0.000957964516994291,"D7","SB4 3N1","SB","Internal",3,0.947464318,NA,0,FALSE,"Bacteria","Actinobacteriota","Acidimicrobiia","Microtrichales","Microtrichaceae",NA,NA,NA
"2011","sq639","E4",0.00095765260194212,"E4","TM2 22E1","TM","External",22,1.31061599,0.595,NA,FALSE,"Bacteria","Bdellovibrionota","Oligoflexia","Oligoflexales","Oligoflexaceae",NA,NA,NA
"2012","sq104","E5",0.000957505888661215,"E5","TM2 23N1","TM","Internal",23,1.041089822,0.484,0,FALSE,"Bacteria","Cyanobacteria","Cyanobacteriia","Phormidesmiales","Nodosilineaceae",NA,NA,NA
"2013","sq630","D3",0.000955435746946018,"D3","SB3 2N1","SB","Internal",2,0.775372332,0.11,NA,FALSE,"Bacteria","Proteobacteria","Alphaproteobacteria","Rhodospirillales","Terasakiellaceae",NA,NA,NA
"2014","sq35","E2",0.000954070087456425,"E2","TM2 21E1","TM","External",21,3.767123288,NA,0,FALSE,"Bacteria","Bacteroidota","Bacteroidia","Cytophagales","Flammeovirgaceae",NA,NA,NA
"2015","sq1373","E12",0.000948672846216179,"E12","TM3 28E1","TM","External",28,1.516085295,1.023,0,FALSE,"Bacteria","Verrucomicrobiota","Verrucomicrobiae","Verrucomicrobiales","DEV007",NA,NA,NA
"2016","sq495","D9",0.000948301232791603,"D9","SB4 4N1","SB","Internal",4,1.337102689,1.856,NA,FALSE,"Bacteria","Acidobacteriota","Thermoanaerobaculia","Thermoanaerobaculales","Thermoanaerobaculaceae",NA,NA,NA
"2017","sq3360","D10",0.000945441504882064,"D10","SB4 4E1","SB","External",4,0.947375251,0.459,NA,FALSE,"Bacteria","Firmicutes","Clostridia","Peptostreptococcales-Tissierellales","Peptostreptococcaceae",NA,NA,NA
"2018","sq98","E8",0.000945402978019381,"E8","TM3 26E1","TM","External",26,1.169004676,NA,0.034,FALSE,"Bacteria","Proteobacteria","Gammaproteobacteria","Pseudomonadales","Alcanivoracaceae1",NA,NA,NA
"2019","sq821","D3",0.000944061511863327,"D3","SB3 2N1","SB","Internal",2,0.775372332,0.11,NA,FALSE,"Bacteria","Bacteroidota","Bacteroidia","Flavobacteriales","NS9 marine group",NA,NA,NA
"2020","sq3215","D8",0.000939736068412786,"D8","SB4 3E1","SB","External",3,0.797997922,NA,0,FALSE,"Bacteria","Proteobacteria","Alphaproteobacteria","Rickettsiales","SM2D12",NA,NA,NA
"2021","sq1300","E3",0.000939258173894258,"E3","TM2 22N1","TM","Internal",22,1.027042307,1.612,NA,FALSE,"Bacteria","Deferrisomatota","Defferrisomatia","Defferrisomatales","Defferrisomataceae",NA,NA,NA
"2022","sq1473","E9",0.000939164052812021,"E9","TM3 27N1","TM","Internal",27,1.647954829,2.235,NA,FALSE,"Bacteria","Bacteroidota","Bacteroidia","Sphingobacteriales","Lentimicrobiaceae",NA,NA,NA
"2023","sq880","E5",0.000938355770887991,"E5","TM2 23N1","TM","Internal",23,1.041089822,0.484,0,FALSE,"Bacteria","Proteobacteria","Alphaproteobacteria","Caulobacterales","Parvularculaceae",NA,NA,NA
"2024","sq1373","D5",0.000933672290270395,"D5","SB3 3N1","SB","Internal",3,0.456230396,0,0,FALSE,"Bacteria","Verrucomicrobiota","Verrucomicrobiae","Verrucomicrobiales","DEV007",NA,NA,NA
"2025","sq953","D5",0.000933672290270395,"D5","SB3 3N1","SB","Internal",3,0.456230396,0,0,FALSE,"Bacteria","Bdellovibrionota","Oligoflexia","Silvanigrellales","Silvanigrellaceae",NA,NA,NA
"2026","sq418","D6",0.000931331804480407,"D6","SB3 3E1","SB","External",3,0.711169545,0.121,0,FALSE,"Bacteria","Planctomycetota","Phycisphaerae","Phycisphaerales","AKAU3564 sediment group",NA,NA,NA
"2027","sq2028","D11",0.000931145308729738,"D11","SB4 5N1","SB","Internal",5,1.132759402,0.701,0,FALSE,"Bacteria","Verrucomicrobiota","Omnitrophia","Omnitrophales","Omnitrophaceae",NA,NA,NA
"2028","sq2497","E1",0.000930394836308659,"E1","TM2 21N1","TM","Internal",21,0.632675847,NA,0,FALSE,"Bacteria","Latescibacterota","Latescibacteria","Latescibacterales","Latescibacteraceae",NA,NA,NA
"2029","sq278","E9",0.000930045955211905,"E9","TM3 27N1","TM","Internal",27,1.647954829,2.235,NA,FALSE,"Bacteria","Firmicutes","Clostridia","Peptostreptococcales-Tissierellales","Clostridium sensu stricto",NA,NA,NA
"2030","sq2114","D1",0.000929647912220287,"D1","SB3 1N1 ","SB","Internal",1,1.016765819,NA,0,FALSE,"Bacteria","Planctomycetota","Phycisphaerae","MSBL9","SG8-4",NA,NA,NA
"2031","sq466","D1",0.000929647912220287,"D1","SB3 1N1 ","SB","Internal",1,1.016765819,NA,0,FALSE,"Bacteria","Firmicutes","Clostridia","Oscillospirales","Hungateiclostridiaceae",NA,NA,NA
"2032","sq484","E6",0.000929230639268442,"E6","TM2 23E1","TM","External",23,1.016192071,0.102,0,FALSE,"Bacteria","Bdellovibrionota","Bdellovibrionia","Bdellovibrionales","Bdellovibrionaceae",NA,NA,NA
"2033","sq2028","D10",0.000929140789280649,"D10","SB4 4E1","SB","External",4,0.947375251,0.459,NA,FALSE,"Bacteria","Verrucomicrobiota","Omnitrophia","Omnitrophales","Omnitrophaceae",NA,NA,NA
"2034","sq3237","E10",0.000927264069770356,"E10","TM3 27E1","TM","External",27,0.830019021,0.233,NA,FALSE,"Bacteria","Desulfobacterota","Desulfuromonadia","Desulfuromonadales","Geothermobacteraceae",NA,NA,NA
"2035","sq52","D8",0.00092631126743546,"D8","SB4 3E1","SB","External",3,0.797997922,NA,0,FALSE,"Bacteria","Proteobacteria","Gammaproteobacteria","Thiotrichales","Thiotrichaceae",NA,NA,NA
"2036","sq269","E11",0.000922891866108092,"E11","TM3 28N1","TM","Internal",28,1.477155617,2.427,0.039,FALSE,"Bacteria","Desulfobacterota","Desulfuromonadia","Desulfuromonadales","Sva1033",NA,NA,NA
"2037","sq1114","D6",0.000921317484002123,"D6","SB3 3E1","SB","External",3,0.711169545,0.121,0,FALSE,"Bacteria","Bacteroidota","Bacteroidia","Sphingobacteriales","ST-12K33",NA,NA,NA
"2038","sq614","D10",0.000920990431479942,"D10","SB4 4E1","SB","External",4,0.947375251,0.459,NA,FALSE,"Bacteria","Bacteroidota","Bacteroidia","Flavobacteriales","Crocinitomicaceae",NA,NA,NA
"2039","sq630","D2",0.00092012655775812,"D2","SB3 1E2","SB","External",1,0.994590822,NA,0,FALSE,"Bacteria","Proteobacteria","Alphaproteobacteria","Rhodospirillales","Terasakiellaceae",NA,NA,NA
"2040","sq2330","E4",0.000919346497864435,"E4","TM2 22E1","TM","External",22,1.31061599,0.595,NA,FALSE,"Bacteria","Planctomycetota","Phycisphaerae","MSBL9","ST-NAGAB-D1",NA,NA,NA
"2041","sq1103","E6",0.000918671200185846,"E6","TM2 23E1","TM","External",23,1.016192071,0.102,0,FALSE,"Bacteria","Proteobacteria","Gammaproteobacteria","Pseudomonadales","Cellvibrionaceae",NA,NA,NA
"2042","sq2066","E2",0.000917375084092716,"E2","TM2 21E1","TM","External",21,3.767123288,NA,0,FALSE,"Bacteria","Verrucomicrobiota","Verrucomicrobiae","Pedosphaerales","Pedosphaeraceae",NA,NA,NA
"2043","sq2088","D8",0.000912886466458135,"D8","SB4 3E1","SB","External",3,0.797997922,NA,0,FALSE,"Bacteria","Proteobacteria","Alphaproteobacteria","Rhizobiales","Beijerinckiaceae",NA,NA,NA
"2044","sq2158","D10",0.000912840073679235,"D10","SB4 4E1","SB","External",4,0.947375251,0.459,NA,FALSE,"Bacteria","Actinobacteriota","Acidimicrobiia","Microtrichales","Microtrichaceae",NA,NA,NA
"2045","sq2066","E11",0.000912522294578788,"E11","TM3 28N1","TM","Internal",28,1.477155617,2.427,0.039,FALSE,"Bacteria","Verrucomicrobiota","Verrucomicrobiae","Pedosphaerales","Pedosphaeraceae",NA,NA,NA
"2046","sq1719","E7",0.000912329059621675,"E7","TM3 26N1","TM","Internal",26,1.910828025,NA,0.056,FALSE,"Bacteria","Actinobacteriota","Acidimicrobiia","Microtrichales","Ilumatobacteraceae",NA,NA,NA
"2047","sq3643","D6",0.000911303163523839,"D6","SB3 3E1","SB","External",3,0.711169545,0.121,0,FALSE,"Bacteria","Planctomycetota","Phycisphaerae","MSBL9","SM23-30",NA,NA,NA
"2048","sq2037","D11",0.000911120678434474,"D11","SB4 5N1","SB","Internal",5,1.132759402,0.701,0,FALSE,"Bacteria","Acidobacteriota","Blastocatellia","Blastocatellales","Blastocatellaceae",NA,NA,NA
"2049","sq171","E12",0.000909144810957171,"E12","TM3 28E1","TM","External",28,1.516085295,1.023,0,FALSE,"Bacteria","Fibrobacterota","Fibrobacteria","Fibrobacterales","MAT-CR-H6-H10",NA,NA,NA
"2050","sq3605","D5",0.000905939449965334,"D5","SB3 3N1","SB","Internal",3,0.456230396,0,0,FALSE,"Bacteria","Bacteroidota","Chlorobia","Chlorobiales","Chloroherpetonaceae",NA,NA,NA
"2051","sq2645","E9",0.000902691662411554,"E9","TM3 27N1","TM","Internal",27,1.647954829,2.235,NA,FALSE,"Bacteria","Proteobacteria","Gammaproteobacteria","Pseudomonadales","Spongiibacteraceae",NA,NA,NA
"2052","sq713","E10",0.000902202878695482,"E10","TM3 27E1","TM","External",27,0.830019021,0.233,NA,FALSE,"Bacteria","Cyanobacteria","Cyanobacteriia","Synechococcales","Cyanobiaceae",NA,NA,NA
"2053","sq1459","D9",0.00089925116902652,"D9","SB4 4N1","SB","Internal",4,1.337102689,1.856,NA,FALSE,"Bacteria","Cyanobacteria","Cyanobacteriia","Cyanobacteriales","Microcystaceae",NA,NA,NA
"2054","sq1367","E8",0.000898132829118412,"E8","TM3 26E1","TM","External",26,1.169004676,NA,0.034,FALSE,"Bacteria","Proteobacteria","Alphaproteobacteria","Micavibrionales","Micavibrionaceae",NA,NA,NA
"2055","sq578","D5",0.000896695169863647,"D5","SB3 3N1","SB","Internal",3,0.456230396,0,0,FALSE,"Bacteria","Fibrobacterota","Fibrobacteria","Fibrobacterales","Fibrobacteraceae",NA,NA,NA
"2056","sq223","D5",0.000896695169863647,"D5","SB3 3N1","SB","Internal",3,0.456230396,0,0,FALSE,"Bacteria","Proteobacteria","Alphaproteobacteria","Tistrellales","Geminicoccaceae",NA,NA,NA
"2057","sq3215","D7",0.000894100215861338,"D7","SB4 3N1","SB","Internal",3,0.947464318,NA,0,FALSE,"Bacteria","Proteobacteria","Alphaproteobacteria","Rickettsiales","SM2D12",NA,NA,NA
"2058","sq1103","E10",0.00089384914833719,"E10","TM3 27E1","TM","External",27,0.830019021,0.233,NA,FALSE,"Bacteria","Proteobacteria","Gammaproteobacteria","Pseudomonadales","Cellvibrionaceae",NA,NA,NA
"2059","sq1459","E3",0.000892295265199545,"E3","TM2 22N1","TM","Internal",22,1.027042307,1.612,NA,FALSE,"Bacteria","Cyanobacteria","Cyanobacteriia","Cyanobacteriales","Microcystaceae",NA,NA,NA
"2060","sq3643","D5",0.00088745088976196,"D5","SB3 3N1","SB","Internal",3,0.456230396,0,0,FALSE,"Bacteria","Planctomycetota","Phycisphaerae","MSBL9","SM23-30",NA,NA,NA
"2061","sq1719","E6",0.000886992882938058,"E6","TM2 23E1","TM","External",23,1.016192071,0.102,0,FALSE,"Bacteria","Actinobacteriota","Acidimicrobiia","Microtrichales","Ilumatobacteraceae",NA,NA,NA
"2062","sq2536","D8",0.000886036864503484,"D8","SB4 3E1","SB","External",3,0.797997922,NA,0,FALSE,"Bacteria","Planctomycetota","Planctomycetes","Gemmatales","Gemmataceae",NA,NA,NA
"2063","sq1046","D8",0.000886036864503484,"D8","SB4 3E1","SB","External",3,0.797997922,NA,0,FALSE,"Bacteria","Firmicutes","Clostridia","Peptostreptococcales-Tissierellales","Fusibacteraceae",NA,NA,NA
"2064","sq2037","D8",0.000886036864503484,"D8","SB4 3E1","SB","External",3,0.797997922,NA,0,FALSE,"Bacteria","Acidobacteriota","Blastocatellia","Blastocatellales","Blastocatellaceae",NA,NA,NA
"2065","sq1346","E10",0.000885495417978899,"E10","TM3 27E1","TM","External",27,0.830019021,0.233,NA,FALSE,"Bacteria","Desulfobacterota","Desulfobulbia","Desulfobulbales","Desulfurivibrionaceae",NA,NA,NA
"2066","sq321","D4",0.000884694780300796,"D4","SB3 2E1","SB","External",2,0.652985075,0.136,NA,FALSE,"Bacteria","Chloroflexi","Anaerolineae","Anaerolineales","Anaerolineaceae",NA,NA,NA
"2067","sq329","E7",0.000883212174740132,"E7","TM3 26N1","TM","Internal",26,1.910828025,NA,0.056,FALSE,"Bacteria","Proteobacteria","Alphaproteobacteria","Kiloniellales","Kiloniellaceae",NA,NA,NA
"2068","sq1299","E3",0.000882902683460603,"E3","TM2 22N1","TM","Internal",22,1.027042307,1.612,NA,FALSE,"Bacteria","Proteobacteria","Gammaproteobacteria","Tenderiales","Tenderiaceae",NA,NA,NA
"2069","sq771","E3",0.000882902683460603,"E3","TM2 22N1","TM","Internal",22,1.027042307,1.612,NA,FALSE,"Bacteria","Proteobacteria","Alphaproteobacteria","Rhizobiales","Rhizobiaceae",NA,NA,NA
"2070","sq2066","D11",0.00088108373299158,"D11","SB4 5N1","SB","Internal",5,1.132759402,0.701,0,FALSE,"Bacteria","Verrucomicrobiota","Verrucomicrobiae","Pedosphaerales","Pedosphaeraceae",NA,NA,NA
"2071","sq821","D2",0.000879770129786272,"D2","SB3 1E2","SB","External",1,0.994590822,NA,0,FALSE,"Bacteria","Bacteroidota","Bacteroidia","Flavobacteriales","NS9 marine group",NA,NA,NA
"2072","sq630","E12",0.000879498784512916,"E12","TM3 28E1","TM","External",28,1.516085295,1.023,0,FALSE,"Bacteria","Proteobacteria","Alphaproteobacteria","Rhodospirillales","Terasakiellaceae",NA,NA,NA
"2073","sq1100","D12",0.000875646519013205,"D12","SB4 5E1","SB","External",5,0.897520783,0.4,0,FALSE,"Bacteria","Hydrogenedentes","Hydrogenedentia","Hydrogenedentiales","Hydrogenedensaceae",NA,NA,NA
"2074","sq1316","D12",0.000875646519013205,"D12","SB4 5E1","SB","External",5,0.897520783,0.4,0,FALSE,"Bacteria","Firmicutes","Clostridia","Lachnospirales","Lachnospiraceae",NA,NA,NA
"2075","sq959","D12",0.000875646519013205,"D12","SB4 5E1","SB","External",5,0.897520783,0.4,0,FALSE,"Bacteria","Planctomycetota","Planctomycetes","Planctomycetales","Rubinisphaeraceae",NA,NA,NA
"2076","sq278","E8",0.000874497754667927,"E8","TM3 26E1","TM","External",26,1.169004676,NA,0.034,FALSE,"Bacteria","Firmicutes","Clostridia","Peptostreptococcales-Tissierellales","Clostridium sensu stricto",NA,NA,NA
"2077","sq2158","E3",0.00087351010172166,"E3","TM2 22N1","TM","Internal",22,1.027042307,1.612,NA,FALSE,"Bacteria","Actinobacteriota","Acidimicrobiia","Microtrichales","Microtrichaceae",NA,NA,NA
"2078","sq1275","E7",0.000873506546446284,"E7","TM3 26N1","TM","Internal",26,1.910828025,NA,0.056,FALSE,"Bacteria","Spirochaetota","Leptospirae","Leptospirales","Leptospiraceae",NA,NA,NA
"2079","sq343","E7",0.000873506546446284,"E7","TM3 26N1","TM","Internal",26,1.910828025,NA,0.056,FALSE,"Bacteria","Myxococcota","Polyangia","Nannocystales","Nannocystaceae",NA,NA,NA
"2080","sq2581","D8",0.000872612063526158,"D8","SB4 3E1","SB","External",3,0.797997922,NA,0,FALSE,"Bacteria","Cyanobacteria","Cyanobacteriia","Thermosynechococcales","Thermosynechococcaceae",NA,NA,NA
"2081","sq440","E1",0.000872245159039367,"E1","TM2 21N1","TM","Internal",21,0.632675847,NA,0,FALSE,"Bacteria","Fusobacteriota","Fusobacteriia","Fusobacteriales","Fusobacteriaceae",NA,NA,NA
"2082","sq534","D11",0.000871071417843948,"D11","SB4 5N1","SB","Internal",5,1.132759402,0.701,0,FALSE,"Bacteria","Cyanobacteria","Cyanobacteriia","Cyanobacteriales","Paraspirulinaceae",NA,NA,NA
"2083","sq2138","E11",0.00087104400846157,"E11","TM3 28N1","TM","Internal",28,1.477155617,2.427,0.039,FALSE,"Bacteria","Cloacimonadota","Cloacimonadia","Cloacimonadales","MSBL8",NA,NA,NA
"2084","sq1324","E12",0.000869616775698164,"E12","TM3 28E1","TM","External",28,1.516085295,1.023,0,FALSE,"Bacteria","Planctomycetota","Phycisphaerae","MSBL9","4572-13",NA,NA,NA
"2085","sq378","E12",0.000869616775698164,"E12","TM3 28E1","TM","External",28,1.516085295,1.023,0,FALSE,"Bacteria","Proteobacteria","Gammaproteobacteria","Enterobacterales","Pseudoalteromonadaceae",NA,NA,NA
"2086","sq713","D5",0.000868962329558586,"D5","SB3 3N1","SB","Internal",3,0.456230396,0,0,FALSE,"Bacteria","Cyanobacteria","Cyanobacteriia","Synechococcales","Cyanobiaceae",NA,NA,NA
"2087","sq578","D1",0.000864179749387873,"D1","SB3 1N1 ","SB","Internal",1,1.016765819,NA,0,FALSE,"Bacteria","Fibrobacterota","Fibrobacteria","Fibrobacterales","Fibrobacteraceae",NA,NA,NA
"2088","sq1676","E3",0.000864117519982718,"E3","TM2 22N1","TM","Internal",22,1.027042307,1.612,NA,FALSE,"Bacteria","Proteobacteria","Alphaproteobacteria","Rhodospirillales","Magnetospiraceae",NA,NA,NA
"2089","sq1410","D12",0.000863971232093029,"D12","SB4 5E1","SB","External",5,0.897520783,0.4,0,FALSE,"Bacteria","Cyanobacteria","Cyanobacteriia","Leptolyngbyales","Leptolyngbyaceae",NA,NA,NA
"2090","sq359","E7",0.000863800918152437,"E7","TM3 26N1","TM","Internal",26,1.910828025,NA,0.056,FALSE,"Bacteria","Myxococcota","Myxococcia","Myxococcales","Myxococcaceae",NA,NA,NA
"2091","sq1043","E7",0.000863800918152437,"E7","TM3 26N1","TM","Internal",26,1.910828025,NA,0.056,FALSE,"Bacteria","Actinobacteriota","Actinobacteria","Nitriliruptorales","Nitriliruptoraceae",NA,NA,NA
"2092","sq614","D2",0.000863627558597533,"D2","SB3 1E2","SB","External",1,0.994590822,NA,0,FALSE,"Bacteria","Bacteroidota","Bacteroidia","Flavobacteriales","Crocinitomicaceae",NA,NA,NA
"2093","sq6","E8",0.000862680217442685,"E8","TM3 26E1","TM","External",26,1.169004676,NA,0.034,FALSE,"Bacteria","Cyanobacteria","Cyanobacteriia","Cyanobacteriales","Desertifilaceae",NA,NA,NA
"2094","sq1010","E4",0.000861887341747908,"E4","TM2 22E1","TM","External",22,1.31061599,0.595,NA,FALSE,"Bacteria","Proteobacteria","Alphaproteobacteria","Rhizobiales","Methyloligellaceae",NA,NA,NA
"2095","sq1373","E4",0.000861887341747908,"E4","TM2 22E1","TM","External",22,1.31061599,0.595,NA,FALSE,"Bacteria","Verrucomicrobiota","Verrucomicrobiae","Verrucomicrobiales","DEV007",NA,NA,NA
"2096","sq331","E4",0.000861887341747908,"E4","TM2 22E1","TM","External",22,1.31061599,0.595,NA,FALSE,"Bacteria","Proteobacteria","Gammaproteobacteria","Pseudomonadales","Marinobacteraceae",NA,NA,NA
"2097","sq1719","E5",0.000861755299795094,"E5","TM2 23N1","TM","Internal",23,1.041089822,0.484,0,FALSE,"Bacteria","Actinobacteriota","Acidimicrobiia","Microtrichales","Ilumatobacteraceae",NA,NA,NA
"2098","sq959","E11",0.000860674436932266,"E11","TM3 28N1","TM","Internal",28,1.477155617,2.427,0.039,FALSE,"Bacteria","Planctomycetota","Planctomycetes","Planctomycetales","Rubinisphaeraceae",NA,NA,NA
"2099","sq329","D8",0.000859187262548833,"D8","SB4 3E1","SB","External",3,0.797997922,NA,0,FALSE,"Bacteria","Proteobacteria","Alphaproteobacteria","Kiloniellales","Kiloniellaceae",NA,NA,NA
"2100","sq466","E9",0.000857101174410971,"E9","TM3 27N1","TM","Internal",27,1.647954829,2.235,NA,FALSE,"Bacteria","Firmicutes","Clostridia","Oscillospirales","Hungateiclostridiaceae",NA,NA,NA
"2101","sq2046","D4",0.000856156239000771,"D4","SB3 2E1","SB","External",2,0.652985075,0.136,NA,FALSE,"Bacteria","Fibrobacterota","Fibrobacteria","Fibrobacterales","TG3",NA,NA,NA
"2102","sq2866","D10",0.000855787569074282,"D10","SB4 4E1","SB","External",4,0.947375251,0.459,NA,FALSE,"Bacteria","Cyanobacteria","Cyanobacteriia","Cyanobacteriales","Nostocaceae",NA,NA,NA
"2103","sq630","D10",0.000855787569074282,"D10","SB4 4E1","SB","External",4,0.947375251,0.459,NA,FALSE,"Bacteria","Proteobacteria","Alphaproteobacteria","Rhodospirillales","Terasakiellaceae",NA,NA,NA
"2104","sq1254","E6",0.000855314565690271,"E6","TM2 23E1","TM","External",23,1.016192071,0.102,0,FALSE,"Bacteria","Proteobacteria","Gammaproteobacteria","Competibacterales","Competibacteraceae",NA,NA,NA
"2105","sq902","E6",0.000855314565690271,"E6","TM2 23E1","TM","External",23,1.016192071,0.102,0,FALSE,"Bacteria","Proteobacteria","Gammaproteobacteria","Pseudomonadales","Nitrincolaceae",NA,NA,NA
"2106","sq296","E7",0.000854095289858589,"E7","TM3 26N1","TM","Internal",26,1.910828025,NA,0.056,FALSE,"Bacteria","Proteobacteria","Gammaproteobacteria","Pseudomonadales","Hahellaceae",NA,NA,NA
"2107","sq171","E8",0.000850862680217443,"E8","TM3 26E1","TM","External",26,1.169004676,NA,0.034,FALSE,"Bacteria","Fibrobacterota","Fibrobacteria","Fibrobacterales","MAT-CR-H6-H10",NA,NA,NA
"2108","sq11","D5",0.000850473769355211,"D5","SB3 3N1","SB","Internal",3,0.456230396,0,0,FALSE,"Bacteria","Cyanobacteria","Cyanobacteriia","Cyanobacteriales","Coleofasciculaceae",NA,NA,NA
"2109","sq323","D5",0.000850473769355211,"D5","SB3 3N1","SB","Internal",3,0.456230396,0,0,FALSE,"Bacteria","Campylobacterota","Campylobacteria","Campylobacterales","Sulfurimonadaceae",NA,NA,NA
"2110","sq1373","D9",0.000850201105261437,"D9","SB4 4N1","SB","Internal",4,1.337102689,1.856,NA,FALSE,"Bacteria","Verrucomicrobiota","Verrucomicrobiae","Verrucomicrobiales","DEV007",NA,NA,NA
"2111","sq65","E12",0.00084985275806866,"E12","TM3 28E1","TM","External",28,1.516085295,1.023,0,FALSE,"Bacteria","Cyanobacteria","Cyanobacteriia","Cyanobacteriales","Oscillatoriaceae",NA,NA,NA
"2112","sq989","E12",0.00084985275806866,"E12","TM3 28E1","TM","External",28,1.516085295,1.023,0,FALSE,"Bacteria","Myxococcota","Polyangia","Haliangiales","Haliangiaceae",NA,NA,NA
"2113","sq1103","E9",0.000847983076810854,"E9","TM3 27N1","TM","Internal",27,1.647954829,2.235,NA,FALSE,"Bacteria","Proteobacteria","Gammaproteobacteria","Pseudomonadales","Cellvibrionaceae",NA,NA,NA
"2114","sq1459","E9",0.000847983076810854,"E9","TM3 27N1","TM","Internal",27,1.647954829,2.235,NA,FALSE,"Bacteria","Cyanobacteria","Cyanobacteriia","Cyanobacteriales","Microcystaceae",NA,NA,NA
"2115","sq1275","D10",0.000847637211273575,"D10","SB4 4E1","SB","External",4,0.947375251,0.459,NA,FALSE,"Bacteria","Spirochaetota","Leptospirae","Leptospirales","Leptospiraceae",NA,NA,NA
"2116","sq280","D8",0.000845762461571507,"D8","SB4 3E1","SB","External",3,0.797997922,NA,0,FALSE,"Bacteria","Proteobacteria","Alphaproteobacteria","Defluviicoccales","Defluviicoccaceae",NA,NA,NA
"2117","sq614","D8",0.000845762461571507,"D8","SB4 3E1","SB","External",3,0.797997922,NA,0,FALSE,"Bacteria","Bacteroidota","Bacteroidia","Flavobacteriales","Crocinitomicaceae",NA,NA,NA
"2118","sq2114","E7",0.000844389661564741,"E7","TM3 26N1","TM","Internal",26,1.910828025,NA,0.056,FALSE,"Bacteria","Planctomycetota","Phycisphaerae","MSBL9","SG8-4",NA,NA,NA
"2119","sq35","E1",0.000843170320404722,"E1","TM2 21N1","TM","Internal",21,0.632675847,NA,0,FALSE,"Bacteria","Bacteroidota","Bacteroidia","Cytophagales","Flammeovirgaceae",NA,NA,NA
"2120","sq1414","D9",0.000842026094633923,"D9","SB4 4N1","SB","Internal",4,1.337102689,1.856,NA,FALSE,"Bacteria","Cyanobacteria","Cyanobacteriia","Cyanobacteriales","Geitlerinemaceae",NA,NA,NA
"2121","sq3001","E11",0.000839935293873657,"E11","TM3 28N1","TM","Internal",28,1.477155617,2.427,0.039,FALSE,"Bacteria","Proteobacteria","Gammaproteobacteria","Coxiellales","Coxiellaceae",NA,NA,NA
"2122","sq331","E11",0.000839935293873657,"E11","TM3 28N1","TM","Internal",28,1.477155617,2.427,0.039,FALSE,"Bacteria","Proteobacteria","Gammaproteobacteria","Pseudomonadales","Marinobacteraceae",NA,NA,NA
"2123","sq600","E11",0.000839935293873657,"E11","TM3 28N1","TM","Internal",28,1.477155617,2.427,0.039,FALSE,"Bacteria","Proteobacteria","Gammaproteobacteria","Enterobacterales","Colwelliaceae",NA,NA,NA
"2124","sq1534","D10",0.000839486853472867,"D10","SB4 4E1","SB","External",4,0.947375251,0.459,NA,FALSE,"Bacteria","Sumerlaeota","Sumerlaeia","Sumerlaeales","Sumerlaeaceae",NA,NA,NA
"2125","sq35","E9",0.000838864979210737,"E9","TM3 27N1","TM","Internal",27,1.647954829,2.235,NA,FALSE,"Bacteria","Bacteroidota","Bacteroidia","Cytophagales","Flammeovirgaceae",NA,NA,NA
"2126","sq3215","D4",0.000837130544800753,"D4","SB3 2E1","SB","External",2,0.652985075,0.136,NA,FALSE,"Bacteria","Proteobacteria","Alphaproteobacteria","Rickettsiales","SM2D12",NA,NA,NA
"2127","sq352","E6",0.000834195687525079,"E6","TM2 23E1","TM","External",23,1.016192071,0.102,0,FALSE,"Bacteria","Proteobacteria","Gammaproteobacteria","Enterobacterales","Alteromonadaceae",NA,NA,NA
"2128","sq1473","E2",0.000831753409577396,"E2","TM2 21E1","TM","External",21,3.767123288,NA,0,FALSE,"Bacteria","Bacteroidota","Bacteroidia","Sphingobacteriales","Lentimicrobiaceae",NA,NA,NA
"2129","sq1414","D11",0.000831022157253422,"D11","SB4 5N1","SB","Internal",5,1.132759402,0.701,0,FALSE,"Bacteria","Cyanobacteria","Cyanobacteriia","Cyanobacteriales","Geitlerinemaceae",NA,NA,NA
"2130","sq610","D3",0.00083031916103642,"D3","SB3 2N1","SB","Internal",2,0.775372332,0.11,NA,FALSE,"Bacteria","Proteobacteria","Gammaproteobacteria","Nitrosococcales","Nitrosococcaceae",NA,NA,NA
"2131","sq198","D3",0.00083031916103642,"D3","SB3 2N1","SB","Internal",2,0.775372332,0.11,NA,FALSE,"Bacteria","Bacteroidota","Bacteroidia","Bacteroidales","ML635J-40 aquatic group",NA,NA,NA
"2132","sq48","E9",0.000829746881610621,"E9","TM3 27N1","TM","Internal",27,1.647954829,2.235,NA,FALSE,"Bacteria","Deinococcota","Deinococci","Deinococcales","Trueperaceae",NA,NA,NA
"2133","sq985","E11",0.000829565722344353,"E11","TM3 28N1","TM","Internal",28,1.477155617,2.427,0.039,FALSE,"Bacteria","Firmicutes","Clostridia","Christensenellales","Christensenellaceae",NA,NA,NA
"2134","sq183","E8",0.000827227605766958,"E8","TM3 26E1","TM","External",26,1.169004676,NA,0.034,FALSE,"Bacteria","Proteobacteria","Gammaproteobacteria","Ectothiorhodospirales","Ectothiorhodospiraceae",NA,NA,NA
"2135","sq2046","E8",0.000827227605766958,"E8","TM3 26E1","TM","External",26,1.169004676,NA,0.034,FALSE,"Bacteria","Fibrobacterota","Fibrobacteria","Fibrobacterales","TG3",NA,NA,NA
"2136","sq1010","E3",0.000826547193026947,"E3","TM2 22N1","TM","Internal",22,1.027042307,1.612,NA,FALSE,"Bacteria","Proteobacteria","Alphaproteobacteria","Rhizobiales","Methyloligellaceae",NA,NA,NA
"2137","sq3076","D9",0.000825676073378895,"D9","SB4 4N1","SB","Internal",4,1.337102689,1.856,NA,FALSE,"Bacteria","Bacteroidota","Bacteroidia","Cytophagales","Bernardetiaceae",NA,NA,NA
"2138","sq1513","E7",0.000824978404977046,"E7","TM3 26N1","TM","Internal",26,1.910828025,NA,0.056,FALSE,"Bacteria","Campylobacterota","Campylobacteria","Campylobacterales","Helicobacteraceae",NA,NA,NA
"2139","sq2028","E7",0.000824978404977046,"E7","TM3 26N1","TM","Internal",26,1.910828025,NA,0.056,FALSE,"Bacteria","Verrucomicrobiota","Omnitrophia","Omnitrophales","Omnitrophaceae",NA,NA,NA
"2140","sq378","E7",0.000824978404977046,"E7","TM3 26N1","TM","Internal",26,1.910828025,NA,0.056,FALSE,"Bacteria","Proteobacteria","Gammaproteobacteria","Enterobacterales","Pseudoalteromonadaceae",NA,NA,NA
"2141","sq577","E5",0.000823455064248645,"E5","TM2 23N1","TM","Internal",23,1.041089822,0.484,0,FALSE,"Bacteria","Proteobacteria","Gammaproteobacteria","Thiohalorhabdales","Thiohalorhabdaceae",NA,NA,NA
"2142","sq1841","D10",0.000823186137871452,"D10","SB4 4E1","SB","External",4,0.947375251,0.459,NA,FALSE,"Bacteria","Desulfobacterota","Desulfuromonadia","Desulfuromonadales","Desulfuromonadaceae",NA,NA,NA
"2143","sq676","E12",0.000820206731624405,"E12","TM3 28E1","TM","External",28,1.516085295,1.023,0,FALSE,"Bacteria","Bacteroidota","Kryptonia","Kryptoniales","MSB-3C8",NA,NA,NA
"2144","sq2028","E2",0.000819521741789493,"E2","TM2 21E1","TM","External",21,3.767123288,NA,0,FALSE,"Bacteria","Verrucomicrobiota","Omnitrophia","Omnitrophales","Omnitrophaceae",NA,NA,NA
"2145","sq296","E11",0.000819196150815048,"E11","TM3 28N1","TM","Internal",28,1.477155617,2.427,0.039,FALSE,"Bacteria","Proteobacteria","Gammaproteobacteria","Pseudomonadales","Hahellaceae",NA,NA,NA
"2146","sq610","E11",0.000819196150815048,"E11","TM3 28N1","TM","Internal",28,1.477155617,2.427,0.039,FALSE,"Bacteria","Proteobacteria","Gammaproteobacteria","Nitrosococcales","Nitrosococcaceae",NA,NA,NA
"2147","sq3215","D3",0.00081894492595373,"D3","SB3 2N1","SB","Internal",2,0.775372332,0.11,NA,FALSE,"Bacteria","Proteobacteria","Alphaproteobacteria","Rickettsiales","SM2D12",NA,NA,NA
"2148","sq1275","D4",0.000818104850600736,"D4","SB3 2E1","SB","External",2,0.652985075,0.136,NA,FALSE,"Bacteria","Spirochaetota","Leptospirae","Leptospirales","Leptospiraceae",NA,NA,NA
"2149","sq14","E8",0.000815410068541716,"E8","TM3 26E1","TM","External",26,1.169004676,NA,0.034,FALSE,"Bacteria","Cyanobacteria","Cyanobacteriia","Phormidesmiales","Phormidesmiaceae",NA,NA,NA
"2150","sq495","D2",0.000815199845031316,"D2","SB3 1E2","SB","External",1,0.994590822,NA,0,FALSE,"Bacteria","Acidobacteriota","Thermoanaerobaculia","Thermoanaerobaculales","Thermoanaerobaculaceae",NA,NA,NA
"2151","sq104","E1",0.000814095481770076,"E1","TM2 21N1","TM","Internal",21,0.632675847,NA,0,FALSE,"Bacteria","Cyanobacteria","Cyanobacteriia","Phormidesmiales","Nodosilineaceae",NA,NA,NA
"2152","sq2814","E4",0.000814004711650802,"E4","TM2 22E1","TM","External",22,1.31061599,0.595,NA,FALSE,"Bacteria","Verrucomicrobiota","Lentisphaeria","Oligosphaerales","Oligosphaeraceae",NA,NA,NA
"2153","sq440","E6",0.000813076809359887,"E6","TM2 23E1","TM","External",23,1.016192071,0.102,0,FALSE,"Bacteria","Fusobacteriota","Fusobacteriia","Fusobacteriales","Fusobacteriaceae",NA,NA,NA
"2154","sq482","E10",0.000810311844754275,"E10","TM3 27E1","TM","External",27,0.830019021,0.233,NA,FALSE,"Bacteria","Proteobacteria","Alphaproteobacteria","Rhizobiales","Hyphomicrobiaceae",NA,NA,NA
"2155","sq4006","E11",0.000808826579285744,"E11","TM3 28N1","TM","Internal",28,1.477155617,2.427,0.039,FALSE,"Bacteria","Dependentiae","Babeliae","Babeliales","Vermiphilaceae",NA,NA,NA
"2156","sq1792","E3",0.000807762029549062,"E3","TM2 22N1","TM","Internal",22,1.027042307,1.612,NA,FALSE,"Bacteria","Bacteroidota","Bacteroidia","Bacteroidales","Salinivirgaceae",NA,NA,NA
"2157","sq1794","E2",0.00080729007400159,"E2","TM2 21E1","TM","External",21,3.767123288,NA,0,FALSE,"Bacteria","Desulfobacterota","Desulfarculia","Desulfarculales","Desulfarculaceae",NA,NA,NA
"2158","sq1275","D2",0.000807128559436947,"D2","SB3 1E2","SB","External",1,0.994590822,NA,0,FALSE,"Bacteria","Spirochaetota","Leptospirae","Leptospirales","Leptospiraceae",NA,NA,NA
"2159","sq816","D12",0.000805594797492148,"D12","SB4 5E1","SB","External",5,0.897520783,0.4,0,FALSE,"Bacteria","Proteobacteria","Alphaproteobacteria","Rhodospirillales","Rhodospirillaceae",NA,NA,NA
"2160","sq48","E7",0.000805567148389351,"E7","TM3 26N1","TM","Internal",26,1.910828025,NA,0.056,FALSE,"Bacteria","Deinococcota","Deinococci","Deinococcales","Trueperaceae",NA,NA,NA
"2161","sq3360","D8",0.000805488058639531,"D8","SB4 3E1","SB","External",3,0.797997922,NA,0,FALSE,"Bacteria","Firmicutes","Clostridia","Peptostreptococcales-Tissierellales","Peptostreptococcaceae",NA,NA,NA
"2162","sq1103","E5",0.000804304946475421,"E5","TM2 23N1","TM","Internal",23,1.041089822,0.484,0,FALSE,"Bacteria","Proteobacteria","Gammaproteobacteria","Pseudomonadales","Cellvibrionaceae",NA,NA,NA
"2163","sq1766","E8",0.000803592531316474,"E8","TM3 26E1","TM","External",26,1.169004676,NA,0.034,FALSE,"Bacteria","Fermentibacterota","Fermentibacteria","Fermentibacterales","Fermentibacteraceae",NA,NA,NA
"2164","sq2497","E8",0.000803592531316474,"E8","TM3 26E1","TM","External",26,1.169004676,NA,0.034,FALSE,"Bacteria","Latescibacterota","Latescibacteria","Latescibacterales","Latescibacteraceae",NA,NA,NA
"2165","sq1254","E9",0.000802392588810271,"E9","TM3 27N1","TM","Internal",27,1.647954829,2.235,NA,FALSE,"Bacteria","Proteobacteria","Gammaproteobacteria","Competibacterales","Competibacteraceae",NA,NA,NA
"2166","sq1275","D3",0.000796196455788348,"D3","SB3 2N1","SB","Internal",2,0.775372332,0.11,NA,FALSE,"Bacteria","Spirochaetota","Leptospirae","Leptospirales","Leptospiraceae",NA,NA,NA
"2167","sq1794","E7",0.000795861520095503,"E7","TM3 26N1","TM","Internal",26,1.910828025,NA,0.056,FALSE,"Bacteria","Desulfobacterota","Desulfarculia","Desulfarculales","Desulfarculaceae",NA,NA,NA
"2168","sq167","E2",0.000795058406213687,"E2","TM2 21E1","TM","External",21,3.767123288,NA,0,FALSE,"Bacteria","Proteobacteria","Alphaproteobacteria","Caulobacterales","Hyphomonadaceae",NA,NA,NA
"2169","sq88","E2",0.000795058406213687,"E2","TM2 21E1","TM","External",21,3.767123288,NA,0,FALSE,"Bacteria","Bacteroidota","Bacteroidia","Bacteroidales","SB-5",NA,NA,NA
"2170","sq3699","E9",0.000793274491210154,"E9","TM3 27N1","TM","Internal",27,1.647954829,2.235,NA,FALSE,"Bacteria","Proteobacteria","Gammaproteobacteria","Pseudomonadales","MBAE14",NA,NA,NA
"2171","sq3921","E9",0.000793274491210154,"E9","TM3 27N1","TM","Internal",27,1.647954829,2.235,NA,FALSE,"Bacteria","Proteobacteria","Gammaproteobacteria","Diplorickettsiales","Diplorickettsiaceae",NA,NA,NA
"2172","sq1373","D8",0.000792063257662205,"D8","SB4 3E1","SB","External",3,0.797997922,NA,0,FALSE,"Bacteria","Verrucomicrobiota","Verrucomicrobiae","Verrucomicrobiales","DEV007",NA,NA,NA
"2173","sq1414","D7",0.000791917334048614,"D7","SB4 3N1","SB","Internal",3,0.947464318,NA,0,FALSE,"Bacteria","Cyanobacteria","Cyanobacteriia","Cyanobacteriales","Geitlerinemaceae",NA,NA,NA
"2174","sq1275","E3",0.000788976866071177,"E3","TM2 22N1","TM","Internal",22,1.027042307,1.612,NA,FALSE,"Bacteria","Spirochaetota","Leptospirae","Leptospirales","Leptospiraceae",NA,NA,NA
"2175","sq2114","E11",0.000788087436227135,"E11","TM3 28N1","TM","Internal",28,1.477155617,2.427,0.039,FALSE,"Bacteria","Planctomycetota","Phycisphaerae","MSBL9","SG8-4",NA,NA,NA
"2176","sq350","E11",0.000788087436227135,"E11","TM3 28N1","TM","Internal",28,1.477155617,2.427,0.039,FALSE,"Bacteria","Bacteroidota","Bacteroidia","Cytophagales","Amoebophilaceae",NA,NA,NA
"2177","sq771","E1",0.000785020643135431,"E1","TM2 21N1","TM","Internal",21,0.632675847,NA,0,FALSE,"Bacteria","Proteobacteria","Alphaproteobacteria","Rhizobiales","Rhizobiaceae",NA,NA,NA
"2178","sq639","D9",0.000784801020241326,"D9","SB4 4N1","SB","Internal",4,1.337102689,1.856,NA,FALSE,"Bacteria","Bdellovibrionota","Oligoflexia","Oligoflexales","Oligoflexaceae",NA,NA,NA
"2179","sq1676","D2",0.000782914702653839,"D2","SB3 1E2","SB","External",1,0.994590822,NA,0,FALSE,"Bacteria","Proteobacteria","Alphaproteobacteria","Rhodospirillales","Magnetospiraceae",NA,NA,NA
"2180","sq997","E2",0.000782826738425784,"E2","TM2 21E1","TM","External",21,3.767123288,NA,0,FALSE,"Bacteria","Verrucomicrobiota","Lentisphaeria","Oligosphaerales","Lenti-02",NA,NA,NA
"2181","sq343","D12",0.000782244223651796,"D12","SB4 5E1","SB","External",5,0.897520783,0.4,0,FALSE,"Bacteria","Myxococcota","Polyangia","Nannocystales","Nannocystaceae",NA,NA,NA
"2182","sq747","D4",0.000780053462200702,"D4","SB3 2E1","SB","External",2,0.652985075,0.136,NA,FALSE,"Bacteria","Verrucomicrobiota","Kiritimatiellae","Kiritimatiellales","Kiritimatiellaceae",NA,NA,NA
"2183","sq2028","E8",0.000779957456865989,"E8","TM3 26E1","TM","External",26,1.169004676,NA,0.034,FALSE,"Bacteria","Verrucomicrobiota","Omnitrophia","Omnitrophales","Omnitrophaceae",NA,NA,NA
"2184","sq821","E8",0.000779957456865989,"E8","TM3 26E1","TM","External",26,1.169004676,NA,0.034,FALSE,"Bacteria","Bacteroidota","Bacteroidia","Flavobacteriales","NS9 marine group",NA,NA,NA
"2185","sq807","D7",0.000779144473822023,"D7","SB4 3N1","SB","Internal",3,0.947464318,NA,0,FALSE,"Bacteria","Proteobacteria","Gammaproteobacteria","Thiomicrospirales","Thiomicrospiraceae",NA,NA,NA
"2186","sq771","E10",0.000776896923321109,"E10","TM3 27E1","TM","External",27,0.830019021,0.233,NA,FALSE,"Bacteria","Proteobacteria","Alphaproteobacteria","Rhizobiales","Rhizobiaceae",NA,NA,NA
"2187","sq48","E10",0.000776896923321109,"E10","TM3 27E1","TM","External",27,0.830019021,0.233,NA,FALSE,"Bacteria","Deinococcota","Deinococci","Deinococcales","Trueperaceae",NA,NA,NA
"2188","sq1676","D1",0.000772524321422492,"D1","SB3 1N1 ","SB","Internal",1,1.016765819,NA,0,FALSE,"Bacteria","Proteobacteria","Alphaproteobacteria","Rhodospirillales","Magnetospiraceae",NA,NA,NA
"2189","sq2503","D12",0.00077056893673162,"D12","SB4 5E1","SB","External",5,0.897520783,0.4,0,FALSE,"Bacteria","Firmicutes","Bacilli","Bacillales","Bacillaceae",NA,NA,NA
"2190","sq482","E3",0.000770191702593292,"E3","TM2 22N1","TM","Internal",22,1.027042307,1.612,NA,FALSE,"Bacteria","Proteobacteria","Alphaproteobacteria","Rhizobiales","Hyphomicrobiaceae",NA,NA,NA
"2191","sq1324","E8",0.000768139919640747,"E8","TM3 26E1","TM","External",26,1.169004676,NA,0.034,FALSE,"Bacteria","Planctomycetota","Phycisphaerae","MSBL9","4572-13",NA,NA,NA
"2192","sq985","E7",0.000766744635213961,"E7","TM3 26N1","TM","Internal",26,1.910828025,NA,0.056,FALSE,"Bacteria","Firmicutes","Clostridia","Christensenellales","Christensenellaceae",NA,NA,NA
"2193","sq989","E7",0.000766744635213961,"E7","TM3 26N1","TM","Internal",26,1.910828025,NA,0.056,FALSE,"Bacteria","Myxococcota","Polyangia","Haliangiales","Haliangiaceae",NA,NA,NA
"2194","sq4562","D7",0.000766371613595432,"D7","SB4 3N1","SB","Internal",3,0.947464318,NA,0,FALSE,"Bacteria","Proteobacteria","Gammaproteobacteria","Salinisphaerales","Solimonadaceae",NA,NA,NA
"2195","sq1367","E5",0.000766004710928972,"E5","TM2 23N1","TM","Internal",23,1.041089822,0.484,0,FALSE,"Bacteria","Proteobacteria","Alphaproteobacteria","Micavibrionales","Micavibrionaceae",NA,NA,NA
"2196","sq902","E9",0.000765920198409804,"E9","TM3 27N1","TM","Internal",27,1.647954829,2.235,NA,FALSE,"Bacteria","Proteobacteria","Gammaproteobacteria","Pseudomonadales","Nitrincolaceae",NA,NA,NA
"2197","sq2359","E12",0.000760914678735893,"E12","TM3 28E1","TM","External",28,1.516085295,1.023,0,FALSE,"Bacteria","Proteobacteria","Gammaproteobacteria","Enterobacterales","Kangiellaceae",NA,NA,NA
"2198","sq14","E6",0.000760279613946907,"E6","TM2 23E1","TM","External",23,1.016192071,0.102,0,FALSE,"Bacteria","Cyanobacteria","Cyanobacteriia","Phormidesmiales","Phormidesmiaceae",NA,NA,NA
"2199","sq816","E10",0.000760189462604526,"E10","TM3 27E1","TM","External",27,0.830019021,0.233,NA,FALSE,"Bacteria","Proteobacteria","Alphaproteobacteria","Rhodospirillales","Rhodospirillaceae",NA,NA,NA
"2200","sq682","D1",0.000759430688856009,"D1","SB3 1N1 ","SB","Internal",1,1.016765819,NA,0,FALSE,"Bacteria","Proteobacteria","Gammaproteobacteria","Pseudomonadales","Saccharospirillaceae",NA,NA,NA
"2201","sq79","E2",0.000758363402849979,"E2","TM2 21E1","TM","External",21,3.767123288,NA,0,FALSE,"Bacteria","Bacteroidota","Rhodothermia","Balneolales","Balneolaceae",NA,NA,NA
"2202","sq393","E4",0.000756545555534274,"E4","TM2 22E1","TM","External",22,1.31061599,0.595,NA,FALSE,"Bacteria","Proteobacteria","Gammaproteobacteria","Burkholderiales","Nitrosomonadaceae",NA,NA,NA
"2203","sq329","E8",0.000756322382415505,"E8","TM3 26E1","TM","External",26,1.169004676,NA,0.034,FALSE,"Bacteria","Proteobacteria","Alphaproteobacteria","Kiloniellales","Kiloniellaceae",NA,NA,NA
"2204","sq79","E1",0.000755945804500785,"E1","TM2 21N1","TM","Internal",21,0.632675847,NA,0,FALSE,"Bacteria","Bacteroidota","Rhodothermia","Balneolales","Balneolaceae",NA,NA,NA
"2205","sq1557","E1",0.000755945804500785,"E1","TM2 21N1","TM","Internal",21,0.632675847,NA,0,FALSE,"Bacteria","Bacteroidota","Ignavibacteria","Ignavibacteriales","Ignavibacteriaceae",NA,NA,NA
"2206","sq2047","D7",0.000753598753368842,"D7","SB4 3N1","SB","Internal",3,0.947464318,NA,0,FALSE,"Bacteria","Proteobacteria","Gammaproteobacteria","Pseudomonadales","OM182 clade",NA,NA,NA
"2207","sq1676","D8",0.000751788854730229,"D8","SB4 3E1","SB","External",3,0.797997922,NA,0,FALSE,"Bacteria","Proteobacteria","Alphaproteobacteria","Rhodospirillales","Magnetospiraceae",NA,NA,NA
"2208","sq391","D8",0.000751788854730229,"D8","SB4 3E1","SB","External",3,0.797997922,NA,0,FALSE,"Bacteria","Proteobacteria","Gammaproteobacteria","Beggiatoales","Beggiatoaceae",NA,NA,NA
"2209","sq821","D8",0.000751788854730229,"D8","SB4 3E1","SB","External",3,0.797997922,NA,0,FALSE,"Bacteria","Bacteroidota","Bacteroidia","Flavobacteriales","NS9 marine group",NA,NA,NA
"2210","sq482","E12",0.000751032669921142,"E12","TM3 28E1","TM","External",28,1.516085295,1.023,0,FALSE,"Bacteria","Proteobacteria","Alphaproteobacteria","Rhizobiales","Hyphomicrobiaceae",NA,NA,NA
"2211","sq1766","E4",0.000746969029514853,"E4","TM2 22E1","TM","External",22,1.31061599,0.595,NA,FALSE,"Bacteria","Fermentibacterota","Fermentibacteria","Fermentibacterales","Fermentibacteraceae",NA,NA,NA
"2212","sq3001","E5",0.000746854593155748,"E5","TM2 23N1","TM","Internal",23,1.041089822,0.484,0,FALSE,"Bacteria","Proteobacteria","Gammaproteobacteria","Coxiellales","Coxiellaceae",NA,NA,NA
"2213","sq2814","E11",0.000746609150109918,"E11","TM3 28N1","TM","Internal",28,1.477155617,2.427,0.039,FALSE,"Bacteria","Verrucomicrobiota","Lentisphaeria","Oligosphaerales","Oligosphaeraceae",NA,NA,NA
"2214","sq440","E2",0.000746131735062076,"E2","TM2 21E1","TM","External",21,3.767123288,NA,0,FALSE,"Bacteria","Fusobacteriota","Fusobacteriia","Fusobacteriales","Fusobacteriaceae",NA,NA,NA
"2215","sq1299","E10",0.000743482001887943,"E10","TM3 27E1","TM","External",27,0.830019021,0.233,NA,FALSE,"Bacteria","Proteobacteria","Gammaproteobacteria","Tenderiales","Tenderiaceae",NA,NA,NA
"2216","sq1765","E10",0.000743482001887943,"E10","TM3 27E1","TM","External",27,0.830019021,0.233,NA,FALSE,"Bacteria","Proteobacteria","Gammaproteobacteria","Immundisolibacterales","Immundisolibacteraceae",NA,NA,NA
"2217","sq880","D10",0.000741682559864378,"D10","SB4 4E1","SB","External",4,0.947375251,0.459,NA,FALSE,"Bacteria","Proteobacteria","Alphaproteobacteria","Caulobacterales","Parvularculaceae",NA,NA,NA
"2218","sq1367","E12",0.00074115066110639,"E12","TM3 28E1","TM","External",28,1.516085295,1.023,0,FALSE,"Bacteria","Proteobacteria","Alphaproteobacteria","Micavibrionales","Micavibrionaceae",NA,NA,NA
"2219","sq3001","D5",0.000739542408134967,"D5","SB3 3N1","SB","Internal",3,0.456230396,0,0,FALSE,"Bacteria","Proteobacteria","Gammaproteobacteria","Coxiellales","Coxiellaceae",NA,NA,NA
"2220","sq283","D3",0.000739325280374895,"D3","SB3 2N1","SB","Internal",2,0.775372332,0.11,NA,FALSE,"Bacteria","Cyanobacteria","Cyanobacteriia","Oxyphotobacteria Incertae Sedis","Unknown Family",NA,NA,NA
"2221","sq2158","E6",0.000739160735781715,"E6","TM2 23E1","TM","External",23,1.016192071,0.102,0,FALSE,"Bacteria","Actinobacteriota","Acidimicrobiia","Microtrichales","Microtrichaceae",NA,NA,NA
"2222","sq1010","E9",0.000738565905609454,"E9","TM3 27N1","TM","Internal",27,1.647954829,2.235,NA,FALSE,"Bacteria","Proteobacteria","Alphaproteobacteria","Rhizobiales","Methyloligellaceae",NA,NA,NA
"2223","sq14","E7",0.000737627750332418,"E7","TM3 26N1","TM","Internal",26,1.910828025,NA,0.056,FALSE,"Bacteria","Cyanobacteria","Cyanobacteriia","Phormidesmiales","Phormidesmiaceae",NA,NA,NA
"2224","sq1367","E11",0.000736239578580613,"E11","TM3 28N1","TM","Internal",28,1.477155617,2.427,0.039,FALSE,"Bacteria","Proteobacteria","Alphaproteobacteria","Micavibrionales","Micavibrionaceae",NA,NA,NA
"2225","sq1373","E11",0.000736239578580613,"E11","TM3 28N1","TM","Internal",28,1.477155617,2.427,0.039,FALSE,"Bacteria","Verrucomicrobiota","Verrucomicrobiae","Verrucomicrobiales","DEV007",NA,NA,NA
"2226","sq614","E2",0.000733900067274173,"E2","TM2 21E1","TM","External",21,3.767123288,NA,0,FALSE,"Bacteria","Bacteroidota","Bacteroidia","Flavobacteriales","Crocinitomicaceae",NA,NA,NA
"2227","sq2047","D10",0.000733532202063671,"D10","SB4 4E1","SB","External",4,0.947375251,0.459,NA,FALSE,"Bacteria","Proteobacteria","Gammaproteobacteria","Pseudomonadales","OM182 clade",NA,NA,NA
"2228","sq2644","D10",0.000733532202063671,"D10","SB4 4E1","SB","External",4,0.947375251,0.459,NA,FALSE,"Bacteria","Proteobacteria","Gammaproteobacteria","Burkholderiales","Comamonadaceae",NA,NA,NA
"2229","sq610","D4",0.000732489226700659,"D4","SB3 2E1","SB","External",2,0.652985075,0.136,NA,FALSE,"Bacteria","Proteobacteria","Gammaproteobacteria","Nitrosococcales","Nitrosococcaceae",NA,NA,NA
"2230","sq583","E12",0.000731268652291638,"E12","TM3 28E1","TM","External",28,1.516085295,1.023,0,FALSE,"Bacteria","Campylobacterota","Campylobacteria","Campylobacterales","Sulfurovaceae",NA,NA,NA
"2231","sq2046","D6",0.000731045394914728,"D6","SB3 3E1","SB","External",3,0.711169545,0.121,0,FALSE,"Bacteria","Fibrobacterota","Fibrobacteria","Fibrobacterales","TG3",NA,NA,NA
"2232","sq534","D3",0.000727951045292204,"D3","SB3 2N1","SB","Internal",2,0.775372332,0.11,NA,FALSE,"Bacteria","Cyanobacteria","Cyanobacteriia","Cyanobacteriales","Paraspirulinaceae",NA,NA,NA
"2233","sq2645","D9",0.00072757594584873,"D9","SB4 4N1","SB","Internal",4,1.337102689,1.856,NA,FALSE,"Bacteria","Proteobacteria","Gammaproteobacteria","Pseudomonadales","Spongiibacteraceae",NA,NA,NA
"2234","sq52","D9",0.00072757594584873,"D9","SB4 4N1","SB","Internal",4,1.337102689,1.856,NA,FALSE,"Bacteria","Proteobacteria","Gammaproteobacteria","Thiotrichales","Thiotrichaceae",NA,NA,NA
"2235","sq359","E1",0.000726870965866139,"E1","TM2 21N1","TM","Internal",21,0.632675847,NA,0,FALSE,"Bacteria","Myxococcota","Myxococcia","Myxococcales","Myxococcaceae",NA,NA,NA
"2236","sq6279","E10",0.00072677454117136,"E10","TM3 27E1","TM","External",27,0.830019021,0.233,NA,FALSE,"Bacteria","Desulfobacterota","Desulfuromonadia","Desulfuromonadales","C8S-102",NA,NA,NA
"2237","sq953","D1",0.000726696607439802,"D1","SB3 1N1 ","SB","Internal",1,1.016765819,NA,0,FALSE,"Bacteria","Bdellovibrionota","Oligoflexia","Silvanigrellales","Silvanigrellaceae",NA,NA,NA
"2238","sq1599","D2",0.000726415703493252,"D2","SB3 1E2","SB","External",1,0.994590822,NA,0,FALSE,"Bacteria","Myxococcota","Polyangia","Polyangiales","BIrii41",NA,NA,NA
"2239","sq1766","E11",0.000725870007051309,"E11","TM3 28N1","TM","Internal",28,1.477155617,2.427,0.039,FALSE,"Bacteria","Fermentibacterota","Fermentibacteria","Fermentibacterales","Fermentibacteraceae",NA,NA,NA
"2240","sq280","E11",0.000725870007051309,"E11","TM3 28N1","TM","Internal",28,1.477155617,2.427,0.039,FALSE,"Bacteria","Proteobacteria","Alphaproteobacteria","Defluviicoccales","Defluviicoccaceae",NA,NA,NA
"2241","sq4006","D10",0.000725381844262963,"D10","SB4 4E1","SB","External",4,0.947375251,0.459,NA,FALSE,"Bacteria","Dependentiae","Babeliae","Babeliales","Vermiphilaceae",NA,NA,NA
"2242","sq1254","E3",0.000723228793898579,"E3","TM2 22N1","TM","Internal",22,1.027042307,1.612,NA,FALSE,"Bacteria","Proteobacteria","Gammaproteobacteria","Competibacterales","Competibacteraceae",NA,NA,NA
"2243","sq1518","D4",0.000722976379600651,"D4","SB3 2E1","SB","External",2,0.652985075,0.136,NA,FALSE,"Bacteria","Planctomycetota","Planctomycetes","Planctomycetales","Schlesneriaceae",NA,NA,NA
"2244","sq985","E12",0.000721386643476886,"E12","TM3 28E1","TM","External",28,1.516085295,1.023,0,FALSE,"Bacteria","Firmicutes","Clostridia","Christensenellales","Christensenellaceae",NA,NA,NA
"2245","sq1046","D6",0.000721031074436444,"D6","SB3 3E1","SB","External",3,0.711169545,0.121,0,FALSE,"Bacteria","Firmicutes","Clostridia","Peptostreptococcales-Tissierellales","Fusibacteraceae",NA,NA,NA
"2246","sq2046","D11",0.000720886690629474,"D11","SB4 5N1","SB","Internal",5,1.132759402,0.701,0,FALSE,"Bacteria","Fibrobacterota","Fibrobacteria","Fibrobacterales","TG3",NA,NA,NA
"2247","sq104","E8",0.000720869770739778,"E8","TM3 26E1","TM","External",26,1.169004676,NA,0.034,FALSE,"Bacteria","Cyanobacteria","Cyanobacteriia","Phormidesmiales","Nodosilineaceae",NA,NA,NA
"2248","sq343","E8",0.000720869770739778,"E8","TM3 26E1","TM","External",26,1.169004676,NA,0.034,FALSE,"Bacteria","Myxococcota","Polyangia","Nannocystales","Nannocystaceae",NA,NA,NA
"2249","sq630","E9",0.00072032971040922,"E9","TM3 27N1","TM","Internal",27,1.647954829,2.235,NA,FALSE,"Bacteria","Proteobacteria","Alphaproteobacteria","Rhodospirillales","Terasakiellaceae",NA,NA,NA
"2250","sq210","D1",0.000720149791156561,"D1","SB3 1N1 ","SB","Internal",1,1.016765819,NA,0,FALSE,"Bacteria","Calditrichota","Calditrichia","Calditrichales","Calditrichaceae",NA,NA,NA
"2251","sq98","E4",0.00071823945145659,"E4","TM2 22E1","TM","External",22,1.31061599,0.595,NA,FALSE,"Bacteria","Proteobacteria","Gammaproteobacteria","Pseudomonadales","Alcanivoracaceae1",NA,NA,NA
"2252","sq350","E6",0.000718041857616523,"E6","TM2 23E1","TM","External",23,1.016192071,0.102,0,FALSE,"Bacteria","Bacteroidota","Bacteroidia","Cytophagales","Amoebophilaceae",NA,NA,NA
"2253","sq329","D3",0.000716576810209513,"D3","SB3 2N1","SB","Internal",2,0.775372332,0.11,NA,FALSE,"Bacteria","Proteobacteria","Alphaproteobacteria","Kiloniellales","Kiloniellaceae",NA,NA,NA
"2254","sq2644","D8",0.000711514451798252,"D8","SB4 3E1","SB","External",3,0.797997922,NA,0,FALSE,"Bacteria","Proteobacteria","Gammaproteobacteria","Burkholderiales","Comamonadaceae",NA,NA,NA
"2255","sq2158","E12",0.000711504634662134,"E12","TM3 28E1","TM","External",28,1.516085295,1.023,0,FALSE,"Bacteria","Actinobacteriota","Acidimicrobiia","Microtrichales","Microtrichaceae",NA,NA,NA
"2256","sq1818","E12",0.000711504634662134,"E12","TM3 28E1","TM","External",28,1.516085295,1.023,0,FALSE,"Bacteria","Chloroflexi","Anaerolineae","Caldilineales","Caldilineaceae",NA,NA,NA
"2257","sq2114","D6",0.00071101675395816,"D6","SB3 3E1","SB","External",3,0.711169545,0.121,0,FALSE,"Bacteria","Planctomycetota","Phycisphaerae","MSBL9","SG8-4",NA,NA,NA
"2258","sq323","D6",0.00071101675395816,"D6","SB3 3E1","SB","External",3,0.711169545,0.121,0,FALSE,"Bacteria","Campylobacterota","Campylobacteria","Campylobacterales","Sulfurimonadaceae",NA,NA,NA
"2259","sq1300","D11",0.000710874375481843,"D11","SB4 5N1","SB","Internal",5,1.132759402,0.701,0,FALSE,"Bacteria","Deferrisomatota","Defferrisomatia","Defferrisomatales","Defferrisomataceae",NA,NA,NA
"2260","sq953","E8",0.000709052233514536,"E8","TM3 26E1","TM","External",26,1.169004676,NA,0.034,FALSE,"Bacteria","Bdellovibrionota","Oligoflexia","Silvanigrellales","Silvanigrellaceae",NA,NA,NA
"2261","sq440","E4",0.000708662925437169,"E4","TM2 22E1","TM","External",22,1.31061599,0.595,NA,FALSE,"Bacteria","Fusobacteriota","Fusobacteriia","Fusobacteriales","Fusobacteriaceae",NA,NA,NA
"2262","sq1676","E5",0.000708554357609299,"E5","TM2 23N1","TM","Internal",23,1.041089822,0.484,0,FALSE,"Bacteria","Proteobacteria","Alphaproteobacteria","Rhodospirillales","Magnetospiraceae",NA,NA,NA
"2263","sq1473","D7",0.00070250731246248,"D7","SB4 3N1","SB","Internal",3,0.947464318,NA,0,FALSE,"Bacteria","Bacteroidota","Bacteroidia","Sphingobacteriales","Lentimicrobiaceae",NA,NA,NA
"2264","sq446","E12",0.000701622625847382,"E12","TM3 28E1","TM","External",28,1.516085295,1.023,0,FALSE,"Bacteria","Campylobacterota","Campylobacteria","Campylobacterales","Arcobacteraceae",NA,NA,NA
"2265","sq713","E12",0.000701622625847382,"E12","TM3 28E1","TM","External",28,1.516085295,1.023,0,FALSE,"Bacteria","Cyanobacteria","Cyanobacteriia","Synechococcales","Cyanobiaceae",NA,NA,NA
"2266","sq331","D6",0.000701002433479876,"D6","SB3 3E1","SB","External",3,0.711169545,0.121,0,FALSE,"Bacteria","Proteobacteria","Gammaproteobacteria","Pseudomonadales","Marinobacteraceae",NA,NA,NA
"2267","sq2938","D1",0.000700509342306836,"D1","SB3 1N1 ","SB","Internal",1,1.016765819,NA,0,FALSE,"Bacteria","Proteobacteria","Gammaproteobacteria","Francisellales","Francisellaceae",NA,NA,NA
"2268","sq1414","E7",0.000698805237157027,"E7","TM3 26N1","TM","Internal",26,1.910828025,NA,0.056,FALSE,"Bacteria","Cyanobacteria","Cyanobacteriia","Cyanobacteriales","Geitlerinemaceae",NA,NA,NA
"2269","sq280","E7",0.000698805237157027,"E7","TM3 26N1","TM","Internal",26,1.910828025,NA,0.056,FALSE,"Bacteria","Proteobacteria","Alphaproteobacteria","Defluviicoccales","Defluviicoccaceae",NA,NA,NA
"2270","sq1316","E1",0.000697796127231494,"E1","TM2 21N1","TM","Internal",21,0.632675847,NA,0,FALSE,"Bacteria","Firmicutes","Clostridia","Lachnospirales","Lachnospiraceae",NA,NA,NA
"2271","sq1373","E1",0.000697796127231494,"E1","TM2 21N1","TM","Internal",21,0.632675847,NA,0,FALSE,"Bacteria","Verrucomicrobiota","Verrucomicrobiae","Verrucomicrobiales","DEV007",NA,NA,NA
"2272","sq269","E8",0.000697234696289293,"E8","TM3 26E1","TM","External",26,1.169004676,NA,0.034,FALSE,"Bacteria","Desulfobacterota","Desulfuromonadia","Desulfuromonadales","Sva1033",NA,NA,NA
"2273","sq1316","D4",0.000694437838300625,"D4","SB3 2E1","SB","External",2,0.652985075,0.136,NA,FALSE,"Bacteria","Firmicutes","Clostridia","Lachnospirales","Lachnospiraceae",NA,NA,NA
"2274","sq676","D1",0.000693962526023595,"D1","SB3 1N1 ","SB","Internal",1,1.016765819,NA,0,FALSE,"Bacteria","Bacteroidota","Kryptonia","Kryptoniales","MSB-3C8",NA,NA,NA
"2275","sq2415","D5",0.000693321007626531,"D5","SB3 3N1","SB","Internal",3,0.456230396,0,0,FALSE,"Bacteria","Desulfobacterota","Desulfobacteria","Desulfobacterales","Desulfolunaceae",NA,NA,NA
"2276","sq771","D5",0.000693321007626531,"D5","SB3 3N1","SB","Internal",3,0.456230396,0,0,FALSE,"Bacteria","Proteobacteria","Alphaproteobacteria","Rhizobiales","Rhizobiaceae",NA,NA,NA
"2277","sq4181","D10",0.000692780413060133,"D10","SB4 4E1","SB","External",4,0.947375251,0.459,NA,FALSE,"Bacteria","Firmicutes","Bacilli","Alicyclobacillales","Alicyclobacillaceae",NA,NA,NA
"2278","sq1676","E12",0.00069174061703263,"E12","TM3 28E1","TM","External",28,1.516085295,1.023,0,FALSE,"Bacteria","Proteobacteria","Alphaproteobacteria","Rhodospirillales","Magnetospiraceae",NA,NA,NA
"2279","sq2028","D7",0.000689734452235889,"D7","SB4 3N1","SB","Internal",3,0.947464318,NA,0,FALSE,"Bacteria","Verrucomicrobiota","Omnitrophia","Omnitrophales","Omnitrophaceae",NA,NA,NA
"2280","sq2823","D7",0.000689734452235889,"D7","SB4 3N1","SB","Internal",3,0.947464318,NA,0,FALSE,"Bacteria","Proteobacteria","Alphaproteobacteria","Rhizobiales","Stappiaceae",NA,NA,NA
"2281","sq8296","D7",0.000689734452235889,"D7","SB4 3N1","SB","Internal",3,0.947464318,NA,0,FALSE,"Bacteria","Proteobacteria","Magnetococcia","Magnetococcales","Magnetococcaceae",NA,NA,NA
"2282","sq880","E4",0.000689509873398326,"E4","TM2 22E1","TM","External",22,1.31061599,0.595,NA,FALSE,"Bacteria","Proteobacteria","Alphaproteobacteria","Caulobacterales","Parvularculaceae",NA,NA,NA
"2283","sq807","E5",0.000689404239836075,"E5","TM2 23N1","TM","Internal",23,1.041089822,0.484,0,FALSE,"Bacteria","Proteobacteria","Gammaproteobacteria","Thiomicrospirales","Thiomicrospiraceae",NA,NA,NA
"2284","sq610","E7",0.00068909960886318,"E7","TM3 26N1","TM","Internal",26,1.910828025,NA,0.056,FALSE,"Bacteria","Proteobacteria","Gammaproteobacteria","Nitrosococcales","Nitrosococcaceae",NA,NA,NA
"2285","sq331","D1",0.000687415709740353,"D1","SB3 1N1 ","SB","Internal",1,1.016765819,NA,0,FALSE,"Bacteria","Proteobacteria","Gammaproteobacteria","Pseudomonadales","Marinobacteraceae",NA,NA,NA
"2286","sq405","E6",0.000686363540368736,"E6","TM2 23E1","TM","External",23,1.016192071,0.102,0,FALSE,"Bacteria","Firmicutes","Bacilli","Izemoplasmatales","Izemoplasmataceae",NA,NA,NA
"2287","sq1275","E10",0.000685005889379903,"E10","TM3 27E1","TM","External",27,0.830019021,0.233,NA,FALSE,"Bacteria","Spirochaetota","Leptospirae","Leptospirales","Leptospiraceae",NA,NA,NA
"2288","sq1275","E2",0.000684973396122561,"E2","TM2 21E1","TM","External",21,3.767123288,NA,0,FALSE,"Bacteria","Spirochaetota","Leptospirae","Leptospirales","Leptospiraceae",NA,NA,NA
"2289","sq7184","D8",0.000684664849843601,"D8","SB4 3E1","SB","External",3,0.797997922,NA,0,FALSE,"Bacteria","Firmicutes","Clostridia","Clostridiales","Clostridiaceae",NA,NA,NA
"2290","sq1043","E4",0.000679933347378905,"E4","TM2 22E1","TM","External",22,1.31061599,0.595,NA,FALSE,"Bacteria","Actinobacteriota","Actinobacteria","Nitriliruptorales","Nitriliruptoraceae",NA,NA,NA
"2291","sq1010","E10",0.000676652159021611,"E10","TM3 27E1","TM","External",27,0.830019021,0.233,NA,FALSE,"Bacteria","Proteobacteria","Alphaproteobacteria","Rhizobiales","Methyloligellaceae",NA,NA,NA
"2292","sq3643","E10",0.000676652159021611,"E10","TM3 27E1","TM","External",27,0.830019021,0.233,NA,FALSE,"Bacteria","Planctomycetota","Phycisphaerae","MSBL9","SM23-30",NA,NA,NA
"2293","sq75","D4",0.000675412144100608,"D4","SB3 2E1","SB","External",2,0.652985075,0.136,NA,FALSE,"Bacteria","Acidobacteriota","Holophagae","Acanthopleuribacterales","Acanthopleuribacteraceae",NA,NA,NA
"2294","sq3554","E9",0.000674739222408637,"E9","TM3 27N1","TM","Internal",27,1.647954829,2.235,NA,FALSE,"Bacteria","Nitrospirota","Nitrospiria","Nitrospirales","Nitrospiraceae",NA,NA,NA
"2295","sq482","E9",0.000674739222408637,"E9","TM3 27N1","TM","Internal",27,1.647954829,2.235,NA,FALSE,"Bacteria","Proteobacteria","Alphaproteobacteria","Rhizobiales","Hyphomicrobiaceae",NA,NA,NA
"2296","sq171","E11",0.000674022149404787,"E11","TM3 28N1","TM","Internal",28,1.477155617,2.427,0.039,FALSE,"Bacteria","Fibrobacterota","Fibrobacteria","Fibrobacterales","MAT-CR-H6-H10",NA,NA,NA
"2297","sq1100","E8",0.000673599621838809,"E8","TM3 26E1","TM","External",26,1.169004676,NA,0.034,FALSE,"Bacteria","Hydrogenedentes","Hydrogenedentia","Hydrogenedentiales","Hydrogenedensaceae",NA,NA,NA
"2298","sq391","E8",0.000673599621838809,"E8","TM3 26E1","TM","External",26,1.169004676,NA,0.034,FALSE,"Bacteria","Proteobacteria","Gammaproteobacteria","Beggiatoales","Beggiatoaceae",NA,NA,NA
"2299","sq844","E8",0.000673599621838809,"E8","TM3 26E1","TM","External",26,1.169004676,NA,0.034,FALSE,"Bacteria","Proteobacteria","Gammaproteobacteria","Pseudomonadales","Microbulbiferaceae",NA,NA,NA
"2300","sq1300","E2",0.000672741728334658,"E2","TM2 21E1","TM","External",21,3.767123288,NA,0,FALSE,"Bacteria","Deferrisomatota","Defferrisomatia","Defferrisomatales","Defferrisomataceae",NA,NA,NA
"2301","sq65","E2",0.000672741728334658,"E2","TM2 21E1","TM","External",21,3.767123288,NA,0,FALSE,"Bacteria","Cyanobacteria","Cyanobacteriia","Cyanobacteriales","Oscillatoriaceae",NA,NA,NA
"2302","sq198","D6",0.000670959472045024,"D6","SB3 3E1","SB","External",3,0.711169545,0.121,0,FALSE,"Bacteria","Bacteroidota","Bacteroidia","Bacteroidales","ML635J-40 aquatic group",NA,NA,NA
"2303","sq1792","E4",0.000670356821359484,"E4","TM2 22E1","TM","External",22,1.31061599,0.595,NA,FALSE,"Bacteria","Bacteroidota","Bacteroidia","Bacteroidales","Salinivirgaceae",NA,NA,NA
"2304","sq2355","E4",0.000670356821359484,"E4","TM2 22E1","TM","External",22,1.31061599,0.595,NA,FALSE,"Bacteria","Verrucomicrobiota","Lentisphaeria","Victivallales","BD2-3",NA,NA,NA
"2305","sq731","D9",0.000670350871456133,"D9","SB4 4N1","SB","Internal",4,1.337102689,1.856,NA,FALSE,"Bacteria","Myxococcota","Polyangia","Polyangiales","Eel-36e1D6",NA,NA,NA
"2306","sq1046","E1",0.000668721288596848,"E1","TM2 21N1","TM","Internal",21,0.632675847,NA,0,FALSE,"Bacteria","Firmicutes","Clostridia","Peptostreptococcales-Tissierellales","Fusibacteraceae",NA,NA,NA
"2307","sq2066","E1",0.000668721288596848,"E1","TM2 21N1","TM","Internal",21,0.632675847,NA,0,FALSE,"Bacteria","Verrucomicrobiota","Verrucomicrobiae","Pedosphaerales","Pedosphaeraceae",NA,NA,NA
"2308","sq3731","D10",0.000668329339658011,"D10","SB4 4E1","SB","External",4,0.947375251,0.459,NA,FALSE,"Bacteria","Cyanobacteria","Cyanobacteriia","Cyanobacteriales","Xenococcaceae",NA,NA,NA
"2309","sq1818","E3",0.000666873303464923,"E3","TM2 22N1","TM","Internal",22,1.027042307,1.612,NA,FALSE,"Bacteria","Chloroflexi","Anaerolineae","Caldilineales","Caldilineaceae",NA,NA,NA
"2310","sq495","D12",0.000665491354450036,"D12","SB4 5E1","SB","External",5,0.897520783,0.4,0,FALSE,"Bacteria","Acidobacteriota","Thermoanaerobaculia","Thermoanaerobaculales","Thermoanaerobaculaceae",NA,NA,NA
"2311","sq2497","E6",0.000665244662203544,"E6","TM2 23E1","TM","External",23,1.016192071,0.102,0,FALSE,"Bacteria","Latescibacterota","Latescibacteria","Latescibacterales","Latescibacteraceae",NA,NA,NA
"2312","sq2066","D1",0.000661228444607387,"D1","SB3 1N1 ","SB","Internal",1,1.016765819,NA,0,FALSE,"Bacteria","Verrucomicrobiota","Verrucomicrobiae","Pedosphaerales","Pedosphaeraceae",NA,NA,NA
"2313","sq713","D1",0.000661228444607387,"D1","SB3 1N1 ","SB","Internal",1,1.016765819,NA,0,FALSE,"Bacteria","Cyanobacteria","Cyanobacteriia","Synechococcales","Cyanobiaceae",NA,NA,NA
"2314","sq170","D6",0.000660945151566741,"D6","SB3 3E1","SB","External",3,0.711169545,0.121,0,FALSE,"Bacteria","Desulfobacterota","Desulfobacteria","Desulfatiglandales","Desulfatiglandaceae",NA,NA,NA
"2315","sq1513","E4",0.000660780295340062,"E4","TM2 22E1","TM","External",22,1.31061599,0.595,NA,FALSE,"Bacteria","Campylobacterota","Campylobacteria","Campylobacterales","Helicobacteraceae",NA,NA,NA
"2316","sq577","E2",0.000660510060546756,"E2","TM2 21E1","TM","External",21,3.767123288,NA,0,FALSE,"Bacteria","Proteobacteria","Gammaproteobacteria","Thiohalorhabdales","Thiohalorhabdaceae",NA,NA,NA
"2317","sq1254","D10",0.000660178981857304,"D10","SB4 4E1","SB","External",4,0.947375251,0.459,NA,FALSE,"Bacteria","Proteobacteria","Gammaproteobacteria","Competibacterales","Competibacteraceae",NA,NA,NA
"2318","sq676","E7",0.000659982723981637,"E7","TM3 26N1","TM","Internal",26,1.910828025,NA,0.056,FALSE,"Bacteria","Bacteroidota","Kryptonia","Kryptoniales","MSB-3C8",NA,NA,NA
"2319","sq1346","D8",0.00065781524788895,"D8","SB4 3E1","SB","External",3,0.797997922,NA,0,FALSE,"Bacteria","Desulfobacterota","Desulfobulbia","Desulfobulbales","Desulfurivibrionaceae",NA,NA,NA
"2320","sq577","D8",0.00065781524788895,"D8","SB4 3E1","SB","External",3,0.797997922,NA,0,FALSE,"Bacteria","Proteobacteria","Gammaproteobacteria","Thiohalorhabdales","Thiohalorhabdaceae",NA,NA,NA
"2321","sq1346","E3",0.000657480721725981,"E3","TM2 22N1","TM","Internal",22,1.027042307,1.612,NA,FALSE,"Bacteria","Desulfobacterota","Desulfobulbia","Desulfobulbales","Desulfurivibrionaceae",NA,NA,NA
"2322","sq902","D4",0.000656386449900591,"D4","SB3 2E1","SB","External",2,0.652985075,0.136,NA,FALSE,"Bacteria","Proteobacteria","Gammaproteobacteria","Pseudomonadales","Nitrincolaceae",NA,NA,NA
"2323","sq1010","D5",0.000656343887219783,"D5","SB3 3N1","SB","Internal",3,0.456230396,0,0,FALSE,"Bacteria","Proteobacteria","Alphaproteobacteria","Rhizobiales","Methyloligellaceae",NA,NA,NA
"2324","sq3793","D5",0.000656343887219783,"D5","SB3 3N1","SB","Internal",3,0.456230396,0,0,FALSE,"Bacteria","Firmicutes","Clostridia","Lachnospirales","Defluviitaleaceae",NA,NA,NA
"2325","sq495","D5",0.000656343887219783,"D5","SB3 3N1","SB","Internal",3,0.456230396,0,0,FALSE,"Bacteria","Acidobacteriota","Thermoanaerobaculia","Thermoanaerobaculales","Thermoanaerobaculaceae",NA,NA,NA
"2326","sq1367","E6",0.000654685223120948,"E6","TM2 23E1","TM","External",23,1.016192071,0.102,0,FALSE,"Bacteria","Proteobacteria","Alphaproteobacteria","Micavibrionales","Micavibrionaceae",NA,NA,NA
"2327","sq331","E6",0.000654685223120948,"E6","TM2 23E1","TM","External",23,1.016192071,0.102,0,FALSE,"Bacteria","Proteobacteria","Gammaproteobacteria","Pseudomonadales","Marinobacteraceae",NA,NA,NA
"2328","sq75","E6",0.000654685223120948,"E6","TM2 23E1","TM","External",23,1.016192071,0.102,0,FALSE,"Bacteria","Acidobacteriota","Holophagae","Acanthopleuribacterales","Acanthopleuribacteraceae",NA,NA,NA
"2329","sq223","D1",0.000654681628324146,"D1","SB3 1N1 ","SB","Internal",1,1.016765819,NA,0,FALSE,"Bacteria","Proteobacteria","Alphaproteobacteria","Tistrellales","Geminicoccaceae",NA,NA,NA
"2330","sq3215","D2",0.000653774133143927,"D2","SB3 1E2","SB","External",1,0.994590822,NA,0,FALSE,"Bacteria","Proteobacteria","Alphaproteobacteria","Rickettsiales","SM2D12",NA,NA,NA
"2331","sq2581","D10",0.000652028624056596,"D10","SB4 4E1","SB","External",4,0.947375251,0.459,NA,FALSE,"Bacteria","Cyanobacteria","Cyanobacteriia","Thermosynechococcales","Thermosynechococcaceae",NA,NA,NA
"2332","sq1299","E4",0.000651203769320641,"E4","TM2 22E1","TM","External",22,1.31061599,0.595,NA,FALSE,"Bacteria","Proteobacteria","Gammaproteobacteria","Tenderiales","Tenderiaceae",NA,NA,NA
"2333","sq1114","E4",0.000651203769320641,"E4","TM2 22E1","TM","External",22,1.31061599,0.595,NA,FALSE,"Bacteria","Bacteroidota","Bacteroidia","Sphingobacteriales","ST-12K33",NA,NA,NA
"2334","sq3643","E5",0.000651104004289626,"E5","TM2 23N1","TM","Internal",23,1.041089822,0.484,0,FALSE,"Bacteria","Planctomycetota","Phycisphaerae","MSBL9","SM23-30",NA,NA,NA
"2335","sq771","D11",0.000650800484596053,"D11","SB4 5N1","SB","Internal",5,1.132759402,0.701,0,FALSE,"Bacteria","Proteobacteria","Alphaproteobacteria","Rhizobiales","Rhizobiaceae",NA,NA,NA
"2336","sq261","D11",0.000650800484596053,"D11","SB4 5N1","SB","Internal",5,1.132759402,0.701,0,FALSE,"Bacteria","Desulfobacterota","Desulfobacteria","Desulfobacterales","Desulfococcaceae",NA,NA,NA
"2337","sq352","D11",0.000650800484596053,"D11","SB4 5N1","SB","Internal",5,1.132759402,0.701,0,FALSE,"Bacteria","Proteobacteria","Gammaproteobacteria","Enterobacterales","Alteromonadaceae",NA,NA,NA
"2338","sq577","D11",0.000650800484596053,"D11","SB4 5N1","SB","Internal",5,1.132759402,0.701,0,FALSE,"Bacteria","Proteobacteria","Gammaproteobacteria","Thiohalorhabdales","Thiohalorhabdaceae",NA,NA,NA
"2339","sq821","D11",0.000650800484596053,"D11","SB4 5N1","SB","Internal",5,1.132759402,0.701,0,FALSE,"Bacteria","Bacteroidota","Bacteroidia","Flavobacteriales","NS9 marine group",NA,NA,NA
"2340","sq359","E8",0.000649964547388324,"E8","TM3 26E1","TM","External",26,1.169004676,NA,0.034,FALSE,"Bacteria","Myxococcota","Myxococcia","Myxococcales","Myxococcaceae",NA,NA,NA
"2341","sq713","E8",0.000649964547388324,"E8","TM3 26E1","TM","External",26,1.169004676,NA,0.034,FALSE,"Bacteria","Cyanobacteria","Cyanobacteriia","Synechococcales","Cyanobiaceae",NA,NA,NA
"2342","sq1043","E3",0.000648088139987038,"E3","TM2 22N1","TM","Internal",22,1.027042307,1.612,NA,FALSE,"Bacteria","Actinobacteriota","Actinobacteria","Nitriliruptorales","Nitriliruptoraceae",NA,NA,NA
"2343","sq1301","E3",0.000648088139987038,"E3","TM2 22N1","TM","Internal",22,1.027042307,1.612,NA,FALSE,"Bacteria","Modulibacteria","Moduliflexia","Moduliflexales","Moduliflexaceae",NA,NA,NA
"2344","sq2359","E9",0.000647384929608287,"E9","TM3 27N1","TM","Internal",27,1.647954829,2.235,NA,FALSE,"Bacteria","Proteobacteria","Gammaproteobacteria","Enterobacterales","Kangiellaceae",NA,NA,NA
"2345","sq577","D5",0.000647099607118096,"D5","SB3 3N1","SB","Internal",3,0.456230396,0,0,FALSE,"Bacteria","Proteobacteria","Gammaproteobacteria","Thiohalorhabdales","Thiohalorhabdaceae",NA,NA,NA
"2346","sq331","D4",0.000646873602800582,"D4","SB3 2E1","SB","External",2,0.652985075,0.136,NA,FALSE,"Bacteria","Proteobacteria","Gammaproteobacteria","Pseudomonadales","Marinobacteraceae",NA,NA,NA
"2347","sq208","D9",0.000645825839573591,"D9","SB4 4N1","SB","Internal",4,1.337102689,1.856,NA,FALSE,"Bacteria","Planctomycetota","Planctomycetes","Planctomycetales","Gimesiaceae",NA,NA,NA
"2348","sq844","E6",0.000644125784038352,"E6","TM2 23E1","TM","External",23,1.016192071,0.102,0,FALSE,"Bacteria","Proteobacteria","Gammaproteobacteria","Pseudomonadales","Microbulbiferaceae",NA,NA,NA
"2349","sq1299","E12",0.000642330572958871,"E12","TM3 28E1","TM","External",28,1.516085295,1.023,0,FALSE,"Bacteria","Proteobacteria","Gammaproteobacteria","Tenderiales","Tenderiaceae",NA,NA,NA
"2350","sq1719","E12",0.000642330572958871,"E12","TM3 28E1","TM","External",28,1.516085295,1.023,0,FALSE,"Bacteria","Actinobacteriota","Acidimicrobiia","Microtrichales","Ilumatobacteraceae",NA,NA,NA
"2351","sq1818","E4",0.00064162724330122,"E4","TM2 22E1","TM","External",22,1.31061599,0.595,NA,FALSE,"Bacteria","Chloroflexi","Anaerolineae","Caldilineales","Caldilineaceae",NA,NA,NA
"2352","sq614","E4",0.00064162724330122,"E4","TM2 22E1","TM","External",22,1.31061599,0.595,NA,FALSE,"Bacteria","Bacteroidota","Bacteroidia","Flavobacteriales","Crocinitomicaceae",NA,NA,NA
"2353","sq639","E7",0.000640571467393942,"E7","TM3 26N1","TM","Internal",26,1.910828025,NA,0.056,FALSE,"Bacteria","Bdellovibrionota","Oligoflexia","Oligoflexales","Oligoflexaceae",NA,NA,NA
"2354","sq2138","E8",0.000638147010163082,"E8","TM3 26E1","TM","External",26,1.169004676,NA,0.034,FALSE,"Bacteria","Cloacimonadota","Cloacimonadia","Cloacimonadales","MSBL8",NA,NA,NA
"2355","sq3215","D9",0.000637650828946078,"D9","SB4 4N1","SB","Internal",4,1.337102689,1.856,NA,FALSE,"Bacteria","Proteobacteria","Alphaproteobacteria","Rickettsiales","SM2D12",NA,NA,NA
"2356","sq682","D9",0.000637650828946078,"D9","SB4 4N1","SB","Internal",4,1.337102689,1.856,NA,FALSE,"Bacteria","Proteobacteria","Gammaproteobacteria","Pseudomonadales","Saccharospirillaceae",NA,NA,NA
"2357","sq807","D4",0.000637360755700574,"D4","SB3 2E1","SB","External",2,0.652985075,0.136,NA,FALSE,"Bacteria","Proteobacteria","Gammaproteobacteria","Thiomicrospirales","Thiomicrospiraceae",NA,NA,NA
"2358","sq1599","D3",0.000636957164630679,"D3","SB3 2N1","SB","Internal",2,0.775372332,0.11,NA,FALSE,"Bacteria","Myxococcota","Polyangia","Polyangiales","BIrii41",NA,NA,NA
"2359","sq2497","E10",0.000634883507230154,"E10","TM3 27E1","TM","External",27,0.830019021,0.233,NA,FALSE,"Bacteria","Latescibacterota","Latescibacteria","Latescibacterales","Latescibacteraceae",NA,NA,NA
"2360","sq1299","E6",0.000633566344955756,"E6","TM2 23E1","TM","External",23,1.016192071,0.102,0,FALSE,"Bacteria","Proteobacteria","Gammaproteobacteria","Tenderiales","Tenderiaceae",NA,NA,NA
"2361","sq1599","E6",0.000633566344955756,"E6","TM2 23E1","TM","External",23,1.016192071,0.102,0,FALSE,"Bacteria","Myxococcota","Polyangia","Polyangiales","BIrii41",NA,NA,NA
"2362","sq4006","E6",0.000633566344955756,"E6","TM2 23E1","TM","External",23,1.016192071,0.102,0,FALSE,"Bacteria","Dependentiae","Babeliae","Babeliales","Vermiphilaceae",NA,NA,NA
"2363","sq446","E11",0.000632543863287569,"E11","TM3 28N1","TM","Internal",28,1.477155617,2.427,0.039,FALSE,"Bacteria","Campylobacterota","Campylobacteria","Campylobacterales","Arcobacteraceae",NA,NA,NA
"2364","sq1730","E5",0.000631953886516402,"E5","TM2 23N1","TM","Internal",23,1.041089822,0.484,0,FALSE,"Bacteria","Planctomycetota","Phycisphaerae","MSBL9","KCLunmb-38-53",NA,NA,NA
"2365","sq2951","E5",0.000631953886516402,"E5","TM2 23N1","TM","Internal",23,1.041089822,0.484,0,FALSE,"Bacteria","Verrucomicrobiota","Chlamydiae","Chlamydiales","Chlamydiaceae",NA,NA,NA
"2366","sq48","E5",0.000631953886516402,"E5","TM2 23N1","TM","Internal",23,1.041089822,0.484,0,FALSE,"Bacteria","Deinococcota","Deinococci","Deinococcales","Trueperaceae",NA,NA,NA
"2367","sq389","D6",0.000630902190131889,"D6","SB3 3E1","SB","External",3,0.711169545,0.121,0,FALSE,"Bacteria","Bacteroidota","Ignavibacteria","Ignavibacteriales","Melioribacteraceae",NA,NA,NA
"2368","sq389","D11",0.00063077585430079,"D11","SB4 5N1","SB","Internal",5,1.132759402,0.701,0,FALSE,"Bacteria","Bacteroidota","Ignavibacteria","Ignavibacteriales","Melioribacteraceae",NA,NA,NA
"2369","sq610","D2",0.000629560276360819,"D2","SB3 1E2","SB","External",1,0.994590822,NA,0,FALSE,"Bacteria","Proteobacteria","Gammaproteobacteria","Nitrosococcales","Nitrosococcaceae",NA,NA,NA
"2370","sq807","E3",0.000629302976509153,"E3","TM2 22N1","TM","Internal",22,1.027042307,1.612,NA,FALSE,"Bacteria","Proteobacteria","Gammaproteobacteria","Thiomicrospirales","Thiomicrospiraceae",NA,NA,NA
"2371","sq2028","E9",0.000629148734408053,"E9","TM3 27N1","TM","Internal",27,1.647954829,2.235,NA,FALSE,"Bacteria","Verrucomicrobiota","Omnitrophia","Omnitrophales","Omnitrophaceae",NA,NA,NA
"2372","sq2355","D5",0.000628611046914722,"D5","SB3 3N1","SB","Internal",3,0.456230396,0,0,FALSE,"Bacteria","Verrucomicrobiota","Lentisphaeria","Victivallales","BD2-3",NA,NA,NA
"2373","sq405","D1",0.00062849436319118,"D1","SB3 1N1 ","SB","Internal",1,1.016765819,NA,0,FALSE,"Bacteria","Firmicutes","Bacilli","Izemoplasmatales","Izemoplasmataceae",NA,NA,NA
"2374","sq2330","E8",0.00062632947293784,"E8","TM3 26E1","TM","External",26,1.169004676,NA,0.034,FALSE,"Bacteria","Planctomycetota","Phycisphaerae","MSBL9","ST-NAGAB-D1",NA,NA,NA
"2375","sq466","E2",0.000623815057183047,"E2","TM2 21E1","TM","External",21,3.767123288,NA,0,FALSE,"Bacteria","Firmicutes","Clostridia","Oscillospirales","Hungateiclostridiaceae",NA,NA,NA
"2376","sq1300","E6",0.00062300690587316,"E6","TM2 23E1","TM","External",23,1.016192071,0.102,0,FALSE,"Bacteria","Deferrisomatota","Defferrisomatia","Defferrisomatales","Defferrisomataceae",NA,NA,NA
"2377","sq1324","E11",0.000622174291758265,"E11","TM3 28N1","TM","Internal",28,1.477155617,2.427,0.039,FALSE,"Bacteria","Planctomycetota","Phycisphaerae","MSBL9","4572-13",NA,NA,NA
"2378","sq2193","D1",0.000621947546907939,"D1","SB3 1N1 ","SB","Internal",1,1.016765819,NA,0,FALSE,"Bacteria","Campylobacterota","Campylobacteria","Campylobacterales","Rs-M59 termite group",NA,NA,NA
"2379","sq329","D9",0.00062130080769105,"D9","SB4 4N1","SB","Internal",4,1.337102689,1.856,NA,FALSE,"Bacteria","Proteobacteria","Alphaproteobacteria","Kiloniellales","Kiloniellaceae",NA,NA,NA
"2380","sq2114","E9",0.000620030636807936,"E9","TM3 27N1","TM","Internal",27,1.647954829,2.235,NA,FALSE,"Bacteria","Planctomycetota","Phycisphaerae","MSBL9","SG8-4",NA,NA,NA
"2381","sq4006","E3",0.00061991039477021,"E3","TM2 22N1","TM","Internal",22,1.027042307,1.612,NA,FALSE,"Bacteria","Dependentiae","Babeliae","Babeliales","Vermiphilaceae",NA,NA,NA
"2382","sq446","E3",0.00061991039477021,"E3","TM2 22N1","TM","Internal",22,1.027042307,1.612,NA,FALSE,"Bacteria","Campylobacterota","Campylobacteria","Campylobacterales","Arcobacteraceae",NA,NA,NA
"2383","sq314","D5",0.000619366766813034,"D5","SB3 3N1","SB","Internal",3,0.456230396,0,0,FALSE,"Bacteria","Desulfobacterota","Desulfuromonadia","Desulfuromonadales","Geoalkalibacteraceae",NA,NA,NA
"2384","sq4397","D5",0.000619366766813034,"D5","SB3 3N1","SB","Internal",3,0.456230396,0,0,FALSE,"Bacteria","Planctomycetota","Phycisphaerae","MSBL9","L21-RPul-D3",NA,NA,NA
"2385","sq1301","E10",0.000618176046513571,"E10","TM3 27E1","TM","External",27,0.830019021,0.233,NA,FALSE,"Bacteria","Modulibacteria","Moduliflexia","Moduliflexales","Moduliflexaceae",NA,NA,NA
"2386","sq2158","E10",0.000618176046513571,"E10","TM3 27E1","TM","External",27,0.830019021,0.233,NA,FALSE,"Bacteria","Actinobacteriota","Acidimicrobiia","Microtrichales","Microtrichaceae",NA,NA,NA
"2387","sq844","D8",0.000617540844956974,"D8","SB4 3E1","SB","External",3,0.797997922,NA,0,FALSE,"Bacteria","Proteobacteria","Gammaproteobacteria","Pseudomonadales","Microbulbiferaceae",NA,NA,NA
"2388","sq985","D8",0.000617540844956974,"D8","SB4 3E1","SB","External",3,0.797997922,NA,0,FALSE,"Bacteria","Firmicutes","Clostridia","Christensenellales","Christensenellaceae",NA,NA,NA
"2389","sq1254","D9",0.000613125797063536,"D9","SB4 4N1","SB","Internal",4,1.337102689,1.856,NA,FALSE,"Bacteria","Proteobacteria","Gammaproteobacteria","Competibacterales","Competibacteraceae",NA,NA,NA
"2390","sq2581","D9",0.000613125797063536,"D9","SB4 4N1","SB","Internal",4,1.337102689,1.856,NA,FALSE,"Bacteria","Cyanobacteria","Cyanobacteriia","Thermosynechococcales","Thermosynechococcaceae",NA,NA,NA
"2391","sq3360","D7",0.000613097290876346,"D7","SB4 3N1","SB","Internal",3,0.947464318,NA,0,FALSE,"Bacteria","Firmicutes","Clostridia","Peptostreptococcales-Tissierellales","Peptostreptococcaceae",NA,NA,NA
"2392","sq1103","E4",0.000612897665242956,"E4","TM2 22E1","TM","External",22,1.31061599,0.595,NA,FALSE,"Bacteria","Proteobacteria","Gammaproteobacteria","Pseudomonadales","Cellvibrionaceae",NA,NA,NA
"2393","sq1043","E5",0.000612803768743178,"E5","TM2 23N1","TM","Internal",23,1.041089822,0.484,0,FALSE,"Bacteria","Actinobacteriota","Actinobacteria","Nitriliruptorales","Nitriliruptoraceae",NA,NA,NA
"2394","sq1103","E2",0.000611583389395144,"E2","TM2 21E1","TM","External",21,3.767123288,NA,0,FALSE,"Bacteria","Proteobacteria","Gammaproteobacteria","Pseudomonadales","Cellvibrionaceae",NA,NA,NA
"2395","sq104","E7",0.000611454582512399,"E7","TM3 26N1","TM","Internal",26,1.910828025,NA,0.056,FALSE,"Bacteria","Cyanobacteria","Cyanobacteriia","Phormidesmiales","Nodosilineaceae",NA,NA,NA
"2396","sq1100","E7",0.000611454582512399,"E7","TM3 26N1","TM","Internal",26,1.910828025,NA,0.056,FALSE,"Bacteria","Hydrogenedentes","Hydrogenedentia","Hydrogenedentiales","Hydrogenedensaceae",NA,NA,NA
"2397","sq482","E7",0.000611454582512399,"E7","TM3 26N1","TM","Internal",26,1.910828025,NA,0.056,FALSE,"Bacteria","Proteobacteria","Alphaproteobacteria","Rhizobiales","Hyphomicrobiaceae",NA,NA,NA
"2398","sq1676","D10",0.000611276835053059,"D10","SB4 4E1","SB","External",4,0.947375251,0.459,NA,FALSE,"Bacteria","Proteobacteria","Alphaproteobacteria","Rhodospirillales","Magnetospiraceae",NA,NA,NA
"2399","sq2047","D11",0.000610751224005527,"D11","SB4 5N1","SB","Internal",5,1.132759402,0.701,0,FALSE,"Bacteria","Proteobacteria","Gammaproteobacteria","Pseudomonadales","OM182 clade",NA,NA,NA
"2400","sq222","E1",0.000610571611327557,"E1","TM2 21N1","TM","Internal",21,0.632675847,NA,0,FALSE,"Bacteria","Proteobacteria","Gammaproteobacteria","Enterobacterales","Vibrionaceae",NA,NA,NA
"2401","sq630","E3",0.000610517813031268,"E3","TM2 22N1","TM","Internal",22,1.027042307,1.612,NA,FALSE,"Bacteria","Proteobacteria","Alphaproteobacteria","Rhodospirillales","Terasakiellaceae",NA,NA,NA
"2402","sq2066","D5",0.000610122486711347,"D5","SB3 3N1","SB","Internal",3,0.456230396,0,0,FALSE,"Bacteria","Verrucomicrobiota","Verrucomicrobiae","Pedosphaerales","Pedosphaeraceae",NA,NA,NA
"2403","sq534","D4",0.000608822214400548,"D4","SB3 2E1","SB","External",2,0.652985075,0.136,NA,FALSE,"Bacteria","Cyanobacteria","Cyanobacteriia","Cyanobacteriales","Paraspirulinaceae",NA,NA,NA
"2404","sq2823","D2",0.00060534641957771,"D2","SB3 1E2","SB","External",1,0.994590822,NA,0,FALSE,"Bacteria","Proteobacteria","Alphaproteobacteria","Rhizobiales","Stappiaceae",NA,NA,NA
"2405","sq2046","D9",0.000604950786436022,"D9","SB4 4N1","SB","Internal",4,1.337102689,1.856,NA,FALSE,"Bacteria","Fibrobacterota","Fibrobacteria","Fibrobacterales","TG3",NA,NA,NA
"2406","sq2066","D8",0.000604116043979648,"D8","SB4 3E1","SB","External",3,0.797997922,NA,0,FALSE,"Bacteria","Verrucomicrobiota","Verrucomicrobiae","Pedosphaerales","Pedosphaeraceae",NA,NA,NA
"2407","sq1324","E9",0.000601794441607703,"E9","TM3 27N1","TM","Internal",27,1.647954829,2.235,NA,FALSE,"Bacteria","Planctomycetota","Phycisphaerae","MSBL9","4572-13",NA,NA,NA
"2408","sq350","E10",0.000601468585796988,"E10","TM3 27E1","TM","External",27,0.830019021,0.233,NA,FALSE,"Bacteria","Bacteroidota","Bacteroidia","Cytophagales","Amoebophilaceae",NA,NA,NA
"2409","sq880","E10",0.000601468585796988,"E10","TM3 27E1","TM","External",27,0.830019021,0.233,NA,FALSE,"Bacteria","Proteobacteria","Alphaproteobacteria","Caulobacterales","Parvularculaceae",NA,NA,NA
"2410","sq1010","E11",0.000601435148699656,"E11","TM3 28N1","TM","Internal",28,1.477155617,2.427,0.039,FALSE,"Bacteria","Proteobacteria","Alphaproteobacteria","Rhizobiales","Methyloligellaceae",NA,NA,NA
"2411","sq902","D6",0.000600859228697037,"D6","SB3 3E1","SB","External",3,0.711169545,0.121,0,FALSE,"Bacteria","Proteobacteria","Gammaproteobacteria","Pseudomonadales","Nitrincolaceae",NA,NA,NA
"2412","sq6","E2",0.000599351721607241,"E2","TM2 21E1","TM","External",21,3.767123288,NA,0,FALSE,"Bacteria","Cyanobacteria","Cyanobacteriia","Cyanobacteriales","Desertifilaceae",NA,NA,NA
"2413","sq816","D2",0.000597275133983341,"D2","SB3 1E2","SB","External",1,0.994590822,NA,0,FALSE,"Bacteria","Proteobacteria","Alphaproteobacteria","Rhodospirillales","Rhodospirillaceae",NA,NA,NA
"2414","sq747","D10",0.000594976119451644,"D10","SB4 4E1","SB","External",4,0.947375251,0.459,NA,FALSE,"Bacteria","Verrucomicrobiota","Kiritimatiellae","Kiritimatiellales","Kiritimatiellaceae",NA,NA,NA
"2415","sq731","E10",0.000593114855438696,"E10","TM3 27E1","TM","External",27,0.830019021,0.233,NA,FALSE,"Bacteria","Myxococcota","Polyangia","Polyangiales","Eel-36e1D6",NA,NA,NA
"2416","sq821","E10",0.000593114855438696,"E10","TM3 27E1","TM","External",27,0.830019021,0.233,NA,FALSE,"Bacteria","Bacteroidota","Bacteroidia","Flavobacteriales","NS9 marine group",NA,NA,NA
"2417","sq1010","E7",0.000592043325924704,"E7","TM3 26N1","TM","Internal",26,1.910828025,NA,0.056,FALSE,"Bacteria","Proteobacteria","Alphaproteobacteria","Rhizobiales","Methyloligellaceae",NA,NA,NA
"2418","sq3931","E6",0.000591328588625372,"E6","TM2 23E1","TM","External",23,1.016192071,0.102,0,FALSE,"Bacteria","Bacteroidota","Bacteroidia","Sphingobacteriales","SBYC-2600",NA,NA,NA
"2419","sq1275","E11",0.000591065577170351,"E11","TM3 28N1","TM","Internal",28,1.477155617,2.427,0.039,FALSE,"Bacteria","Spirochaetota","Leptospirae","Leptospirales","Leptospiraceae",NA,NA,NA
"2420","sq1794","E11",0.000591065577170351,"E11","TM3 28N1","TM","Internal",28,1.477155617,2.427,0.039,FALSE,"Bacteria","Desulfobacterota","Desulfarculia","Desulfarculales","Desulfarculaceae",NA,NA,NA
"2421","sq2066","D4",0.000589796520200531,"D4","SB3 2E1","SB","External",2,0.652985075,0.136,NA,FALSE,"Bacteria","Verrucomicrobiota","Verrucomicrobiae","Pedosphaerales","Pedosphaeraceae",NA,NA,NA
"2422","sq2536","D4",0.000589796520200531,"D4","SB3 2E1","SB","External",2,0.652985075,0.136,NA,FALSE,"Bacteria","Planctomycetota","Planctomycetes","Gemmatales","Gemmataceae",NA,NA,NA
"2423","sq4372","D4",0.000589796520200531,"D4","SB3 2E1","SB","External",2,0.652985075,0.136,NA,FALSE,"Bacteria","Firmicutes","Clostridia","Peptostreptococcales-Tissierellales","Caminicellaceae",NA,NA,NA
"2424","sq165","D1",0.000589213465491731,"D1","SB3 1N1 ","SB","Internal",1,1.016765819,NA,0,FALSE,"Bacteria","Proteobacteria","Gammaproteobacteria","Chromatiales","Sedimenticolaceae",NA,NA,NA
"2425","sq2645","D1",0.000589213465491731,"D1","SB3 1N1 ","SB","Internal",1,1.016765819,NA,0,FALSE,"Bacteria","Proteobacteria","Gammaproteobacteria","Pseudomonadales","Spongiibacteraceae",NA,NA,NA
"2426","sq49","E2",0.000587120053819338,"E2","TM2 21E1","TM","External",21,3.767123288,NA,0,FALSE,"Bacteria","Cyanobacteria","Cyanobacteriia","Cyanobacteriales","Phormidiaceae",NA,NA,NA
"2427","sq2497","E12",0.00058303852007036,"E12","TM3 28E1","TM","External",28,1.516085295,1.023,0,FALSE,"Bacteria","Latescibacterota","Latescibacteria","Latescibacterales","Latescibacteraceae",NA,NA,NA
"2428","sq807","D5",0.000582389646406286,"D5","SB3 3N1","SB","Internal",3,0.456230396,0,0,FALSE,"Bacteria","Proteobacteria","Gammaproteobacteria","Thiomicrospirales","Thiomicrospiraceae",NA,NA,NA
"2429","sq731","E3",0.00058234006781444,"E3","TM2 22N1","TM","Internal",22,1.027042307,1.612,NA,FALSE,"Bacteria","Myxococcota","Polyangia","Polyangiales","Eel-36e1D6",NA,NA,NA
"2430","sq98","E7",0.000582337697630856,"E7","TM3 26N1","TM","Internal",26,1.910828025,NA,0.056,FALSE,"Bacteria","Proteobacteria","Gammaproteobacteria","Pseudomonadales","Alcanivoracaceae1",NA,NA,NA
"2431","sq1103","E1",0.000581496772692912,"E1","TM2 21N1","TM","Internal",21,0.632675847,NA,0,FALSE,"Bacteria","Proteobacteria","Gammaproteobacteria","Pseudomonadales","Cellvibrionaceae",NA,NA,NA
"2432","sq1534","E1",0.000581496772692912,"E1","TM2 21N1","TM","Internal",21,0.632675847,NA,0,FALSE,"Bacteria","Sumerlaeota","Sumerlaeia","Sumerlaeales","Sumerlaeaceae",NA,NA,NA
"2433","sq1730","E1",0.000581496772692912,"E1","TM2 21N1","TM","Internal",21,0.632675847,NA,0,FALSE,"Bacteria","Planctomycetota","Phycisphaerae","MSBL9","KCLunmb-38-53",NA,NA,NA
"2434","sq2330","E1",0.000581496772692912,"E1","TM2 21N1","TM","Internal",21,0.632675847,NA,0,FALSE,"Bacteria","Planctomycetota","Phycisphaerae","MSBL9","ST-NAGAB-D1",NA,NA,NA
"2435","sq2536","D2",0.000581132562794602,"D2","SB3 1E2","SB","External",1,0.994590822,NA,0,FALSE,"Bacteria","Planctomycetota","Planctomycetes","Gemmatales","Gemmataceae",NA,NA,NA
"2436","sq731","E6",0.000580769149542776,"E6","TM2 23E1","TM","External",23,1.016192071,0.102,0,FALSE,"Bacteria","Myxococcota","Polyangia","Polyangiales","Eel-36e1D6",NA,NA,NA
"2437","sq183","D11",0.000580714278562632,"D11","SB4 5N1","SB","Internal",5,1.132759402,0.701,0,FALSE,"Bacteria","Proteobacteria","Gammaproteobacteria","Ectothiorhodospirales","Ectothiorhodospiraceae",NA,NA,NA
"2438","sq442","D11",0.000580714278562632,"D11","SB4 5N1","SB","Internal",5,1.132759402,0.701,0,FALSE,"Bacteria","Bacteroidota","Bacteroidia","Flavobacteriales","Schleiferiaceae",NA,NA,NA
"2439","sq49","E11",0.000580696005641047,"E11","TM3 28N1","TM","Internal",28,1.477155617,2.427,0.039,FALSE,"Bacteria","Cyanobacteria","Cyanobacteriia","Cyanobacteriales","Phormidiaceae",NA,NA,NA
"2440","sq880","E11",0.000580696005641047,"E11","TM3 28N1","TM","Internal",28,1.477155617,2.427,0.039,FALSE,"Bacteria","Proteobacteria","Alphaproteobacteria","Caulobacterales","Parvularculaceae",NA,NA,NA
"2441","sq2028","D9",0.000580425754553481,"D9","SB4 4N1","SB","Internal",4,1.337102689,1.856,NA,FALSE,"Bacteria","Verrucomicrobiota","Omnitrophia","Omnitrophales","Omnitrophaceae",NA,NA,NA
"2442","sq280","D9",0.000580425754553481,"D9","SB4 4N1","SB","Internal",4,1.337102689,1.856,NA,FALSE,"Bacteria","Proteobacteria","Alphaproteobacteria","Defluviicoccales","Defluviicoccaceae",NA,NA,NA
"2443","sq989","D4",0.000580283673100522,"D4","SB3 2E1","SB","External",2,0.652985075,0.136,NA,FALSE,"Bacteria","Myxococcota","Polyangia","Haliangiales","Haliangiaceae",NA,NA,NA
"2444","sq75","E8",0.000579059324036871,"E8","TM3 26E1","TM","External",26,1.169004676,NA,0.034,FALSE,"Bacteria","Acidobacteriota","Holophagae","Acanthopleuribacterales","Acanthopleuribacteraceae",NA,NA,NA
"2445","sq985","E8",0.000579059324036871,"E8","TM3 26E1","TM","External",26,1.169004676,NA,0.034,FALSE,"Bacteria","Firmicutes","Clostridia","Christensenellales","Christensenellaceae",NA,NA,NA
"2446","sq2536","E2",0.000574888386031435,"E2","TM2 21E1","TM","External",21,3.767123288,NA,0,FALSE,"Bacteria","Planctomycetota","Planctomycetes","Gemmatales","Gemmataceae",NA,NA,NA
"2447","sq405","E2",0.000574888386031435,"E2","TM2 21E1","TM","External",21,3.767123288,NA,0,FALSE,"Bacteria","Firmicutes","Bacilli","Izemoplasmatales","Izemoplasmataceae",NA,NA,NA
"2448","sq2497","E4",0.000574591561165272,"E4","TM2 22E1","TM","External",22,1.31061599,0.595,NA,FALSE,"Bacteria","Latescibacterota","Latescibacteria","Latescibacterales","Latescibacteraceae",NA,NA,NA
"2449","sq331","E5",0.000574503533196729,"E5","TM2 23N1","TM","Internal",23,1.041089822,0.484,0,FALSE,"Bacteria","Proteobacteria","Gammaproteobacteria","Pseudomonadales","Marinobacteraceae",NA,NA,NA
"2450","sq821","D5",0.000573145366304599,"D5","SB3 3N1","SB","Internal",3,0.456230396,0,0,FALSE,"Bacteria","Bacteroidota","Bacteroidia","Flavobacteriales","NS9 marine group",NA,NA,NA
"2451","sq844","E7",0.000572632069337009,"E7","TM3 26N1","TM","Internal",26,1.910828025,NA,0.056,FALSE,"Bacteria","Proteobacteria","Gammaproteobacteria","Pseudomonadales","Microbulbiferaceae",NA,NA,NA
"2452","sq577","D9",0.000572250743925967,"D9","SB4 4N1","SB","Internal",4,1.337102689,1.856,NA,FALSE,"Bacteria","Proteobacteria","Gammaproteobacteria","Thiohalorhabdales","Thiohalorhabdaceae",NA,NA,NA
"2453","sq600","E8",0.000567241786811628,"E8","TM3 26E1","TM","External",26,1.169004676,NA,0.034,FALSE,"Bacteria","Proteobacteria","Gammaproteobacteria","Enterobacterales","Colwelliaceae",NA,NA,NA
"2454","sq639","E8",0.000567241786811628,"E8","TM3 26E1","TM","External",26,1.169004676,NA,0.034,FALSE,"Bacteria","Bdellovibrionota","Oligoflexia","Oligoflexales","Oligoflexaceae",NA,NA,NA
"2455","sq3001","E9",0.000565322051207236,"E9","TM3 27N1","TM","Internal",27,1.647954829,2.235,NA,FALSE,"Bacteria","Proteobacteria","Gammaproteobacteria","Coxiellales","Coxiellaceae",NA,NA,NA
"2456","sq578","E9",0.000565322051207236,"E9","TM3 27N1","TM","Internal",27,1.647954829,2.235,NA,FALSE,"Bacteria","Fibrobacterota","Fibrobacteria","Fibrobacterales","Fibrobacteraceae",NA,NA,NA
"2457","sq1730","E4",0.000565015035145851,"E4","TM2 22E1","TM","External",22,1.31061599,0.595,NA,FALSE,"Bacteria","Planctomycetota","Phycisphaerae","MSBL9","KCLunmb-38-53",NA,NA,NA
"2458","sq747","D9",0.000564075733298453,"D9","SB4 4N1","SB","Internal",4,1.337102689,1.856,NA,FALSE,"Bacteria","Verrucomicrobiota","Kiritimatiellae","Kiritimatiellales","Kiritimatiellaceae",NA,NA,NA
"2459","sq243","D5",0.000563901086202912,"D5","SB3 3N1","SB","Internal",3,0.456230396,0,0,FALSE,"Bacteria","Proteobacteria","Gammaproteobacteria","Pseudomonadales","Pseudohongiellaceae",NA,NA,NA
"2460","sq771","D8",0.000563841641047671,"D8","SB4 3E1","SB","External",3,0.797997922,NA,0,FALSE,"Bacteria","Proteobacteria","Alphaproteobacteria","Rhizobiales","Rhizobiaceae",NA,NA,NA
"2461","sq989","D8",0.000563841641047671,"D8","SB4 3E1","SB","External",3,0.797997922,NA,0,FALSE,"Bacteria","Myxococcota","Polyangia","Haliangiales","Haliangiaceae",NA,NA,NA
"2462","sq600","E12",0.000563274502440856,"E12","TM3 28E1","TM","External",28,1.516085295,1.023,0,FALSE,"Bacteria","Proteobacteria","Gammaproteobacteria","Enterobacterales","Colwelliaceae",NA,NA,NA
"2463","sq1367","E7",0.000562926441043161,"E7","TM3 26N1","TM","Internal",26,1.910828025,NA,0.056,FALSE,"Bacteria","Proteobacteria","Alphaproteobacteria","Micavibrionales","Micavibrionaceae",NA,NA,NA
"2464","sq48","E2",0.000562656718243532,"E2","TM2 21E1","TM","External",21,3.767123288,NA,0,FALSE,"Bacteria","Deinococcota","Deinococci","Deinococcales","Trueperaceae",NA,NA,NA
"2465","sq2280","D10",0.000562374688248814,"D10","SB4 4E1","SB","External",4,0.947375251,0.459,NA,FALSE,"Bacteria","Proteobacteria","Gammaproteobacteria","Ectothiorhodospirales","Thioalkalispiraceae",NA,NA,NA
"2466","sq989","D7",0.000562005849969984,"D7","SB4 3N1","SB","Internal",3,0.947464318,NA,0,FALSE,"Bacteria","Myxococcota","Polyangia","Haliangiales","Haliangiaceae",NA,NA,NA
"2467","sq953","D4",0.000561257978900505,"D4","SB3 2E1","SB","External",2,0.652985075,0.136,NA,FALSE,"Bacteria","Bdellovibrionota","Oligoflexia","Silvanigrellales","Silvanigrellaceae",NA,NA,NA
"2468","sq3215","D12",0.000560413772168451,"D12","SB4 5E1","SB","External",5,0.897520783,0.4,0,FALSE,"Bacteria","Proteobacteria","Alphaproteobacteria","Rickettsiales","SM2D12",NA,NA,NA
"2469","sq771","D12",0.000560413772168451,"D12","SB4 5E1","SB","External",5,0.897520783,0.4,0,FALSE,"Bacteria","Proteobacteria","Alphaproteobacteria","Rhizobiales","Rhizobiaceae",NA,NA,NA
"2470","sq1557","E6",0.000559650271377584,"E6","TM2 23E1","TM","External",23,1.016192071,0.102,0,FALSE,"Bacteria","Bacteroidota","Ignavibacteria","Ignavibacteriales","Ignavibacteriaceae",NA,NA,NA
"2471","sq4540","E9",0.000556203953607119,"E9","TM3 27N1","TM","Internal",27,1.647954829,2.235,NA,FALSE,"Bacteria","Bacteroidota","Bacteroidia","Bacteroidales","Bacteroidetes vadinHA17",NA,NA,NA
"2472","sq14","E4",0.000555438509126429,"E4","TM2 22E1","TM","External",22,1.31061599,0.595,NA,FALSE,"Bacteria","Cyanobacteria","Cyanobacteriia","Phormidesmiales","Phormidesmiaceae",NA,NA,NA
"2473","sq682","E8",0.000555424249586386,"E8","TM3 26E1","TM","External",26,1.169004676,NA,0.034,FALSE,"Bacteria","Proteobacteria","Gammaproteobacteria","Pseudomonadales","Saccharospirillaceae",NA,NA,NA
"2474","sq405","E5",0.000555353415423505,"E5","TM2 23N1","TM","Internal",23,1.041089822,0.484,0,FALSE,"Bacteria","Firmicutes","Bacilli","Izemoplasmatales","Izemoplasmataceae",NA,NA,NA
"2475","sq902","E5",0.000555353415423505,"E5","TM2 23N1","TM","Internal",23,1.041089822,0.484,0,FALSE,"Bacteria","Proteobacteria","Gammaproteobacteria","Pseudomonadales","Nitrincolaceae",NA,NA,NA
"2476","sq1719","D10",0.000554224330448107,"D10","SB4 4E1","SB","External",4,0.947375251,0.459,NA,FALSE,"Bacteria","Actinobacteriota","Acidimicrobiia","Microtrichales","Ilumatobacteraceae",NA,NA,NA
"2477","sq1103","E12",0.000553392493626104,"E12","TM3 28E1","TM","External",28,1.516085295,1.023,0,FALSE,"Bacteria","Proteobacteria","Gammaproteobacteria","Pseudomonadales","Cellvibrionaceae",NA,NA,NA
"2478","sq2046","E7",0.000553220812749313,"E7","TM3 26N1","TM","Internal",26,1.910828025,NA,0.056,FALSE,"Bacteria","Fibrobacterota","Fibrobacteria","Fibrobacterales","TG3",NA,NA,NA
"2479","sq198","D2",0.000548847420417124,"D2","SB3 1E2","SB","External",1,0.994590822,NA,0,FALSE,"Bacteria","Bacteroidota","Bacteroidia","Bacteroidales","ML635J-40 aquatic group",NA,NA,NA
"2480","sq1513","D9",0.000547725712043426,"D9","SB4 4N1","SB","Internal",4,1.337102689,1.856,NA,FALSE,"Bacteria","Campylobacterota","Campylobacteria","Campylobacterales","Helicobacteraceae",NA,NA,NA
"2481","sq1818","E9",0.000547085856007003,"E9","TM3 27N1","TM","Internal",27,1.647954829,2.235,NA,FALSE,"Bacteria","Chloroflexi","Anaerolineae","Caldilineales","Caldilineaceae",NA,NA,NA
"2482","sq378","E9",0.000547085856007003,"E9","TM3 27N1","TM","Internal",27,1.647954829,2.235,NA,FALSE,"Bacteria","Proteobacteria","Gammaproteobacteria","Enterobacterales","Pseudoalteromonadaceae",NA,NA,NA
"2483","sq2037","D10",0.000546073972647399,"D10","SB4 4E1","SB","External",4,0.947375251,0.459,NA,FALSE,"Bacteria","Acidobacteriota","Blastocatellia","Blastocatellales","Blastocatellaceae",NA,NA,NA
"2484","sq771","D10",0.000546073972647399,"D10","SB4 4E1","SB","External",4,0.947375251,0.459,NA,FALSE,"Bacteria","Proteobacteria","Alphaproteobacteria","Rhizobiales","Rhizobiaceae",NA,NA,NA
"2485","sq1010","D3",0.000545963283969153,"D3","SB3 2N1","SB","Internal",2,0.775372332,0.11,NA,FALSE,"Bacteria","Proteobacteria","Alphaproteobacteria","Rhizobiales","Methyloligellaceae",NA,NA,NA
"2486","sq2497","D5",0.000545412525999538,"D5","SB3 3N1","SB","Internal",3,0.456230396,0,0,FALSE,"Bacteria","Latescibacterota","Latescibacteria","Latescibacterales","Latescibacteraceae",NA,NA,NA
"2487","sq4594","D5",0.000545412525999538,"D5","SB3 3N1","SB","Internal",3,0.456230396,0,0,FALSE,"Bacteria","Firmicutes","Bacilli","Erysipelotrichales","Erysipelotrichaceae",NA,NA,NA
"2488","sq2293","E8",0.000543606712361144,"E8","TM3 26E1","TM","External",26,1.169004676,NA,0.034,FALSE,"Bacteria","Thermotogota","Thermotogae","Petrotogales","Petrotogaceae",NA,NA,NA
"2489","sq610","E8",0.000543606712361144,"E8","TM3 26E1","TM","External",26,1.169004676,NA,0.034,FALSE,"Bacteria","Proteobacteria","Gammaproteobacteria","Nitrosococcales","Nitrosococcaceae",NA,NA,NA
"2490","sq682","E7",0.000543515184455466,"E7","TM3 26N1","TM","Internal",26,1.910828025,NA,0.056,FALSE,"Bacteria","Proteobacteria","Gammaproteobacteria","Pseudomonadales","Saccharospirillaceae",NA,NA,NA
"2491","sq1010","E12",0.000543510484811353,"E12","TM3 28E1","TM","External",28,1.516085295,1.023,0,FALSE,"Bacteria","Proteobacteria","Alphaproteobacteria","Rhizobiales","Methyloligellaceae",NA,NA,NA
"2492","sq222","E12",0.000543510484811353,"E12","TM3 28E1","TM","External",28,1.516085295,1.023,0,FALSE,"Bacteria","Proteobacteria","Gammaproteobacteria","Enterobacterales","Vibrionaceae",NA,NA,NA
"2493","sq3467","D4",0.000542232284700488,"D4","SB3 2E1","SB","External",2,0.652985075,0.136,NA,FALSE,"Bacteria","Bacteroidota","Bacteroidia","Bacteroidales","Marinilabiliaceae",NA,NA,NA
"2494","sq66","D4",0.000542232284700488,"D4","SB3 2E1","SB","External",2,0.652985075,0.136,NA,FALSE,"Bacteria","Bacteroidota","Bacteroidia","Bacteroidales","Prolixibacteraceae",NA,NA,NA
"2495","sq1301","D6",0.000540773305827333,"D6","SB3 3E1","SB","External",3,0.711169545,0.121,0,FALSE,"Bacteria","Modulibacteria","Moduliflexia","Moduliflexales","Moduliflexaceae",NA,NA,NA
"2496","sq2634","E6",0.000538531393212393,"E6","TM2 23E1","TM","External",23,1.016192071,0.102,0,FALSE,"Bacteria","Proteobacteria","Gammaproteobacteria","Legionellales","Legionellaceae",NA,NA,NA
"2497","sq2028","E6",0.000538531393212393,"E6","TM2 23E1","TM","External",23,1.016192071,0.102,0,FALSE,"Bacteria","Verrucomicrobiota","Omnitrophia","Omnitrophales","Omnitrophaceae",NA,NA,NA
"2498","sq2634","E2",0.000538193382667727,"E2","TM2 21E1","TM","External",21,3.767123288,NA,0,FALSE,"Bacteria","Proteobacteria","Gammaproteobacteria","Legionellales","Legionellaceae",NA,NA,NA
"2499","sq5697","E2",0.000538193382667727,"E2","TM2 21E1","TM","External",21,3.767123288,NA,0,FALSE,"Bacteria","Proteobacteria","Gammaproteobacteria","Acidiferrobacterales","Acidiferrobacteraceae",NA,NA,NA
"2500","sq610","D1",0.0005368389352258,"D1","SB3 1N1 ","SB","Internal",1,1.016765819,NA,0,FALSE,"Bacteria","Proteobacteria","Gammaproteobacteria","Nitrosococcales","Nitrosococcaceae",NA,NA,NA
"2501","sq2581","D7",0.000536460129516803,"D7","SB4 3N1","SB","Internal",3,0.947464318,NA,0,FALSE,"Bacteria","Cyanobacteria","Cyanobacteriia","Thermosynechococcales","Thermosynechococcaceae",NA,NA,NA
"2502","sq350","E5",0.000536203297650281,"E5","TM2 23N1","TM","Internal",23,1.041089822,0.484,0,FALSE,"Bacteria","Bacteroidota","Bacteroidia","Cytophagales","Amoebophilaceae",NA,NA,NA
"2503","sq391","E5",0.000536203297650281,"E5","TM2 23N1","TM","Internal",23,1.041089822,0.484,0,FALSE,"Bacteria","Proteobacteria","Gammaproteobacteria","Beggiatoales","Beggiatoaceae",NA,NA,NA
"2504","sq1719","D5",0.000536168245897851,"D5","SB3 3N1","SB","Internal",3,0.456230396,0,0,FALSE,"Bacteria","Actinobacteriota","Acidimicrobiia","Microtrichales","Ilumatobacteraceae",NA,NA,NA
"2505","sq2454","E3",0.000535377159119727,"E3","TM2 22N1","TM","Internal",22,1.027042307,1.612,NA,FALSE,"Bacteria","Proteobacteria","Alphaproteobacteria","Alphaproteobacteria Incertae Sedis","Unknown Family",NA,NA,NA
"2506","sq48","E3",0.000535377159119727,"E3","TM2 22N1","TM","Internal",22,1.027042307,1.612,NA,FALSE,"Bacteria","Deinococcota","Deinococci","Deinococcales","Trueperaceae",NA,NA,NA
"2507","sq600","E10",0.000534638742930656,"E10","TM3 27E1","TM","External",27,0.830019021,0.233,NA,FALSE,"Bacteria","Proteobacteria","Gammaproteobacteria","Enterobacterales","Colwelliaceae",NA,NA,NA
"2508","sq2066","D3",0.000534589048886462,"D3","SB3 2N1","SB","Internal",2,0.775372332,0.11,NA,FALSE,"Bacteria","Verrucomicrobiota","Verrucomicrobiae","Pedosphaerales","Pedosphaeraceae",NA,NA,NA
"2509","sq329","D4",0.000532719437600479,"D4","SB3 2E1","SB","External",2,0.652985075,0.136,NA,FALSE,"Bacteria","Proteobacteria","Alphaproteobacteria","Kiloniellales","Kiloniellaceae",NA,NA,NA
"2510","sq378","D2",0.000532704849228385,"D2","SB3 1E2","SB","External",1,0.994590822,NA,0,FALSE,"Bacteria","Proteobacteria","Gammaproteobacteria","Enterobacterales","Pseudoalteromonadaceae",NA,NA,NA
"2511","sq1046","E8",0.000531789175135902,"E8","TM3 26E1","TM","External",26,1.169004676,NA,0.034,FALSE,"Bacteria","Firmicutes","Clostridia","Peptostreptococcales-Tissierellales","Fusibacteraceae",NA,NA,NA
"2512","sq1818","D11",0.000530652702824474,"D11","SB4 5N1","SB","Internal",5,1.132759402,0.701,0,FALSE,"Bacteria","Chloroflexi","Anaerolineae","Caldilineales","Caldilineaceae",NA,NA,NA
"2513","sq2355","D1",0.000530292118942558,"D1","SB3 1N1 ","SB","Internal",1,1.016765819,NA,0,FALSE,"Bacteria","Verrucomicrobiota","Lentisphaeria","Victivallales","BD2-3",NA,NA,NA
"2514","sq283","D1",0.000530292118942558,"D1","SB3 1N1 ","SB","Internal",1,1.016765819,NA,0,FALSE,"Bacteria","Cyanobacteria","Cyanobacteriia","Oxyphotobacteria Incertae Sedis","Unknown Family",NA,NA,NA
"2515","sq6","E6",0.000527971954129797,"E6","TM2 23E1","TM","External",23,1.016192071,0.102,0,FALSE,"Bacteria","Cyanobacteria","Cyanobacteriia","Cyanobacteriales","Desertifilaceae",NA,NA,NA
"2516","sq331","D5",0.000526923965796164,"D5","SB3 3N1","SB","Internal",3,0.456230396,0,0,FALSE,"Bacteria","Proteobacteria","Gammaproteobacteria","Pseudomonadales","Marinobacteraceae",NA,NA,NA
"2517","sq771","E4",0.000526708931068166,"E4","TM2 22E1","TM","External",22,1.31061599,0.595,NA,FALSE,"Bacteria","Proteobacteria","Alphaproteobacteria","Rhizobiales","Rhizobiaceae",NA,NA,NA
"2518","sq171","E10",0.000526285012572364,"E10","TM3 27E1","TM","External",27,0.830019021,0.233,NA,FALSE,"Bacteria","Fibrobacterota","Fibrobacteria","Fibrobacterales","MAT-CR-H6-H10",NA,NA,NA
"2519","sq3921","E10",0.000526285012572364,"E10","TM3 27E1","TM","External",27,0.830019021,0.233,NA,FALSE,"Bacteria","Proteobacteria","Gammaproteobacteria","Diplorickettsiales","Diplorickettsiaceae",NA,NA,NA
"2520","sq1046","D2",0.000524633563634016,"D2","SB3 1E2","SB","External",1,0.994590822,NA,0,FALSE,"Bacteria","Firmicutes","Clostridia","Peptostreptococcales-Tissierellales","Fusibacteraceae",NA,NA,NA
"2521","sq534","D2",0.000524633563634016,"D2","SB3 1E2","SB","External",1,0.994590822,NA,0,FALSE,"Bacteria","Cyanobacteria","Cyanobacteriia","Cyanobacteriales","Paraspirulinaceae",NA,NA,NA
"2522","sq959","E7",0.000524103927867771,"E7","TM3 26N1","TM","Internal",26,1.910828025,NA,0.056,FALSE,"Bacteria","Planctomycetota","Planctomycetes","Planctomycetales","Rubinisphaeraceae",NA,NA,NA
"2523","sq3041","D7",0.000523687269290212,"D7","SB4 3N1","SB","Internal",3,0.947464318,NA,0,FALSE,"Bacteria","Proteobacteria","Gammaproteobacteria","Burkholderiales","Rhodocyclaceae",NA,NA,NA
"2524","sq583","E1",0.00052334709542362,"E1","TM2 21N1","TM","Internal",21,0.632675847,NA,0,FALSE,"Bacteria","Campylobacterota","Campylobacteria","Campylobacterales","Sulfurovaceae",NA,NA,NA
"2525","sq985","E1",0.00052334709542362,"E1","TM2 21N1","TM","Internal",21,0.632675847,NA,0,FALSE,"Bacteria","Firmicutes","Clostridia","Christensenellales","Christensenellaceae",NA,NA,NA
"2526","sq331","D3",0.000523214813803772,"D3","SB3 2N1","SB","Internal",2,0.775372332,0.11,NA,FALSE,"Bacteria","Proteobacteria","Gammaproteobacteria","Pseudomonadales","Marinobacteraceae",NA,NA,NA
"2527","sq446","D4",0.000523206590500471,"D4","SB3 2E1","SB","External",2,0.652985075,0.136,NA,FALSE,"Bacteria","Campylobacterota","Campylobacteria","Campylobacterales","Arcobacteraceae",NA,NA,NA
"2528","sq391","D9",0.000523200680160884,"D9","SB4 4N1","SB","Internal",4,1.337102689,1.856,NA,FALSE,"Bacteria","Proteobacteria","Gammaproteobacteria","Beggiatoales","Beggiatoaceae",NA,NA,NA
"2529","sq440","D9",0.000523200680160884,"D9","SB4 4N1","SB","Internal",4,1.337102689,1.856,NA,FALSE,"Bacteria","Fusobacteriota","Fusobacteriia","Fusobacteriales","Fusobacteriaceae",NA,NA,NA
"2530","sq1410","D11",0.000520640387676843,"D11","SB4 5N1","SB","Internal",5,1.132759402,0.701,0,FALSE,"Bacteria","Cyanobacteria","Cyanobacteriia","Leptolyngbyales","Leptolyngbyaceae",NA,NA,NA
"2531","sq2722","D11",0.000520640387676843,"D11","SB4 5N1","SB","Internal",5,1.132759402,0.701,0,FALSE,"Bacteria","Verrucomicrobiota","Verrucomicrobiae","Chthoniobacterales","01D2Z36",NA,NA,NA
"2532","sq577","E11",0.00051847857646522,"E11","TM3 28N1","TM","Internal",28,1.477155617,2.427,0.039,FALSE,"Bacteria","Proteobacteria","Gammaproteobacteria","Thiohalorhabdales","Thiohalorhabdaceae",NA,NA,NA
"2533","sq1043","E10",0.000517931282214073,"E10","TM3 27E1","TM","External",27,0.830019021,0.233,NA,FALSE,"Bacteria","Actinobacteriota","Actinobacteria","Nitriliruptorales","Nitriliruptoraceae",NA,NA,NA
"2534","sq2037","E10",0.000517931282214073,"E10","TM3 27E1","TM","External",27,0.830019021,0.233,NA,FALSE,"Bacteria","Acidobacteriota","Blastocatellia","Blastocatellales","Blastocatellaceae",NA,NA,NA
"2535","sq3215","D1",0.000517198486376075,"D1","SB3 1N1 ","SB","Internal",1,1.016765819,NA,0,FALSE,"Bacteria","Proteobacteria","Alphaproteobacteria","Rickettsiales","SM2D12",NA,NA,NA
"2536","sq2158","E4",0.000517132405048745,"E4","TM2 22E1","TM","External",22,1.31061599,0.595,NA,FALSE,"Bacteria","Actinobacteriota","Acidimicrobiia","Microtrichales","Microtrichaceae",NA,NA,NA
"2537","sq278","E4",0.000517132405048745,"E4","TM2 22E1","TM","External",22,1.31061599,0.595,NA,FALSE,"Bacteria","Firmicutes","Clostridia","Peptostreptococcales-Tissierellales","Clostridium sensu stricto",NA,NA,NA
"2538","sq1893","E5",0.000517053179877056,"E5","TM2 23N1","TM","Internal",23,1.041089822,0.484,0,FALSE,"Bacteria","Myxococcota","Polyangia","Polyangiales","Phaselicystidaceae",NA,NA,NA
"2539","sq222","E5",0.000517053179877056,"E5","TM2 23N1","TM","Internal",23,1.041089822,0.484,0,FALSE,"Bacteria","Proteobacteria","Gammaproteobacteria","Enterobacterales","Vibrionaceae",NA,NA,NA
"2540","sq171","E3",0.000516591995641842,"E3","TM2 22N1","TM","Internal",22,1.027042307,1.612,NA,FALSE,"Bacteria","Fibrobacterota","Fibrobacteria","Fibrobacterales","MAT-CR-H6-H10",NA,NA,NA
"2541","sq821","E7",0.000514398299573923,"E7","TM3 26N1","TM","Internal",26,1.910828025,NA,0.056,FALSE,"Bacteria","Bacteroidota","Bacteroidia","Flavobacteriales","NS9 marine group",NA,NA,NA
"2542","sq222","D12",0.000513712624487747,"D12","SB4 5E1","SB","External",5,0.897520783,0.4,0,FALSE,"Bacteria","Proteobacteria","Gammaproteobacteria","Enterobacterales","Vibrionaceae",NA,NA,NA
"2543","sq2645","D10",0.000513472541444569,"D10","SB4 4E1","SB","External",4,0.947375251,0.459,NA,FALSE,"Bacteria","Proteobacteria","Gammaproteobacteria","Pseudomonadales","Spongiibacteraceae",NA,NA,NA
"2544","sq3001","D6",0.000510730344392481,"D6","SB3 3E1","SB","External",3,0.711169545,0.121,0,FALSE,"Bacteria","Proteobacteria","Gammaproteobacteria","Coxiellales","Coxiellaceae",NA,NA,NA
"2545","sq391","D6",0.000510730344392481,"D6","SB3 3E1","SB","External",3,0.711169545,0.121,0,FALSE,"Bacteria","Proteobacteria","Gammaproteobacteria","Beggiatoales","Beggiatoaceae",NA,NA,NA
"2546","sq610","D6",0.000510730344392481,"D6","SB3 3E1","SB","External",3,0.711169545,0.121,0,FALSE,"Bacteria","Proteobacteria","Gammaproteobacteria","Nitrosococcales","Nitrosococcaceae",NA,NA,NA
"2547","sq1599","D1",0.000510651670092834,"D1","SB3 1N1 ","SB","Internal",1,1.016765819,NA,0,FALSE,"Bacteria","Myxococcota","Polyangia","Polyangiales","BIrii41",NA,NA,NA
"2548","sq985","D1",0.000510651670092834,"D1","SB3 1N1 ","SB","Internal",1,1.016765819,NA,0,FALSE,"Bacteria","Firmicutes","Clostridia","Christensenellales","Christensenellaceae",NA,NA,NA
"2549","sq2497","E9",0.000510613465606536,"E9","TM3 27N1","TM","Internal",27,1.647954829,2.235,NA,FALSE,"Bacteria","Latescibacterota","Latescibacteria","Latescibacterales","Latescibacteraceae",NA,NA,NA
"2550","sq418","D8",0.000510142437138369,"D8","SB4 3E1","SB","External",3,0.797997922,NA,0,FALSE,"Bacteria","Planctomycetota","Phycisphaerae","Phycisphaerales","AKAU3564 sediment group",NA,NA,NA
"2551","sq3643","E4",0.000507555879029323,"E4","TM2 22E1","TM","External",22,1.31061599,0.595,NA,FALSE,"Bacteria","Planctomycetota","Phycisphaerae","MSBL9","SM23-30",NA,NA,NA
"2552","sq1103","E3",0.000507199413902899,"E3","TM2 22N1","TM","Internal",22,1.027042307,1.612,NA,FALSE,"Bacteria","Proteobacteria","Gammaproteobacteria","Pseudomonadales","Cellvibrionaceae",NA,NA,NA
"2553","sq65","E3",0.000507199413902899,"E3","TM2 22N1","TM","Internal",22,1.027042307,1.612,NA,FALSE,"Bacteria","Cyanobacteria","Cyanobacteriia","Cyanobacteriales","Oscillatoriaceae",NA,NA,NA
"2554","sq1893","E6",0.000506853075964605,"E6","TM2 23E1","TM","External",23,1.016192071,0.102,0,FALSE,"Bacteria","Myxococcota","Polyangia","Polyangiales","Phaselicystidaceae",NA,NA,NA
"2555","sq2066","E6",0.000506853075964605,"E6","TM2 23E1","TM","External",23,1.016192071,0.102,0,FALSE,"Bacteria","Verrucomicrobiota","Verrucomicrobiae","Pedosphaerales","Pedosphaeraceae",NA,NA,NA
"2556","sq2330","E7",0.000504692671280075,"E7","TM3 26N1","TM","Internal",26,1.910828025,NA,0.056,FALSE,"Bacteria","Planctomycetota","Phycisphaerae","MSBL9","ST-NAGAB-D1",NA,NA,NA
"2557","sq1103","D4",0.000504180896300454,"D4","SB3 2E1","SB","External",2,0.652985075,0.136,NA,FALSE,"Bacteria","Proteobacteria","Gammaproteobacteria","Pseudomonadales","Cellvibrionaceae",NA,NA,NA
"2558","sq3467","E12",0.000503982449552345,"E12","TM3 28E1","TM","External",28,1.516085295,1.023,0,FALSE,"Bacteria","Bacteroidota","Bacteroidia","Bacteroidales","Marinilabiliaceae",NA,NA,NA
"2559","sq198","D12",0.000502037337567571,"D12","SB4 5E1","SB","External",5,0.897520783,0.4,0,FALSE,"Bacteria","Bacteroidota","Bacteroidia","Bacteroidales","ML635J-40 aquatic group",NA,NA,NA
"2560","sq329","D12",0.000502037337567571,"D12","SB4 5E1","SB","External",5,0.897520783,0.4,0,FALSE,"Bacteria","Proteobacteria","Alphaproteobacteria","Kiloniellales","Kiloniellaceae",NA,NA,NA
"2561","sq2046","E10",0.00050122382149749,"E10","TM3 27E1","TM","External",27,0.830019021,0.233,NA,FALSE,"Bacteria","Fibrobacterota","Fibrobacteria","Fibrobacterales","TG3",NA,NA,NA
"2562","sq2330","D5",0.000499191125491102,"D5","SB3 3N1","SB","Internal",3,0.456230396,0,0,FALSE,"Bacteria","Planctomycetota","Phycisphaerae","MSBL9","ST-NAGAB-D1",NA,NA,NA
"2563","sq2644","D7",0.000498141548837031,"D7","SB4 3N1","SB","Internal",3,0.947464318,NA,0,FALSE,"Bacteria","Proteobacteria","Gammaproteobacteria","Burkholderiales","Comamonadaceae",NA,NA,NA
"2564","sq1599","E4",0.000497979353009902,"E4","TM2 22E1","TM","External",22,1.31061599,0.595,NA,FALSE,"Bacteria","Myxococcota","Polyangia","Polyangiales","BIrii41",NA,NA,NA
"2565","sq844","E4",0.000497979353009902,"E4","TM2 22E1","TM","External",22,1.31061599,0.595,NA,FALSE,"Bacteria","Proteobacteria","Gammaproteobacteria","Pseudomonadales","Microbulbiferaceae",NA,NA,NA
"2566","sq902","E4",0.000497979353009902,"E4","TM2 22E1","TM","External",22,1.31061599,0.595,NA,FALSE,"Bacteria","Proteobacteria","Gammaproteobacteria","Pseudomonadales","Nitrincolaceae",NA,NA,NA
"2567","sq1275","E5",0.000497903062103832,"E5","TM2 23N1","TM","Internal",23,1.041089822,0.484,0,FALSE,"Bacteria","Spirochaetota","Leptospirae","Leptospirales","Leptospiraceae",NA,NA,NA
"2568","sq75","E5",0.000497903062103832,"E5","TM2 23N1","TM","Internal",23,1.041089822,0.484,0,FALSE,"Bacteria","Acidobacteriota","Holophagae","Acanthopleuribacterales","Acanthopleuribacteraceae",NA,NA,NA
"2569","sq2066","E3",0.000497806832163957,"E3","TM2 22N1","TM","Internal",22,1.027042307,1.612,NA,FALSE,"Bacteria","Verrucomicrobiota","Verrucomicrobiae","Pedosphaerales","Pedosphaeraceae",NA,NA,NA
"2570","sq2497","E3",0.000497806832163957,"E3","TM2 22N1","TM","Internal",22,1.027042307,1.612,NA,FALSE,"Bacteria","Latescibacterota","Latescibacteria","Latescibacterales","Latescibacteraceae",NA,NA,NA
"2571","sq350","E3",0.000497806832163957,"E3","TM2 22N1","TM","Internal",22,1.027042307,1.612,NA,FALSE,"Bacteria","Bacteroidota","Bacteroidia","Cytophagales","Amoebophilaceae",NA,NA,NA
"2572","sq985","D10",0.000497171825843155,"D10","SB4 4E1","SB","External",4,0.947375251,0.459,NA,FALSE,"Bacteria","Firmicutes","Clostridia","Christensenellales","Christensenellaceae",NA,NA,NA
"2573","sq880","D8",0.000496717636161044,"D8","SB4 3E1","SB","External",3,0.797997922,NA,0,FALSE,"Bacteria","Proteobacteria","Alphaproteobacteria","Caulobacterales","Parvularculaceae",NA,NA,NA
"2574","sq296","E8",0.000496336563460175,"E8","TM3 26E1","TM","External",26,1.169004676,NA,0.034,FALSE,"Bacteria","Proteobacteria","Gammaproteobacteria","Pseudomonadales","Hahellaceae",NA,NA,NA
"2575","sq1100","E6",0.000496293636882009,"E6","TM2 23E1","TM","External",23,1.016192071,0.102,0,FALSE,"Bacteria","Hydrogenedentes","Hydrogenedentia","Hydrogenedentiales","Hydrogenedensaceae",NA,NA,NA
"2576","sq378","E6",0.000496293636882009,"E6","TM2 23E1","TM","External",23,1.016192071,0.102,0,FALSE,"Bacteria","Proteobacteria","Gammaproteobacteria","Enterobacterales","Pseudoalteromonadaceae",NA,NA,NA
"2577","sq393","E6",0.000496293636882009,"E6","TM2 23E1","TM","External",23,1.016192071,0.102,0,FALSE,"Bacteria","Proteobacteria","Gammaproteobacteria","Burkholderiales","Nitrosomonadaceae",NA,NA,NA
"2578","sq3001","E7",0.000494987042986228,"E7","TM3 26N1","TM","Internal",26,1.910828025,NA,0.056,FALSE,"Bacteria","Proteobacteria","Gammaproteobacteria","Coxiellales","Coxiellaceae",NA,NA,NA
"2579","sq350","E7",0.000494987042986228,"E7","TM3 26N1","TM","Internal",26,1.910828025,NA,0.056,FALSE,"Bacteria","Bacteroidota","Bacteroidia","Cytophagales","Amoebophilaceae",NA,NA,NA
"2580","sq2047","D4",0.000494668049200445,"D4","SB3 2E1","SB","External",2,0.652985075,0.136,NA,FALSE,"Bacteria","Proteobacteria","Gammaproteobacteria","Pseudomonadales","OM182 clade",NA,NA,NA
"2581","sq2047","E12",0.000494100440737593,"E12","TM3 28E1","TM","External",28,1.516085295,1.023,0,FALSE,"Bacteria","Proteobacteria","Gammaproteobacteria","Pseudomonadales","OM182 clade",NA,NA,NA
"2582","sq1459","E10",0.000492870091139198,"E10","TM3 27E1","TM","External",27,0.830019021,0.233,NA,FALSE,"Bacteria","Cyanobacteria","Cyanobacteriia","Cyanobacteriales","Microcystaceae",NA,NA,NA
"2583","sq378","E10",0.000492870091139198,"E10","TM3 27E1","TM","External",27,0.830019021,0.233,NA,FALSE,"Bacteria","Proteobacteria","Gammaproteobacteria","Enterobacterales","Pseudoalteromonadaceae",NA,NA,NA
"2584","sq2823","E9",0.000492377270406302,"E9","TM3 27N1","TM","Internal",27,1.647954829,2.235,NA,FALSE,"Bacteria","Proteobacteria","Alphaproteobacteria","Rhizobiales","Stappiaceae",NA,NA,NA
"2585","sq1299","D1",0.000491011221243109,"D1","SB3 1N1 ","SB","Internal",1,1.016765819,NA,0,FALSE,"Bacteria","Proteobacteria","Gammaproteobacteria","Tenderiales","Tenderiaceae",NA,NA,NA
"2586","sq1792","D1",0.000491011221243109,"D1","SB3 1N1 ","SB","Internal",1,1.016765819,NA,0,FALSE,"Bacteria","Bacteroidota","Bacteroidia","Bacteroidales","Salinivirgaceae",NA,NA,NA
"2587","sq747","D12",0.000490362050647395,"D12","SB4 5E1","SB","External",5,0.897520783,0.4,0,FALSE,"Bacteria","Verrucomicrobiota","Kiritimatiellae","Kiritimatiellales","Kiritimatiellaceae",NA,NA,NA
"2588","sq2037","E3",0.000488414250425014,"E3","TM2 22N1","TM","Internal",22,1.027042307,1.612,NA,FALSE,"Bacteria","Acidobacteriota","Blastocatellia","Blastocatellales","Blastocatellaceae",NA,NA,NA
"2589","sq1367","E4",0.000488402826990481,"E4","TM2 22E1","TM","External",22,1.31061599,0.595,NA,FALSE,"Bacteria","Proteobacteria","Alphaproteobacteria","Micavibrionales","Micavibrionaceae",NA,NA,NA
"2590","sq2028","E4",0.000488402826990481,"E4","TM2 22E1","TM","External",22,1.31061599,0.595,NA,FALSE,"Bacteria","Verrucomicrobiota","Omnitrophia","Omnitrophales","Omnitrophaceae",NA,NA,NA
"2591","sq989","E4",0.000488402826990481,"E4","TM2 22E1","TM","External",22,1.31061599,0.595,NA,FALSE,"Bacteria","Myxococcota","Polyangia","Haliangiales","Haliangiaceae",NA,NA,NA
"2592","sq5032","E6",0.000485734197799413,"E6","TM2 23E1","TM","External",23,1.016192071,0.102,0,FALSE,"Bacteria","Desulfobacterota","Desulfomonilia","Desulfomonilales","Desulfomonilaceae",NA,NA,NA
"2593","sq4535","D7",0.000485368688610441,"D7","SB4 3N1","SB","Internal",3,0.947464318,NA,0,FALSE,"Bacteria","Proteobacteria","Alphaproteobacteria","Rickettsiales","Rickettsiaceae",NA,NA,NA
"2594","sq1719","D7",0.00048536868861044,"D7","SB4 3N1","SB","Internal",3,0.947464318,NA,0,FALSE,"Bacteria","Actinobacteriota","Acidimicrobiia","Microtrichales","Ilumatobacteraceae",NA,NA,NA
"2595","sq3467","E8",0.000484519026234933,"E8","TM3 26E1","TM","External",26,1.169004676,NA,0.034,FALSE,"Bacteria","Bacteroidota","Bacteroidia","Bacteroidales","Marinilabiliaceae",NA,NA,NA
"2596","sq466","E10",0.000484516360780907,"E10","TM3 27E1","TM","External",27,0.830019021,0.233,NA,FALSE,"Bacteria","Firmicutes","Clostridia","Oscillospirales","Hungateiclostridiaceae",NA,NA,NA
"2597","sq1513","D2",0.000484277135662168,"D2","SB3 1E2","SB","External",1,0.994590822,NA,0,FALSE,"Bacteria","Campylobacterota","Campylobacteria","Campylobacterales","Helicobacteraceae",NA,NA,NA
"2598","sq2645","E12",0.000484218431922841,"E12","TM3 28E1","TM","External",28,1.516085295,1.023,0,FALSE,"Bacteria","Proteobacteria","Gammaproteobacteria","Pseudomonadales","Spongiibacteraceae",NA,NA,NA
"2599","sq350","E12",0.000484218431922841,"E12","TM3 28E1","TM","External",28,1.516085295,1.023,0,FALSE,"Bacteria","Bacteroidota","Bacteroidia","Cytophagales","Amoebophilaceae",NA,NA,NA
"2600","sq1860","D8",0.000483292835183718,"D8","SB4 3E1","SB","External",3,0.797997922,NA,0,FALSE,"Bacteria","Bacteroidota","Bacteroidia","Chitinophagales","Chitinophagaceae",NA,NA,NA
"2601","sq2866","D8",0.000483292835183718,"D8","SB4 3E1","SB","External",3,0.797997922,NA,0,FALSE,"Bacteria","Cyanobacteria","Cyanobacteriia","Cyanobacteriales","Nostocaceae",NA,NA,NA
"2602","sq2028","D8",0.000483292835183718,"D8","SB4 3E1","SB","External",3,0.797997922,NA,0,FALSE,"Bacteria","Verrucomicrobiota","Omnitrophia","Omnitrophales","Omnitrophaceae",NA,NA,NA
"2603","sq2634","E9",0.000483259172806186,"E9","TM3 27N1","TM","Internal",27,1.647954829,2.235,NA,FALSE,"Bacteria","Proteobacteria","Gammaproteobacteria","Legionellales","Legionellaceae",NA,NA,NA
"2604","sq676","E9",0.000483259172806186,"E9","TM3 27N1","TM","Internal",27,1.647954829,2.235,NA,FALSE,"Bacteria","Bacteroidota","Kryptonia","Kryptoniales","MSB-3C8",NA,NA,NA
"2605","sq1103","D10",0.00048087111024174,"D10","SB4 4E1","SB","External",4,0.947375251,0.459,NA,FALSE,"Bacteria","Proteobacteria","Gammaproteobacteria","Pseudomonadales","Cellvibrionaceae",NA,NA,NA
"2606","sq165","D10",0.00048087111024174,"D10","SB4 4E1","SB","External",4,0.947375251,0.459,NA,FALSE,"Bacteria","Proteobacteria","Gammaproteobacteria","Chromatiales","Sedimenticolaceae",NA,NA,NA
"2607","sq378","D5",0.000480702565287728,"D5","SB3 3N1","SB","Internal",3,0.456230396,0,0,FALSE,"Bacteria","Proteobacteria","Gammaproteobacteria","Enterobacterales","Pseudoalteromonadaceae",NA,NA,NA
"2608","sq1599","D11",0.000480591127086316,"D11","SB4 5N1","SB","Internal",5,1.132759402,0.701,0,FALSE,"Bacteria","Myxococcota","Polyangia","Polyangiales","BIrii41",NA,NA,NA
"2609","sq2645","D11",0.000480591127086316,"D11","SB4 5N1","SB","Internal",5,1.132759402,0.701,0,FALSE,"Bacteria","Proteobacteria","Gammaproteobacteria","Pseudomonadales","Spongiibacteraceae",NA,NA,NA
"2610","sq2814","E3",0.000479021668686072,"E3","TM2 22N1","TM","Internal",22,1.027042307,1.612,NA,FALSE,"Bacteria","Verrucomicrobiota","Lentisphaeria","Oligosphaerales","Oligosphaeraceae",NA,NA,NA
"2611","sq2280","E5",0.000478752944330608,"E5","TM2 23N1","TM","Internal",23,1.041089822,0.484,0,FALSE,"Bacteria","Proteobacteria","Gammaproteobacteria","Ectothiorhodospirales","Thioalkalispiraceae",NA,NA,NA
"2612","sq630","E5",0.000478752944330608,"E5","TM2 23N1","TM","Internal",23,1.041089822,0.484,0,FALSE,"Bacteria","Proteobacteria","Alphaproteobacteria","Rhodospirillales","Terasakiellaceae",NA,NA,NA
"2613","sq639","D12",0.000478686763727219,"D12","SB4 5E1","SB","External",5,0.897520783,0.4,0,FALSE,"Bacteria","Bdellovibrionota","Oligoflexia","Oligoflexales","Oligoflexaceae",NA,NA,NA
"2614","sq2536","D1",0.000477917588676627,"D1","SB3 1N1 ","SB","Internal",1,1.016765819,NA,0,FALSE,"Bacteria","Planctomycetota","Planctomycetes","Gemmatales","Gemmataceae",NA,NA,NA
"2615","sq1676","E2",0.000477035043728212,"E2","TM2 21E1","TM","External",21,3.767123288,NA,0,FALSE,"Bacteria","Proteobacteria","Alphaproteobacteria","Rhodospirillales","Magnetospiraceae",NA,NA,NA
"2616","sq902","E2",0.000477035043728212,"E2","TM2 21E1","TM","External",21,3.767123288,NA,0,FALSE,"Bacteria","Proteobacteria","Gammaproteobacteria","Pseudomonadales","Nitrincolaceae",NA,NA,NA
"2617","sq985","E2",0.000477035043728212,"E2","TM2 21E1","TM","External",21,3.767123288,NA,0,FALSE,"Bacteria","Firmicutes","Clostridia","Christensenellales","Christensenellaceae",NA,NA,NA
"2618","sq11","E10",0.000476162630422615,"E10","TM3 27E1","TM","External",27,0.830019021,0.233,NA,FALSE,"Bacteria","Cyanobacteria","Cyanobacteriia","Cyanobacteriales","Coleofasciculaceae",NA,NA,NA
"2619","sq682","E10",0.000476162630422615,"E10","TM3 27E1","TM","External",27,0.830019021,0.233,NA,FALSE,"Bacteria","Proteobacteria","Gammaproteobacteria","Pseudomonadales","Saccharospirillaceae",NA,NA,NA
"2620","sq4777","E7",0.000475575786398533,"E7","TM3 26N1","TM","Internal",26,1.910828025,NA,0.056,FALSE,"Bacteria","Fibrobacterota","Fibrobacteria","Fibrobacterales","SBXY-748",NA,NA,NA
"2621","sq1792","E8",0.00047270148900969,"E8","TM3 26E1","TM","External",26,1.169004676,NA,0.034,FALSE,"Bacteria","Bacteroidota","Bacteroidia","Bacteroidales","Salinivirgaceae",NA,NA,NA
"2622","sq880","E8",0.00047270148900969,"E8","TM3 26E1","TM","External",26,1.169004676,NA,0.034,FALSE,"Bacteria","Proteobacteria","Alphaproteobacteria","Caulobacterales","Parvularculaceae",NA,NA,NA
"2623","sq4006","D7",0.00047259582838385,"D7","SB4 3N1","SB","Internal",3,0.947464318,NA,0,FALSE,"Bacteria","Dependentiae","Babeliae","Babeliales","Vermiphilaceae",NA,NA,NA
"2624","sq1046","D5",0.000471458285186041,"D5","SB3 3N1","SB","Internal",3,0.456230396,0,0,FALSE,"Bacteria","Firmicutes","Clostridia","Peptostreptococcales-Tissierellales","Fusibacteraceae",NA,NA,NA
"2625","sq2158","D1",0.000471370772393385,"D1","SB3 1N1 ","SB","Internal",1,1.016765819,NA,0,FALSE,"Bacteria","Actinobacteriota","Acidimicrobiia","Microtrichales","Microtrichaceae",NA,NA,NA
"2626","sq578","D8",0.000469868034206393,"D8","SB4 3E1","SB","External",3,0.797997922,NA,0,FALSE,"Bacteria","Fibrobacterota","Fibrobacteria","Fibrobacterales","Fibrobacteraceae",NA,NA,NA
"2627","sq577","E3",0.000469629086947129,"E3","TM2 22N1","TM","Internal",22,1.027042307,1.612,NA,FALSE,"Bacteria","Proteobacteria","Gammaproteobacteria","Thiohalorhabdales","Thiohalorhabdaceae",NA,NA,NA
"2628","sq75","E10",0.000467808900064324,"E10","TM3 27E1","TM","External",27,0.830019021,0.233,NA,FALSE,"Bacteria","Acidobacteriota","Holophagae","Acanthopleuribacterales","Acanthopleuribacteraceae",NA,NA,NA
"2629","sq1557","E10",0.000467808900064324,"E10","TM3 27E1","TM","External",27,0.830019021,0.233,NA,FALSE,"Bacteria","Bacteroidota","Ignavibacteria","Ignavibacteriales","Ignavibacteriaceae",NA,NA,NA
"2630","sq222","E11",0.000466630718818698,"E11","TM3 28N1","TM","Internal",28,1.477155617,2.427,0.039,FALSE,"Bacteria","Proteobacteria","Gammaproteobacteria","Enterobacterales","Vibrionaceae",NA,NA,NA
"2631","sq953","E11",0.000466630718818698,"E11","TM3 28N1","TM","Internal",28,1.477155617,2.427,0.039,FALSE,"Bacteria","Bdellovibrionota","Oligoflexia","Silvanigrellales","Silvanigrellaceae",NA,NA,NA
"2632","sq2193","E1",0.000465197418154329,"E1","TM2 21N1","TM","Internal",21,0.632675847,NA,0,FALSE,"Bacteria","Campylobacterota","Campylobacteria","Campylobacterales","Rs-M59 termite group",NA,NA,NA
"2633","sq3001","E1",0.000465197418154329,"E1","TM2 21N1","TM","Internal",21,0.632675847,NA,0,FALSE,"Bacteria","Proteobacteria","Gammaproteobacteria","Coxiellales","Coxiellaceae",NA,NA,NA
"2634","sq600","E9",0.000465022977605952,"E9","TM3 27N1","TM","Internal",27,1.647954829,2.235,NA,FALSE,"Bacteria","Proteobacteria","Gammaproteobacteria","Enterobacterales","Colwelliaceae",NA,NA,NA
"2635","sq329","D1",0.000464823956110144,"D1","SB3 1N1 ","SB","Internal",1,1.016765819,NA,0,FALSE,"Bacteria","Proteobacteria","Alphaproteobacteria","Kiloniellales","Kiloniellaceae",NA,NA,NA
"2636","sq1254","E2",0.000464803375940309,"E2","TM2 21E1","TM","External",21,3.767123288,NA,0,FALSE,"Bacteria","Proteobacteria","Gammaproteobacteria","Competibacterales","Competibacteraceae",NA,NA,NA
"2637","sq676","E6",0.000464615319634221,"E6","TM2 23E1","TM","External",23,1.016192071,0.102,0,FALSE,"Bacteria","Bacteroidota","Kryptonia","Kryptoniales","MSB-3C8",NA,NA,NA
"2638","sq2814","E12",0.000464454414293338,"E12","TM3 28E1","TM","External",28,1.516085295,1.023,0,FALSE,"Bacteria","Verrucomicrobiota","Lentisphaeria","Oligosphaerales","Oligosphaeraceae",NA,NA,NA
"2639","sq1459","D5",0.000462214005084354,"D5","SB3 3N1","SB","Internal",3,0.456230396,0,0,FALSE,"Bacteria","Cyanobacteria","Cyanobacteriia","Cyanobacteriales","Microcystaceae",NA,NA,NA
"2640","sq1599","E8",0.000460883951784448,"E8","TM3 26E1","TM","External",26,1.169004676,NA,0.034,FALSE,"Bacteria","Myxococcota","Polyangia","Polyangiales","BIrii41",NA,NA,NA
"2641","sq1473","D6",0.000460658742001061,"D6","SB3 3E1","SB","External",3,0.711169545,0.121,0,FALSE,"Bacteria","Bacteroidota","Bacteroidia","Sphingobacteriales","Lentimicrobiaceae",NA,NA,NA
"2642","sq2536","D11",0.000460566496791053,"D11","SB4 5N1","SB","Internal",5,1.132759402,0.701,0,FALSE,"Bacteria","Planctomycetota","Planctomycetes","Gemmatales","Gemmataceae",NA,NA,NA
"2643","sq1719","E3",0.000460236505208187,"E3","TM2 22N1","TM","Internal",22,1.027042307,1.612,NA,FALSE,"Bacteria","Actinobacteriota","Acidimicrobiia","Microtrichales","Ilumatobacteraceae",NA,NA,NA
"2644","sq2037","E5",0.000459602826557383,"E5","TM2 23N1","TM","Internal",23,1.041089822,0.484,0,FALSE,"Bacteria","Acidobacteriota","Blastocatellia","Blastocatellales","Blastocatellaceae",NA,NA,NA
"2645","sq352","E5",0.000459602826557383,"E5","TM2 23N1","TM","Internal",23,1.041089822,0.484,0,FALSE,"Bacteria","Proteobacteria","Gammaproteobacteria","Enterobacterales","Alteromonadaceae",NA,NA,NA
"2646","sq2536","D9",0.000457800595140774,"D9","SB4 4N1","SB","Internal",4,1.337102689,1.856,NA,FALSE,"Bacteria","Planctomycetota","Planctomycetes","Gemmatales","Gemmataceae",NA,NA,NA
"2647","sq2158","D4",0.000456616660800411,"D4","SB3 2E1","SB","External",2,0.652985075,0.136,NA,FALSE,"Bacteria","Actinobacteriota","Acidimicrobiia","Microtrichales","Microtrichaceae",NA,NA,NA
"2648","sq2359","D4",0.000456616660800411,"D4","SB3 2E1","SB","External",2,0.652985075,0.136,NA,FALSE,"Bacteria","Proteobacteria","Gammaproteobacteria","Enterobacterales","Kangiellaceae",NA,NA,NA
"2649","sq1818","D8",0.000456443233229067,"D8","SB4 3E1","SB","External",3,0.797997922,NA,0,FALSE,"Bacteria","Chloroflexi","Anaerolineae","Caldilineales","Caldilineaceae",NA,NA,NA
"2650","sq222","D8",0.000456443233229067,"D8","SB4 3E1","SB","External",3,0.797997922,NA,0,FALSE,"Bacteria","Proteobacteria","Gammaproteobacteria","Enterobacterales","Vibrionaceae",NA,NA,NA
"2651","sq997","D10",0.000456420036839617,"D10","SB4 4E1","SB","External",4,0.947375251,0.459,NA,FALSE,"Bacteria","Verrucomicrobiota","Lentisphaeria","Oligosphaerales","Lenti-02",NA,NA,NA
"2652","sq1818","E11",0.000456261147289394,"E11","TM3 28N1","TM","Internal",28,1.477155617,2.427,0.039,FALSE,"Bacteria","Chloroflexi","Anaerolineae","Caldilineales","Caldilineaceae",NA,NA,NA
"2653","sq844","E11",0.000456261147289394,"E11","TM3 28N1","TM","Internal",28,1.477155617,2.427,0.039,FALSE,"Bacteria","Proteobacteria","Gammaproteobacteria","Pseudomonadales","Microbulbiferaceae",NA,NA,NA
"2654","sq577","D12",0.000455336189886867,"D12","SB4 5E1","SB","External",5,0.897520783,0.4,0,FALSE,"Bacteria","Proteobacteria","Gammaproteobacteria","Thiohalorhabdales","Thiohalorhabdaceae",NA,NA,NA
"2655","sq4113","D5",0.000452969724982667,"D5","SB3 3N1","SB","Internal",3,0.456230396,0,0,FALSE,"Bacteria","Bacteroidota","Bacteroidia","Sphingobacteriales","E6aC02",NA,NA,NA
"2656","sq3554","E2",0.000452571708152407,"E2","TM2 21E1","TM","External",21,3.767123288,NA,0,FALSE,"Bacteria","Nitrospirota","Nitrospiria","Nitrospirales","Nitrospiraceae",NA,NA,NA
"2657","sq2028","D2",0.00045199199328469,"D2","SB3 1E2","SB","External",1,0.994590822,NA,0,FALSE,"Bacteria","Verrucomicrobiota","Omnitrophia","Omnitrophales","Omnitrophaceae",NA,NA,NA
"2658","sq1010","D1",0.000451730323543661,"D1","SB3 1N1 ","SB","Internal",1,1.016765819,NA,0,FALSE,"Bacteria","Proteobacteria","Alphaproteobacteria","Rhizobiales","Methyloligellaceae",NA,NA,NA
"2659","sq278","E3",0.000450843923469244,"E3","TM2 22N1","TM","Internal",22,1.027042307,1.612,NA,FALSE,"Bacteria","Firmicutes","Clostridia","Peptostreptococcales-Tissierellales","Clostridium sensu stricto",NA,NA,NA
"2660","sq1676","D6",0.000450644421522778,"D6","SB3 3E1","SB","External",3,0.711169545,0.121,0,FALSE,"Bacteria","Proteobacteria","Alphaproteobacteria","Rhodospirillales","Magnetospiraceae",NA,NA,NA
"2661","sq1346","D11",0.000450554181643421,"D11","SB4 5N1","SB","Internal",5,1.132759402,0.701,0,FALSE,"Bacteria","Desulfobacterota","Desulfobulbia","Desulfobulbales","Desulfurivibrionaceae",NA,NA,NA
"2662","sq4084","D11",0.000450554181643421,"D11","SB4 5N1","SB","Internal",5,1.132759402,0.701,0,FALSE,"Bacteria","Verrucomicrobiota","Chlamydiae","Chlamydiales","Simkaniaceae",NA,NA,NA
"2663","sq35","E4",0.000450096722912796,"E4","TM2 22E1","TM","External",22,1.31061599,0.595,NA,FALSE,"Bacteria","Bacteroidota","Bacteroidia","Cytophagales","Flammeovirgaceae",NA,NA,NA
"2664","sq65","E4",0.000450096722912796,"E4","TM2 22E1","TM","External",22,1.31061599,0.595,NA,FALSE,"Bacteria","Cyanobacteria","Cyanobacteriia","Cyanobacteriales","Oscillatoriaceae",NA,NA,NA
"2665","sq75","D9",0.00044962558451326,"D9","SB4 4N1","SB","Internal",4,1.337102689,1.856,NA,FALSE,"Bacteria","Acidobacteriota","Holophagae","Acanthopleuribacterales","Acanthopleuribacteraceae",NA,NA,NA
"2666","sq844","D9",0.00044962558451326,"D9","SB4 4N1","SB","Internal",4,1.337102689,1.856,NA,FALSE,"Bacteria","Proteobacteria","Gammaproteobacteria","Pseudomonadales","Microbulbiferaceae",NA,NA,NA
"2667","sq2066","D9",0.00044962558451326,"D9","SB4 4N1","SB","Internal",4,1.337102689,1.856,NA,FALSE,"Bacteria","Verrucomicrobiota","Verrucomicrobiae","Pedosphaerales","Pedosphaeraceae",NA,NA,NA
"2668","sq1766","E7",0.00044645890151699,"E7","TM3 26N1","TM","Internal",26,1.910828025,NA,0.056,FALSE,"Bacteria","Fermentibacterota","Fermentibacteria","Fermentibacterales","Fermentibacteraceae",NA,NA,NA
"2669","sq902","D3",0.000443595168224937,"D3","SB3 2N1","SB","Internal",2,0.775372332,0.11,NA,FALSE,"Bacteria","Proteobacteria","Gammaproteobacteria","Pseudomonadales","Nitrincolaceae",NA,NA,NA
"2670","sq2355","E6",0.000443496441469029,"E6","TM2 23E1","TM","External",23,1.016192071,0.102,0,FALSE,"Bacteria","Verrucomicrobiota","Lentisphaeria","Victivallales","BD2-3",NA,NA,NA
"2671","sq953","D8",0.000443018432251742,"D8","SB4 3E1","SB","External",3,0.797997922,NA,0,FALSE,"Bacteria","Bdellovibrionota","Oligoflexia","Silvanigrellales","Silvanigrellaceae",NA,NA,NA
"2672","sq14","E10",0.000442747708989449,"E10","TM3 27E1","TM","External",27,0.830019021,0.233,NA,FALSE,"Bacteria","Cyanobacteria","Cyanobacteriia","Phormidesmiales","Phormidesmiaceae",NA,NA,NA
"2673","sq2634","D11",0.00044054186649579,"D11","SB4 5N1","SB","Internal",5,1.132759402,0.701,0,FALSE,"Bacteria","Proteobacteria","Gammaproteobacteria","Legionellales","Legionellaceae",NA,NA,NA
"2674","sq682","D11",0.00044054186649579,"D11","SB4 5N1","SB","Internal",5,1.132759402,0.701,0,FALSE,"Bacteria","Proteobacteria","Gammaproteobacteria","Pseudomonadales","Saccharospirillaceae",NA,NA,NA
"2675","sq48","E4",0.000440520196893375,"E4","TM2 22E1","TM","External",22,1.31061599,0.595,NA,FALSE,"Bacteria","Deinococcota","Deinococci","Deinococcales","Trueperaceae",NA,NA,NA
"2676","sq11","E5",0.000440452708784159,"E5","TM2 23N1","TM","Internal",23,1.041089822,0.484,0,FALSE,"Bacteria","Cyanobacteria","Cyanobacteriia","Cyanobacteriales","Coleofasciculaceae",NA,NA,NA
"2677","sq2645","E5",0.000440452708784159,"E5","TM2 23N1","TM","Internal",23,1.041089822,0.484,0,FALSE,"Bacteria","Proteobacteria","Gammaproteobacteria","Pseudomonadales","Spongiibacteraceae",NA,NA,NA
"2678","sq35","E5",0.000440452708784159,"E5","TM2 23N1","TM","Internal",23,1.041089822,0.484,0,FALSE,"Bacteria","Bacteroidota","Bacteroidia","Cytophagales","Flammeovirgaceae",NA,NA,NA
"2679","sq2037","E2",0.000440340040364504,"E2","TM2 21E1","TM","External",21,3.767123288,NA,0,FALSE,"Bacteria","Acidobacteriota","Blastocatellia","Blastocatellales","Blastocatellaceae",NA,NA,NA
"2680","sq807","E9",0.000437668684805602,"E9","TM3 27N1","TM","Internal",27,1.647954829,2.235,NA,FALSE,"Bacteria","Proteobacteria","Gammaproteobacteria","Thiomicrospirales","Thiomicrospiraceae",NA,NA,NA
"2681","sq466","D4",0.000437590966600394,"D4","SB3 2E1","SB","External",2,0.652985075,0.136,NA,FALSE,"Bacteria","Firmicutes","Clostridia","Oscillospirales","Hungateiclostridiaceae",NA,NA,NA
"2682","sq1599","E1",0.000436122579519684,"E1","TM2 21N1","TM","Internal",21,0.632675847,NA,0,FALSE,"Bacteria","Myxococcota","Polyangia","Polyangiales","BIrii41",NA,NA,NA
"2683","sq2355","E1",0.000436122579519684,"E1","TM2 21N1","TM","Internal",21,0.632675847,NA,0,FALSE,"Bacteria","Verrucomicrobiota","Lentisphaeria","Victivallales","BD2-3",NA,NA,NA
"2684","sq2814","E1",0.000436122579519684,"E1","TM2 21N1","TM","Internal",21,0.632675847,NA,0,FALSE,"Bacteria","Verrucomicrobiota","Lentisphaeria","Oligosphaerales","Oligosphaeraceae",NA,NA,NA
"2685","sq405","D2",0.000435849422095951,"D2","SB3 1E2","SB","External",1,0.994590822,NA,0,FALSE,"Bacteria","Firmicutes","Bacilli","Izemoplasmatales","Izemoplasmataceae",NA,NA,NA
"2686","sq482","E11",0.000435522004230785,"E11","TM3 28N1","TM","Internal",28,1.477155617,2.427,0.039,FALSE,"Bacteria","Proteobacteria","Alphaproteobacteria","Rhizobiales","Hyphomicrobiaceae",NA,NA,NA
"2687","sq2158","E11",0.000435522004230785,"E11","TM3 28N1","TM","Internal",28,1.477155617,2.427,0.039,FALSE,"Bacteria","Actinobacteriota","Acidimicrobiia","Microtrichales","Microtrichaceae",NA,NA,NA
"2688","sq2193","D5",0.000434481164779293,"D5","SB3 3N1","SB","Internal",3,0.456230396,0,0,FALSE,"Bacteria","Campylobacterota","Campylobacteria","Campylobacterales","Rs-M59 termite group",NA,NA,NA
"2689","sq630","D5",0.000434481164779293,"D5","SB3 3N1","SB","Internal",3,0.456230396,0,0,FALSE,"Bacteria","Proteobacteria","Alphaproteobacteria","Rhodospirillales","Terasakiellaceae",NA,NA,NA
"2690","sq2280","D9",0.000433275563258232,"D9","SB4 4N1","SB","Internal",4,1.337102689,1.856,NA,FALSE,"Bacteria","Proteobacteria","Gammaproteobacteria","Ectothiorhodospirales","Thioalkalispiraceae",NA,NA,NA
"2691","sq577","E6",0.000432937002386433,"E6","TM2 23E1","TM","External",23,1.016192071,0.102,0,FALSE,"Bacteria","Proteobacteria","Gammaproteobacteria","Thiohalorhabdales","Thiohalorhabdaceae",NA,NA,NA
"2692","sq405","D3",0.000432220933142246,"D3","SB3 2N1","SB","Internal",2,0.775372332,0.11,NA,FALSE,"Bacteria","Firmicutes","Bacilli","Izemoplasmatales","Izemoplasmataceae",NA,NA,NA
"2693","sq2359","D1",0.000432089874693936,"D1","SB3 1N1 ","SB","Internal",1,1.016765819,NA,0,FALSE,"Bacteria","Proteobacteria","Gammaproteobacteria","Enterobacterales","Kangiellaceae",NA,NA,NA
"2694","sq731","D10",0.000431968963437495,"D10","SB4 4E1","SB","External",4,0.947375251,0.459,NA,FALSE,"Bacteria","Myxococcota","Polyangia","Polyangiales","Eel-36e1D6",NA,NA,NA
"2695","sq1046","D10",0.000431968963437495,"D10","SB4 4E1","SB","External",4,0.947375251,0.459,NA,FALSE,"Bacteria","Firmicutes","Clostridia","Peptostreptococcales-Tissierellales","Fusibacteraceae",NA,NA,NA
"2696","sq2066","E4",0.000430943670873954,"E4","TM2 22E1","TM","External",22,1.31061599,0.595,NA,FALSE,"Bacteria","Verrucomicrobiota","Verrucomicrobiae","Pedosphaerales","Pedosphaeraceae",NA,NA,NA
"2697","sq1459","D6",0.00043061578056621,"D6","SB3 3E1","SB","External",3,0.711169545,0.121,0,FALSE,"Bacteria","Cyanobacteria","Cyanobacteriia","Cyanobacteriales","Microcystaceae",NA,NA,NA
"2698","sq2355","D6",0.00043061578056621,"D6","SB3 3E1","SB","External",3,0.711169545,0.121,0,FALSE,"Bacteria","Verrucomicrobiota","Lentisphaeria","Victivallales","BD2-3",NA,NA,NA
"2699","sq953","D6",0.00043061578056621,"D6","SB3 3E1","SB","External",3,0.711169545,0.121,0,FALSE,"Bacteria","Bdellovibrionota","Oligoflexia","Silvanigrellales","Silvanigrellaceae",NA,NA,NA
"2700","sq2454","D11",0.000430529551348158,"D11","SB4 5N1","SB","Internal",5,1.132759402,0.701,0,FALSE,"Bacteria","Proteobacteria","Alphaproteobacteria","Alphaproteobacteria Incertae Sedis","Unknown Family",NA,NA,NA
"2701","sq1719","D8",0.000429593631274416,"D8","SB4 3E1","SB","External",3,0.797997922,NA,0,FALSE,"Bacteria","Actinobacteriota","Acidimicrobiia","Microtrichales","Ilumatobacteraceae",NA,NA,NA
"2702","sq208","D8",0.000429593631274416,"D8","SB4 3E1","SB","External",3,0.797997922,NA,0,FALSE,"Bacteria","Planctomycetota","Planctomycetes","Planctomycetales","Gimesiaceae",NA,NA,NA
"2703","sq4535","D8",0.000429593631274416,"D8","SB4 3E1","SB","External",3,0.797997922,NA,0,FALSE,"Bacteria","Proteobacteria","Alphaproteobacteria","Rickettsiales","Rickettsiaceae",NA,NA,NA
"2704","sq1599","E2",0.000428108372576601,"E2","TM2 21E1","TM","External",21,3.767123288,NA,0,FALSE,"Bacteria","Myxococcota","Polyangia","Polyangiales","BIrii41",NA,NA,NA
"2705","sq3216","E2",0.000428108372576601,"E2","TM2 21E1","TM","External",21,3.767123288,NA,0,FALSE,"Bacteria","Nitrospinota","Nitrospinia","Nitrospinales","Nitrospinaceae",NA,NA,NA
"2706","sq1010","D4",0.000428078119500385,"D4","SB3 2E1","SB","External",2,0.652985075,0.136,NA,FALSE,"Bacteria","Proteobacteria","Alphaproteobacteria","Rhizobiales","Methyloligellaceae",NA,NA,NA
"2707","sq577","D2",0.000427778136501582,"D2","SB3 1E2","SB","External",1,0.994590822,NA,0,FALSE,"Bacteria","Proteobacteria","Gammaproteobacteria","Thiohalorhabdales","Thiohalorhabdaceae",NA,NA,NA
"2708","sq5506","E7",0.000427047644929294,"E7","TM3 26N1","TM","Internal",26,1.910828025,NA,0.056,FALSE,"Bacteria","Myxococcota","Polyangia","Polyangiales","Polyangiaceae",NA,NA,NA
"2709","sq2146","E10",0.000426040248272866,"E10","TM3 27E1","TM","External",27,0.830019021,0.233,NA,FALSE,"Bacteria","Proteobacteria","Zetaproteobacteria","Mariprofundales","Mariprofundaceae",NA,NA,NA
"2710","sq2047","D1",0.000425543058410695,"D1","SB3 1N1 ","SB","Internal",1,1.016765819,NA,0,FALSE,"Bacteria","Proteobacteria","Gammaproteobacteria","Pseudomonadales","OM182 clade",NA,NA,NA
"2711","sq4777","E8",0.000425431340108721,"E8","TM3 26E1","TM","External",26,1.169004676,NA,0.034,FALSE,"Bacteria","Fibrobacterota","Fibrobacteria","Fibrobacterales","SBXY-748",NA,NA,NA
"2712","sq4689","D9",0.000425100552630718,"D9","SB4 4N1","SB","Internal",4,1.337102689,1.856,NA,FALSE,"Bacteria","Proteobacteria","Gammaproteobacteria","Enterobacterales","Psychromonadaceae",NA,NA,NA
"2713","sq2330","E12",0.00042492637903433,"E12","TM3 28E1","TM","External",28,1.516085295,1.023,0,FALSE,"Bacteria","Planctomycetota","Phycisphaerae","MSBL9","ST-NAGAB-D1",NA,NA,NA
"2714","sq48","E12",0.00042492637903433,"E12","TM3 28E1","TM","External",28,1.516085295,1.023,0,FALSE,"Bacteria","Deinococcota","Deinococci","Deinococcales","Trueperaceae",NA,NA,NA
"2715","sq1473","D10",0.000423818605636787,"D10","SB4 4E1","SB","External",4,0.947375251,0.459,NA,FALSE,"Bacteria","Bacteroidota","Bacteroidia","Sphingobacteriales","Lentimicrobiaceae",NA,NA,NA
"2716","sq807","D10",0.000423818605636787,"D10","SB4 4E1","SB","External",4,0.947375251,0.459,NA,FALSE,"Bacteria","Proteobacteria","Gammaproteobacteria","Thiomicrospirales","Thiomicrospiraceae",NA,NA,NA
"2717","sq98","E3",0.000422666178252416,"E3","TM2 22N1","TM","Internal",22,1.027042307,1.612,NA,FALSE,"Bacteria","Proteobacteria","Gammaproteobacteria","Pseudomonadales","Alcanivoracaceae1",NA,NA,NA
"2718","sq2645","D7",0.000421504387477488,"D7","SB4 3N1","SB","Internal",3,0.947464318,NA,0,FALSE,"Bacteria","Proteobacteria","Gammaproteobacteria","Pseudomonadales","Spongiibacteraceae",NA,NA,NA
"2719","sq844","D7",0.000421504387477488,"D7","SB4 3N1","SB","Internal",3,0.947464318,NA,0,FALSE,"Bacteria","Proteobacteria","Gammaproteobacteria","Pseudomonadales","Microbulbiferaceae",NA,NA,NA
"2720","sq350","E4",0.000421367144854533,"E4","TM2 22E1","TM","External",22,1.31061599,0.595,NA,FALSE,"Bacteria","Bacteroidota","Bacteroidia","Cytophagales","Amoebophilaceae",NA,NA,NA
"2721","sq2814","E5",0.000421302591010935,"E5","TM2 23N1","TM","Internal",23,1.041089822,0.484,0,FALSE,"Bacteria","Verrucomicrobiota","Lentisphaeria","Oligosphaerales","Oligosphaeraceae",NA,NA,NA
"2722","sq1599","D6",0.000420601460087926,"D6","SB3 3E1","SB","External",3,0.711169545,0.121,0,FALSE,"Bacteria","Myxococcota","Polyangia","Polyangiales","BIrii41",NA,NA,NA
"2723","sq296","D6",0.000420601460087926,"D6","SB3 3E1","SB","External",3,0.711169545,0.121,0,FALSE,"Bacteria","Proteobacteria","Gammaproteobacteria","Pseudomonadales","Hahellaceae",NA,NA,NA
"2724","sq807","D11",0.000420517236200527,"D11","SB4 5N1","SB","Internal",5,1.132759402,0.701,0,FALSE,"Bacteria","Proteobacteria","Gammaproteobacteria","Thiomicrospirales","Thiomicrospiraceae",NA,NA,NA
"2725","sq1676","D12",0.000420310329126338,"D12","SB4 5E1","SB","External",5,0.897520783,0.4,0,FALSE,"Bacteria","Proteobacteria","Alphaproteobacteria","Rhodospirillales","Magnetospiraceae",NA,NA,NA
"2726","sq223","D2",0.000419706850907212,"D2","SB3 1E2","SB","External",1,0.994590822,NA,0,FALSE,"Bacteria","Proteobacteria","Alphaproteobacteria","Tistrellales","Geminicoccaceae",NA,NA,NA
"2727","sq323","D2",0.000419706850907212,"D2","SB3 1E2","SB","External",1,0.994590822,NA,0,FALSE,"Bacteria","Campylobacterota","Campylobacteria","Campylobacterales","Sulfurimonadaceae",NA,NA,NA
"2728","sq2454","E9",0.000419432489605369,"E9","TM3 27N1","TM","Internal",27,1.647954829,2.235,NA,FALSE,"Bacteria","Proteobacteria","Alphaproteobacteria","Alphaproteobacteria Incertae Sedis","Unknown Family",NA,NA,NA
"2729","sq1114","D1",0.000418996242127453,"D1","SB3 1N1 ","SB","Internal",1,1.016765819,NA,0,FALSE,"Bacteria","Bacteroidota","Bacteroidia","Sphingobacteriales","ST-12K33",NA,NA,NA
"2730","sq1513","D4",0.000418565272400377,"D4","SB3 2E1","SB","External",2,0.652985075,0.136,NA,FALSE,"Bacteria","Campylobacterota","Campylobacteria","Campylobacterales","Helicobacteraceae",NA,NA,NA
"2731","sq1792","E7",0.000417342016635447,"E7","TM3 26N1","TM","Internal",26,1.910828025,NA,0.056,FALSE,"Bacteria","Bacteroidota","Bacteroidia","Bacteroidales","Salinivirgaceae",NA,NA,NA
"2732","sq1513","D10",0.00041566824783608,"D10","SB4 4E1","SB","External",4,0.947375251,0.459,NA,FALSE,"Bacteria","Campylobacterota","Campylobacteria","Campylobacterales","Helicobacteraceae",NA,NA,NA
"2733","sq3237","E12",0.000415044370219578,"E12","TM3 28E1","TM","External",28,1.516085295,1.023,0,FALSE,"Bacteria","Desulfobacterota","Desulfuromonadia","Desulfuromonadales","Geothermobacteraceae",NA,NA,NA
"2734","sq682","E12",0.000415044370219578,"E12","TM3 28E1","TM","External",28,1.516085295,1.023,0,FALSE,"Bacteria","Proteobacteria","Gammaproteobacteria","Pseudomonadales","Saccharospirillaceae",NA,NA,NA
"2735","sq8296","E12",0.000415044370219578,"E12","TM3 28E1","TM","External",28,1.516085295,1.023,0,FALSE,"Bacteria","Proteobacteria","Magnetococcia","Magnetococcales","Magnetococcaceae",NA,NA,NA
"2736","sq1301","D1",0.000412449425844212,"D1","SB3 1N1 ","SB","Internal",1,1.016765819,NA,0,FALSE,"Bacteria","Modulibacteria","Moduliflexia","Moduliflexales","Moduliflexaceae",NA,NA,NA
"2737","sq2046","D2",0.000411635565312843,"D2","SB3 1E2","SB","External",1,0.994590822,NA,0,FALSE,"Bacteria","Fibrobacterota","Fibrobacteria","Fibrobacterales","TG3",NA,NA,NA
"2738","sq223","D6",0.000410587139609642,"D6","SB3 3E1","SB","External",3,0.711169545,0.121,0,FALSE,"Bacteria","Proteobacteria","Alphaproteobacteria","Tistrellales","Geminicoccaceae",NA,NA,NA
"2739","sq630","D6",0.000410587139609642,"D6","SB3 3E1","SB","External",3,0.711169545,0.121,0,FALSE,"Bacteria","Proteobacteria","Alphaproteobacteria","Rhodospirillales","Terasakiellaceae",NA,NA,NA
"2740","sq1346","E9",0.000410314392005252,"E9","TM3 27N1","TM","Internal",27,1.647954829,2.235,NA,FALSE,"Bacteria","Desulfobacterota","Desulfobulbia","Desulfobulbales","Desulfurivibrionaceae",NA,NA,NA
"2741","sq2037","E9",0.000410314392005252,"E9","TM3 27N1","TM","Internal",27,1.647954829,2.235,NA,FALSE,"Bacteria","Acidobacteriota","Blastocatellia","Blastocatellales","Blastocatellaceae",NA,NA,NA
"2742","sq1299","D3",0.000409472462976865,"D3","SB3 2N1","SB","Internal",2,0.775372332,0.11,NA,FALSE,"Bacteria","Proteobacteria","Gammaproteobacteria","Tenderiales","Tenderiaceae",NA,NA,NA
"2743","sq1518","D3",0.000409472462976865,"D3","SB3 2N1","SB","Internal",2,0.775372332,0.11,NA,FALSE,"Bacteria","Planctomycetota","Planctomycetes","Planctomycetales","Schlesneriaceae",NA,NA,NA
"2744","sq997","D7",0.000408731527250897,"D7","SB4 3N1","SB","Internal",3,0.947464318,NA,0,FALSE,"Bacteria","Verrucomicrobiota","Lentisphaeria","Oligosphaerales","Lenti-02",NA,NA,NA
"2745","sq1043","D10",0.000407517890035373,"D10","SB4 4E1","SB","External",4,0.947375251,0.459,NA,FALSE,"Bacteria","Actinobacteriota","Actinobacteria","Nitriliruptorales","Nitriliruptoraceae",NA,NA,NA
"2746","sq171","E1",0.000407047740885038,"E1","TM2 21N1","TM","Internal",21,0.632675847,NA,0,FALSE,"Bacteria","Fibrobacterota","Fibrobacteria","Fibrobacterales","MAT-CR-H6-H10",NA,NA,NA
"2747","sq1792","E1",0.000407047740885038,"E1","TM2 21N1","TM","Internal",21,0.632675847,NA,0,FALSE,"Bacteria","Bacteroidota","Bacteroidia","Bacteroidales","Salinivirgaceae",NA,NA,NA
"2748","sq2280","E1",0.000407047740885038,"E1","TM2 21N1","TM","Internal",21,0.632675847,NA,0,FALSE,"Bacteria","Proteobacteria","Gammaproteobacteria","Ectothiorhodospirales","Thioalkalispiraceae",NA,NA,NA
"2749","sq1794","E12",0.000405162361404826,"E12","TM3 28E1","TM","External",28,1.516085295,1.023,0,FALSE,"Bacteria","Desulfobacterota","Desulfarculia","Desulfarculales","Desulfarculaceae",NA,NA,NA
"2750","sq198","E12",0.000405162361404826,"E12","TM3 28E1","TM","External",28,1.516085295,1.023,0,FALSE,"Bacteria","Bacteroidota","Bacteroidia","Bacteroidales","ML635J-40 aquatic group",NA,NA,NA
"2751","sq1719","E11",0.000404413289642872,"E11","TM3 28N1","TM","Internal",28,1.477155617,2.427,0.039,FALSE,"Bacteria","Actinobacteriota","Acidimicrobiia","Microtrichales","Ilumatobacteraceae",NA,NA,NA
"2752","sq2046","E3",0.000403881014774531,"E3","TM2 22N1","TM","Internal",22,1.027042307,1.612,NA,FALSE,"Bacteria","Fibrobacterota","Fibrobacteria","Fibrobacterales","TG3",NA,NA,NA
"2753","sq985","E3",0.000403881014774531,"E3","TM2 22N1","TM","Internal",22,1.027042307,1.612,NA,FALSE,"Bacteria","Firmicutes","Clostridia","Christensenellales","Christensenellaceae",NA,NA,NA
"2754","sq222","E2",0.000403645037000795,"E2","TM2 21E1","TM","External",21,3.767123288,NA,0,FALSE,"Bacteria","Proteobacteria","Gammaproteobacteria","Enterobacterales","Vibrionaceae",NA,NA,NA
"2755","sq2516","E2",0.000403645037000795,"E2","TM2 21E1","TM","External",21,3.767123288,NA,0,FALSE,"Bacteria","Proteobacteria","Gammaproteobacteria","Pseudomonadales","Porticoccaceae",NA,NA,NA
"2756","sq3076","D2",0.000403564279718474,"D2","SB3 1E2","SB","External",1,0.994590822,NA,0,FALSE,"Bacteria","Bacteroidota","Bacteroidia","Cytophagales","Bernardetiaceae",NA,NA,NA
"2757","sq2046","E4",0.00040221409281569,"E4","TM2 22E1","TM","External",22,1.31061599,0.595,NA,FALSE,"Bacteria","Fibrobacterota","Fibrobacteria","Fibrobacterales","TG3",NA,NA,NA
"2758","sq3001","E4",0.00040221409281569,"E4","TM2 22E1","TM","External",22,1.31061599,0.595,NA,FALSE,"Bacteria","Proteobacteria","Gammaproteobacteria","Coxiellales","Coxiellaceae",NA,NA,NA
"2759","sq75","E4",0.00040221409281569,"E4","TM2 22E1","TM","External",22,1.31061599,0.595,NA,FALSE,"Bacteria","Acidobacteriota","Holophagae","Acanthopleuribacterales","Acanthopleuribacteraceae",NA,NA,NA
"2760","sq1338","E5",0.00040215247323771,"E5","TM2 23N1","TM","Internal",23,1.041089822,0.484,0,FALSE,"Bacteria","Proteobacteria","Gammaproteobacteria","Pseudomonadales","P13-46",NA,NA,NA
"2761","sq2634","E5",0.00040215247323771,"E5","TM2 23N1","TM","Internal",23,1.041089822,0.484,0,FALSE,"Bacteria","Proteobacteria","Gammaproteobacteria","Legionellales","Legionellaceae",NA,NA,NA
"2762","sq676","E5",0.00040215247323771,"E5","TM2 23N1","TM","Internal",23,1.041089822,0.484,0,FALSE,"Bacteria","Bacteroidota","Kryptonia","Kryptoniales","MSB-3C8",NA,NA,NA
"2763","sq482","E8",0.000401796265658237,"E8","TM3 26E1","TM","External",26,1.169004676,NA,0.034,FALSE,"Bacteria","Proteobacteria","Alphaproteobacteria","Rhizobiales","Hyphomicrobiaceae",NA,NA,NA
"2764","sq2138","E6",0.000401258685138645,"E6","TM2 23E1","TM","External",23,1.016192071,0.102,0,FALSE,"Bacteria","Cloacimonadota","Cloacimonadia","Cloacimonadales","MSBL8",NA,NA,NA
"2765","sq2536","D12",0.000396959755285986,"D12","SB4 5E1","SB","External",5,0.897520783,0.4,0,FALSE,"Bacteria","Planctomycetota","Planctomycetes","Gemmatales","Gemmataceae",NA,NA,NA
"2766","sq844","D12",0.000396959755285986,"D12","SB4 5E1","SB","External",5,0.897520783,0.4,0,FALSE,"Bacteria","Proteobacteria","Gammaproteobacteria","Pseudomonadales","Microbulbiferaceae",NA,NA,NA
"2767","sq3731","D7",0.000395958667024307,"D7","SB4 3N1","SB","Internal",3,0.947464318,NA,0,FALSE,"Bacteria","Cyanobacteria","Cyanobacteriia","Cyanobacteriales","Xenococcaceae",NA,NA,NA
"2768","sq331","D2",0.000395492994124104,"D2","SB3 1E2","SB","External",1,0.994590822,NA,0,FALSE,"Bacteria","Proteobacteria","Gammaproteobacteria","Pseudomonadales","Marinobacteraceae",NA,NA,NA
"2769","sq2050","E12",0.000395280352590075,"E12","TM3 28E1","TM","External",28,1.516085295,1.023,0,FALSE,"Bacteria","Proteobacteria","Gammaproteobacteria","Pseudomonadales","Oleiphilaceae",NA,NA,NA
"2770","sq1893","E11",0.000394043718113568,"E11","TM3 28N1","TM","Internal",28,1.477155617,2.427,0.039,FALSE,"Bacteria","Myxococcota","Polyangia","Polyangiales","Phaselicystidaceae",NA,NA,NA
"2771","sq2050","E11",0.000394043718113568,"E11","TM3 28N1","TM","Internal",28,1.477155617,2.427,0.039,FALSE,"Bacteria","Proteobacteria","Gammaproteobacteria","Pseudomonadales","Oleiphilaceae",NA,NA,NA
"2772","sq104","E10",0.0003926253268397,"E10","TM3 27E1","TM","External",27,0.830019021,0.233,NA,FALSE,"Bacteria","Cyanobacteria","Cyanobacteriia","Phormidesmiales","Nodosilineaceae",NA,NA,NA
"2773","sq4562","E10",0.0003926253268397,"E10","TM3 27E1","TM","External",27,0.830019021,0.233,NA,FALSE,"Bacteria","Proteobacteria","Gammaproteobacteria","Salinisphaerales","Solimonadaceae",NA,NA,NA
"2774","sq1346","D9",0.000392400510120663,"D9","SB4 4N1","SB","Internal",4,1.337102689,1.856,NA,FALSE,"Bacteria","Desulfobacterota","Desulfobulbia","Desulfobulbales","Desulfurivibrionaceae",NA,NA,NA
"2775","sq578","E2",0.000391413369212892,"E2","TM2 21E1","TM","External",21,3.767123288,NA,0,FALSE,"Bacteria","Fibrobacterota","Fibrobacteria","Fibrobacterales","Fibrobacteraceae",NA,NA,NA
"2776","sq482","D10",0.000391217174433958,"D10","SB4 4E1","SB","External",4,0.947375251,0.459,NA,FALSE,"Bacteria","Proteobacteria","Alphaproteobacteria","Rhizobiales","Hyphomicrobiaceae",NA,NA,NA
"2777","sq3643","E6",0.000390699246056049,"E6","TM2 23E1","TM","External",23,1.016192071,0.102,0,FALSE,"Bacteria","Planctomycetota","Phycisphaerae","MSBL9","SM23-30",NA,NA,NA
"2778","sq1518","D6",0.000390558498653074,"D6","SB3 3E1","SB","External",3,0.711169545,0.121,0,FALSE,"Bacteria","Planctomycetota","Planctomycetes","Planctomycetales","Schlesneriaceae",NA,NA,NA
"2779","sq283","D6",0.000390558498653074,"D6","SB3 3E1","SB","External",3,0.711169545,0.121,0,FALSE,"Bacteria","Cyanobacteria","Cyanobacteriia","Oxyphotobacteria Incertae Sedis","Unknown Family",NA,NA,NA
"2780","sq985","D6",0.000390558498653074,"D6","SB3 3E1","SB","External",3,0.711169545,0.121,0,FALSE,"Bacteria","Firmicutes","Clostridia","Christensenellales","Christensenellaceae",NA,NA,NA
"2781","sq1299","D4",0.000390026731100351,"D4","SB3 2E1","SB","External",2,0.652985075,0.136,NA,FALSE,"Bacteria","Proteobacteria","Gammaproteobacteria","Tenderiales","Tenderiaceae",NA,NA,NA
"2782","sq5939","D4",0.000390026731100351,"D4","SB3 2E1","SB","External",2,0.652985075,0.136,NA,FALSE,"Bacteria","Firmicutes","Clostridia","Peptostreptococcales-Tissierellales","Sporosalibacterium",NA,NA,NA
"2783","sq208","D4",0.000390026731100351,"D4","SB3 2E1","SB","External",2,0.652985075,0.136,NA,FALSE,"Bacteria","Planctomycetota","Planctomycetes","Planctomycetales","Gimesiaceae",NA,NA,NA
"2784","sq4113","E8",0.000389978728432995,"E8","TM3 26E1","TM","External",26,1.169004676,NA,0.034,FALSE,"Bacteria","Bacteroidota","Bacteroidia","Sphingobacteriales","E6aC02",NA,NA,NA
"2785","sq171","D8",0.00038931922834244,"D8","SB4 3E1","SB","External",3,0.797997922,NA,0,FALSE,"Bacteria","Fibrobacterota","Fibrobacteria","Fibrobacterales","MAT-CR-H6-H10",NA,NA,NA
"2786","sq2893","D2",0.000387421708529735,"D2","SB3 1E2","SB","External",1,0.994590822,NA,0,FALSE,"Bacteria","Bacteroidota","Bacteroidia","Flavobacteriales","Weeksellaceae",NA,NA,NA
"2787","sq2359","D3",0.000386723992811483,"D3","SB3 2N1","SB","Internal",2,0.775372332,0.11,NA,FALSE,"Bacteria","Proteobacteria","Gammaproteobacteria","Enterobacterales","Kangiellaceae",NA,NA,NA
"2788","sq1719","D1",0.000386262160711246,"D1","SB3 1N1 ","SB","Internal",1,1.016765819,NA,0,FALSE,"Bacteria","Actinobacteriota","Acidimicrobiia","Microtrichales","Ilumatobacteraceae",NA,NA,NA
"2789","sq2634","E12",0.000385398343775323,"E12","TM3 28E1","TM","External",28,1.516085295,1.023,0,FALSE,"Bacteria","Proteobacteria","Gammaproteobacteria","Legionellales","Legionellaceae",NA,NA,NA
"2790","sq880","E12",0.000385398343775323,"E12","TM3 28E1","TM","External",28,1.516085295,1.023,0,FALSE,"Bacteria","Proteobacteria","Alphaproteobacteria","Caulobacterales","Parvularculaceae",NA,NA,NA
"2791","sq321","D12",0.00038528446836581,"D12","SB4 5E1","SB","External",5,0.897520783,0.4,0,FALSE,"Bacteria","Chloroflexi","Anaerolineae","Anaerolineales","Anaerolineaceae",NA,NA,NA
"2792","sq989","D9",0.000384225499493149,"D9","SB4 4N1","SB","Internal",4,1.337102689,1.856,NA,FALSE,"Bacteria","Myxococcota","Polyangia","Haliangiales","Haliangiaceae",NA,NA,NA
"2793","sq14","E11",0.000383674146584263,"E11","TM3 28N1","TM","Internal",28,1.477155617,2.427,0.039,FALSE,"Bacteria","Cyanobacteria","Cyanobacteriia","Phormidesmiales","Phormidesmiaceae",NA,NA,NA
"2794","sq391","D7",0.000383185806797716,"D7","SB4 3N1","SB","Internal",3,0.947464318,NA,0,FALSE,"Bacteria","Proteobacteria","Gammaproteobacteria","Beggiatoales","Beggiatoaceae",NA,NA,NA
"2795","sq1299","D10",0.00038306681663325,"D10","SB4 4E1","SB","External",4,0.947375251,0.459,NA,FALSE,"Bacteria","Proteobacteria","Gammaproteobacteria","Tenderiales","Tenderiaceae",NA,NA,NA
"2796","sq3731","E5",0.000383002355464486,"E5","TM2 23N1","TM","Internal",23,1.041089822,0.484,0,FALSE,"Bacteria","Cyanobacteria","Cyanobacteriia","Cyanobacteriales","Xenococcaceae",NA,NA,NA
"2797","sq578","E5",0.000383002355464486,"E5","TM2 23N1","TM","Internal",23,1.041089822,0.484,0,FALSE,"Bacteria","Fibrobacterota","Fibrobacteria","Fibrobacterales","Fibrobacteraceae",NA,NA,NA
"2798","sq8296","E5",0.000383002355464486,"E5","TM2 23N1","TM","Internal",23,1.041089822,0.484,0,FALSE,"Bacteria","Proteobacteria","Magnetococcia","Magnetococcales","Magnetococcaceae",NA,NA,NA
"2799","sq1301","E9",0.000382960099204902,"E9","TM3 27N1","TM","Internal",27,1.647954829,2.235,NA,FALSE,"Bacteria","Modulibacteria","Moduliflexia","Moduliflexales","Moduliflexaceae",NA,NA,NA
"2800","sq1893","E9",0.000382960099204902,"E9","TM3 27N1","TM","Internal",27,1.647954829,2.235,NA,FALSE,"Bacteria","Myxococcota","Polyangia","Polyangiales","Phaselicystidaceae",NA,NA,NA
"2801","sq1599","D4",0.000380513884000342,"D4","SB3 2E1","SB","External",2,0.652985075,0.136,NA,FALSE,"Bacteria","Myxococcota","Polyangia","Polyangiales","BIrii41",NA,NA,NA
"2802","sq3738","D4",0.000380513884000342,"D4","SB3 2E1","SB","External",2,0.652985075,0.136,NA,FALSE,"Bacteria","Bacteroidota","Bacteroidia","Sphingobacteriales","NS11-12 marine group",NA,NA,NA
"2803","sq1676","E6",0.000380139806973454,"E6","TM2 23E1","TM","External",23,1.016192071,0.102,0,FALSE,"Bacteria","Proteobacteria","Alphaproteobacteria","Rhodospirillales","Magnetospiraceae",NA,NA,NA
"2804","sq3001","E6",0.000380139806973454,"E6","TM2 23E1","TM","External",23,1.016192071,0.102,0,FALSE,"Bacteria","Proteobacteria","Gammaproteobacteria","Coxiellales","Coxiellaceae",NA,NA,NA
"2805","sq630","E6",0.000380139806973454,"E6","TM2 23E1","TM","External",23,1.016192071,0.102,0,FALSE,"Bacteria","Proteobacteria","Alphaproteobacteria","Rhodospirillales","Terasakiellaceae",NA,NA,NA
"2806","sq3001","D1",0.000379715344428005,"D1","SB3 1N1 ","SB","Internal",1,1.016765819,NA,0,FALSE,"Bacteria","Proteobacteria","Gammaproteobacteria","Coxiellales","Coxiellaceae",NA,NA,NA
"2807","sq731","E2",0.000379181701424989,"E2","TM2 21E1","TM","External",21,3.767123288,NA,0,FALSE,"Bacteria","Myxococcota","Polyangia","Polyangiales","Eel-36e1D6",NA,NA,NA
"2808","sq639","E1",0.000377972902250393,"E1","TM2 21N1","TM","Internal",21,0.632675847,NA,0,FALSE,"Bacteria","Bdellovibrionota","Oligoflexia","Oligoflexales","Oligoflexaceae",NA,NA,NA
"2809","sq14","E1",0.000377972902250393,"E1","TM2 21N1","TM","Internal",21,0.632675847,NA,0,FALSE,"Bacteria","Cyanobacteria","Cyanobacteriia","Phormidesmiales","Phormidesmiaceae",NA,NA,NA
"2810","sq350","E1",0.000377972902250393,"E1","TM2 21N1","TM","Internal",21,0.632675847,NA,0,FALSE,"Bacteria","Bacteroidota","Bacteroidia","Cytophagales","Amoebophilaceae",NA,NA,NA
"2811","sq880","E1",0.000377972902250393,"E1","TM2 21N1","TM","Internal",21,0.632675847,NA,0,FALSE,"Bacteria","Proteobacteria","Alphaproteobacteria","Caulobacterales","Parvularculaceae",NA,NA,NA
"2812","sq3731","D8",0.000375894427365114,"D8","SB4 3E1","SB","External",3,0.797997922,NA,0,FALSE,"Bacteria","Cyanobacteria","Cyanobacteriia","Cyanobacteriales","Xenococcaceae",NA,NA,NA
"2813","sq6","E12",0.000375516334960571,"E12","TM3 28E1","TM","External",28,1.516085295,1.023,0,FALSE,"Bacteria","Cyanobacteria","Cyanobacteriia","Cyanobacteriales","Desertifilaceae",NA,NA,NA
"2814","sq2046","D3",0.000375349757728793,"D3","SB3 2N1","SB","Internal",2,0.775372332,0.11,NA,FALSE,"Bacteria","Fibrobacterota","Fibrobacteria","Fibrobacterales","TG3",NA,NA,NA
"2815","sq4084","D10",0.000374916458832543,"D10","SB4 4E1","SB","External",4,0.947375251,0.459,NA,FALSE,"Bacteria","Verrucomicrobiota","Chlamydiae","Chlamydiales","Simkaniaceae",NA,NA,NA
"2816","sq2046","D10",0.000374916458832543,"D10","SB4 4E1","SB","External",4,0.947375251,0.459,NA,FALSE,"Bacteria","Fibrobacterota","Fibrobacteria","Fibrobacterales","TG3",NA,NA,NA
"2817","sq1373","D12",0.000373609181445634,"D12","SB4 5E1","SB","External",5,0.897520783,0.4,0,FALSE,"Bacteria","Verrucomicrobiota","Verrucomicrobiae","Verrucomicrobiales","DEV007",NA,NA,NA
"2818","sq171","D12",0.000373609181445634,"D12","SB4 5E1","SB","External",5,0.897520783,0.4,0,FALSE,"Bacteria","Fibrobacterota","Fibrobacteria","Fibrobacterales","MAT-CR-H6-H10",NA,NA,NA
"2819","sq2088","D12",0.000373609181445634,"D12","SB4 5E1","SB","External",5,0.897520783,0.4,0,FALSE,"Bacteria","Proteobacteria","Alphaproteobacteria","Rhizobiales","Beijerinckiaceae",NA,NA,NA
"2820","sq2247","D12",0.000373609181445634,"D12","SB4 5E1","SB","External",5,0.897520783,0.4,0,FALSE,"Bacteria","Firmicutes","Bacilli","Brevibacillales","Brevibacillaceae",NA,NA,NA
"2821","sq267","D1",0.000373168528144763,"D1","SB3 1N1 ","SB","Internal",1,1.016765819,NA,0,FALSE,"Bacteria","Proteobacteria","Alphaproteobacteria","Rhizobiales","Rhizobiales Incertae Sedis",NA,NA,NA
"2822","sq807","D2",0.000371279137340996,"D2","SB3 1E2","SB","External",1,0.994590822,NA,0,FALSE,"Bacteria","Proteobacteria","Gammaproteobacteria","Thiomicrospirales","Thiomicrospiraceae",NA,NA,NA
"2823","sq676","D6",0.000370529857696506,"D6","SB3 3E1","SB","External",3,0.711169545,0.121,0,FALSE,"Bacteria","Bacteroidota","Kryptonia","Kryptoniales","MSB-3C8",NA,NA,NA
"2824","sq267","D11",0.000370455660462369,"D11","SB4 5N1","SB","Internal",5,1.132759402,0.701,0,FALSE,"Bacteria","Proteobacteria","Alphaproteobacteria","Rhizobiales","Rhizobiales Incertae Sedis",NA,NA,NA
"2825","sq446","D11",0.000370455660462369,"D11","SB4 5N1","SB","Internal",5,1.132759402,0.701,0,FALSE,"Bacteria","Campylobacterota","Campylobacteria","Campylobacterales","Arcobacteraceae",NA,NA,NA
"2826","sq2158","D11",0.000370455660462369,"D11","SB4 5N1","SB","Internal",5,1.132759402,0.701,0,FALSE,"Bacteria","Actinobacteriota","Acidimicrobiia","Microtrichales","Microtrichaceae",NA,NA,NA
"2827","sq1043","D7",0.000370412946571126,"D7","SB4 3N1","SB","Internal",3,0.947464318,NA,0,FALSE,"Bacteria","Actinobacteriota","Actinobacteria","Nitriliruptorales","Nitriliruptoraceae",NA,NA,NA
"2828","sq2054","D5",0.000369771204067483,"D5","SB3 3N1","SB","Internal",3,0.456230396,0,0,FALSE,"Bacteria","Halanaerobiaeota","Halanaerobiia","Halanaerobiales","Halobacteroidaceae",NA,NA,NA
"2829","sq1046","D9",0.000367875478238122,"D9","SB4 4N1","SB","Internal",4,1.337102689,1.856,NA,FALSE,"Bacteria","Firmicutes","Clostridia","Peptostreptococcales-Tissierellales","Fusibacteraceae",NA,NA,NA
"2830","sq578","E10",0.000367564135764826,"E10","TM3 27E1","TM","External",27,0.830019021,0.233,NA,FALSE,"Bacteria","Fibrobacterota","Fibrobacteria","Fibrobacterales","Fibrobacteraceae",NA,NA,NA
"2831","sq6861","E2",0.000366950033637086,"E2","TM2 21E1","TM","External",21,3.767123288,NA,0,FALSE,"Bacteria","Desulfobacterota","Syntrophobacteria","Syntrophobacterales","Syntrophobacteraceae",NA,NA,NA
"2832","sq1043","E12",0.000365634326145819,"E12","TM3 28E1","TM","External",28,1.516085295,1.023,0,FALSE,"Bacteria","Actinobacteriota","Actinobacteria","Nitriliruptorales","Nitriliruptoraceae",NA,NA,NA
"2833","sq3001","E12",0.000365634326145819,"E12","TM3 28E1","TM","External",28,1.516085295,1.023,0,FALSE,"Bacteria","Proteobacteria","Gammaproteobacteria","Coxiellales","Coxiellaceae",NA,NA,NA
"2834","sq222","E9",0.000364723904004668,"E9","TM3 27N1","TM","Internal",27,1.647954829,2.235,NA,FALSE,"Bacteria","Proteobacteria","Gammaproteobacteria","Enterobacterales","Vibrionaceae",NA,NA,NA
"2835","sq985","E9",0.000364723904004668,"E9","TM3 27N1","TM","Internal",27,1.647954829,2.235,NA,FALSE,"Bacteria","Firmicutes","Clostridia","Christensenellales","Christensenellaceae",NA,NA,NA
"2836","sq807","D3",0.000363975522646102,"D3","SB3 2N1","SB","Internal",2,0.775372332,0.11,NA,FALSE,"Bacteria","Proteobacteria","Gammaproteobacteria","Thiomicrospirales","Thiomicrospiraceae",NA,NA,NA
"2837","sq3467","E5",0.000363852237691262,"E5","TM2 23N1","TM","Internal",23,1.041089822,0.484,0,FALSE,"Bacteria","Bacteroidota","Bacteroidia","Bacteroidales","Marinilabiliaceae",NA,NA,NA
"2838","sq2497","E11",0.000362935003525654,"E11","TM3 28N1","TM","Internal",28,1.477155617,2.427,0.039,FALSE,"Bacteria","Latescibacterota","Latescibacteria","Latescibacterales","Latescibacteraceae",NA,NA,NA
"2839","sq1043","D8",0.000362469626387789,"D8","SB4 3E1","SB","External",3,0.797997922,NA,0,FALSE,"Bacteria","Actinobacteriota","Actinobacteria","Nitriliruptorales","Nitriliruptoraceae",NA,NA,NA
"2840","sq198","D8",0.000362469626387789,"D8","SB4 3E1","SB","External",3,0.797997922,NA,0,FALSE,"Bacteria","Bacteroidota","Bacteroidia","Bacteroidales","ML635J-40 aquatic group",NA,NA,NA
"2841","sq676","D8",0.000362469626387789,"D8","SB4 3E1","SB","External",3,0.797997922,NA,0,FALSE,"Bacteria","Bacteroidota","Kryptonia","Kryptoniales","MSB-3C8",NA,NA,NA
"2842","sq3001","D11",0.000360443345314737,"D11","SB4 5N1","SB","Internal",5,1.132759402,0.701,0,FALSE,"Bacteria","Proteobacteria","Gammaproteobacteria","Coxiellales","Coxiellaceae",NA,NA,NA
"2843","sq1459","D1",0.00036007489557828,"D1","SB3 1N1 ","SB","Internal",1,1.016765819,NA,0,FALSE,"Bacteria","Cyanobacteria","Cyanobacteriia","Cyanobacteriales","Microcystaceae",NA,NA,NA
"2844","sq2503","D9",0.000359700467610608,"D9","SB4 4N1","SB","Internal",4,1.337102689,1.856,NA,FALSE,"Bacteria","Firmicutes","Bacilli","Bacillales","Bacillaceae",NA,NA,NA
"2845","sq771","D9",0.000359700467610608,"D9","SB4 4N1","SB","Internal",4,1.337102689,1.856,NA,FALSE,"Bacteria","Proteobacteria","Alphaproteobacteria","Rhizobiales","Rhizobiaceae",NA,NA,NA
"2846","sq2138","E10",0.000359210405406534,"E10","TM3 27E1","TM","External",27,0.830019021,0.233,NA,FALSE,"Bacteria","Cloacimonadota","Cloacimonadia","Cloacimonadales","MSBL8",NA,NA,NA
"2847","sq278","E7",0.000359108246872361,"E7","TM3 26N1","TM","Internal",26,1.910828025,NA,0.056,FALSE,"Bacteria","Firmicutes","Clostridia","Peptostreptococcales-Tissierellales","Clostridium sensu stricto",NA,NA,NA
"2848","sq2050","D10",0.000358615743231128,"D10","SB4 4E1","SB","External",4,0.947375251,0.459,NA,FALSE,"Bacteria","Proteobacteria","Gammaproteobacteria","Pseudomonadales","Oleiphilaceae",NA,NA,NA
"2849","sq267","D10",0.000358615743231128,"D10","SB4 4E1","SB","External",4,0.947375251,0.459,NA,FALSE,"Bacteria","Proteobacteria","Alphaproteobacteria","Rhizobiales","Rhizobiales Incertae Sedis",NA,NA,NA
"2850","sq269","D7",0.000357640086344535,"D7","SB4 3N1","SB","Internal",3,0.947464318,NA,0,FALSE,"Bacteria","Desulfobacterota","Desulfuromonadia","Desulfuromonadales","Sva1033",NA,NA,NA
"2851","sq902","D7",0.000357640086344535,"D7","SB4 3N1","SB","Internal",3,0.947464318,NA,0,FALSE,"Bacteria","Proteobacteria","Gammaproteobacteria","Pseudomonadales","Nitrincolaceae",NA,NA,NA
"2852","sq1730","E3",0.000356918106079818,"E3","TM2 22N1","TM","Internal",22,1.027042307,1.612,NA,FALSE,"Bacteria","Planctomycetota","Phycisphaerae","MSBL9","KCLunmb-38-53",NA,NA,NA
"2853","sq2330","E3",0.000356918106079818,"E3","TM2 22N1","TM","Internal",22,1.027042307,1.612,NA,FALSE,"Bacteria","Planctomycetota","Phycisphaerae","MSBL9","ST-NAGAB-D1",NA,NA,NA
"2854","sq2046","E12",0.000355752317331067,"E12","TM3 28E1","TM","External",28,1.516085295,1.023,0,FALSE,"Bacteria","Fibrobacterota","Fibrobacteria","Fibrobacterales","TG3",NA,NA,NA
"2855","sq2722","D2",0.000355136566152257,"D2","SB3 1E2","SB","External",1,0.994590822,NA,0,FALSE,"Bacteria","Verrucomicrobiota","Verrucomicrobiae","Chthoniobacterales","01D2Z36",NA,NA,NA
"2856","sq4117","D2",0.000355136566152257,"D2","SB3 1E2","SB","External",1,0.994590822,NA,0,FALSE,"Bacteria","Proteobacteria","Alphaproteobacteria","Rhizobiales","C2U",NA,NA,NA
"2857","sq3731","E2",0.000354718365849184,"E2","TM2 21E1","TM","External",21,3.767123288,NA,0,FALSE,"Bacteria","Cyanobacteria","Cyanobacteriia","Cyanobacteriales","Xenococcaceae",NA,NA,NA
"2858","sq583","E2",0.000354718365849184,"E2","TM2 21E1","TM","External",21,3.767123288,NA,0,FALSE,"Bacteria","Campylobacterota","Campylobacteria","Campylobacterales","Sulfurovaceae",NA,NA,NA
"2859","sq1316","E8",0.000354526116757268,"E8","TM3 26E1","TM","External",26,1.169004676,NA,0.034,FALSE,"Bacteria","Firmicutes","Clostridia","Lachnospirales","Lachnospiraceae",NA,NA,NA
"2860","sq440","E8",0.000354526116757268,"E8","TM3 26E1","TM","External",26,1.169004676,NA,0.034,FALSE,"Bacteria","Fusobacteriota","Fusobacteriia","Fusobacteriales","Fusobacteriaceae",NA,NA,NA
"2861","sq269","D1",0.000353528079295039,"D1","SB3 1N1 ","SB","Internal",1,1.016765819,NA,0,FALSE,"Bacteria","Desulfobacterota","Desulfuromonadia","Desulfuromonadales","Sva1033",NA,NA,NA
"2862","sq989","E11",0.00035256543199635,"E11","TM3 28N1","TM","Internal",28,1.477155617,2.427,0.039,FALSE,"Bacteria","Myxococcota","Polyangia","Haliangiales","Haliangiaceae",NA,NA,NA
"2863","sq296","D4",0.000351975342700317,"D4","SB3 2E1","SB","External",2,0.652985075,0.136,NA,FALSE,"Bacteria","Proteobacteria","Gammaproteobacteria","Pseudomonadales","Hahellaceae",NA,NA,NA
"2864","sq418","D9",0.000351525456983094,"D9","SB4 4N1","SB","Internal",4,1.337102689,1.856,NA,FALSE,"Bacteria","Planctomycetota","Phycisphaerae","Phycisphaerales","AKAU3564 sediment group",NA,NA,NA
"2865","sq676","D9",0.000351525456983094,"D9","SB4 4N1","SB","Internal",4,1.337102689,1.856,NA,FALSE,"Bacteria","Bacteroidota","Kryptonia","Kryptoniales","MSB-3C8",NA,NA,NA
"2866","sq1599","D5",0.000351282643864109,"D5","SB3 3N1","SB","Internal",3,0.456230396,0,0,FALSE,"Bacteria","Myxococcota","Polyangia","Polyangiales","BIrii41",NA,NA,NA
"2867","sq393","D10",0.00035046538543042,"D10","SB4 4E1","SB","External",4,0.947375251,0.459,NA,FALSE,"Bacteria","Proteobacteria","Gammaproteobacteria","Burkholderiales","Nitrosomonadaceae",NA,NA,NA
"2868","sq466","D10",0.00035046538543042,"D10","SB4 4E1","SB","External",4,0.947375251,0.459,NA,FALSE,"Bacteria","Firmicutes","Clostridia","Oscillospirales","Hungateiclostridiaceae",NA,NA,NA
"2869","sq3467","E7",0.000349402618578514,"E7","TM3 26N1","TM","Internal",26,1.910828025,NA,0.056,FALSE,"Bacteria","Bacteroidota","Bacteroidia","Bacteroidales","Marinilabiliaceae",NA,NA,NA
"2870","sq880","E7",0.000349402618578514,"E7","TM3 26N1","TM","Internal",26,1.910828025,NA,0.056,FALSE,"Bacteria","Proteobacteria","Alphaproteobacteria","Caulobacterales","Parvularculaceae",NA,NA,NA
"2871","sq2634","D8",0.000349044825410463,"D8","SB4 3E1","SB","External",3,0.797997922,NA,0,FALSE,"Bacteria","Proteobacteria","Gammaproteobacteria","Legionellales","Legionellaceae",NA,NA,NA
"2872","sq1766","E1",0.000348898063615747,"E1","TM2 21N1","TM","Internal",21,0.632675847,NA,0,FALSE,"Bacteria","Fermentibacterota","Fermentibacteria","Fermentibacterales","Fermentibacteraceae",NA,NA,NA
"2873","sq2158","E1",0.000348898063615747,"E1","TM2 21N1","TM","Internal",21,0.632675847,NA,0,FALSE,"Bacteria","Actinobacteriota","Acidimicrobiia","Microtrichales","Microtrichaceae",NA,NA,NA
"2874","sq902","E1",0.000348898063615747,"E1","TM2 21N1","TM","Internal",21,0.632675847,NA,0,FALSE,"Bacteria","Proteobacteria","Gammaproteobacteria","Pseudomonadales","Nitrincolaceae",NA,NA,NA
"2875","sq75","E3",0.000347525524340876,"E3","TM2 22N1","TM","Internal",22,1.027042307,1.612,NA,FALSE,"Bacteria","Acidobacteriota","Holophagae","Acanthopleuribacterales","Acanthopleuribacteraceae",NA,NA,NA
"2876","sq389","D2",0.000347065280557887,"D2","SB3 1E2","SB","External",1,0.994590822,NA,0,FALSE,"Bacteria","Bacteroidota","Ignavibacteria","Ignavibacteriales","Melioribacteraceae",NA,NA,NA
"2877","sq821","E9",0.000346487708804435,"E9","TM3 27N1","TM","Internal",27,1.647954829,2.235,NA,FALSE,"Bacteria","Bacteroidota","Bacteroidia","Flavobacteriales","NS9 marine group",NA,NA,NA
"2878","sq731","E12",0.000345870308516315,"E12","TM3 28E1","TM","External",28,1.516085295,1.023,0,FALSE,"Bacteria","Myxococcota","Polyangia","Polyangiales","Eel-36e1D6",NA,NA,NA
"2879","sq1599","D7",0.000344867226117945,"D7","SB4 3N1","SB","Internal",3,0.947464318,NA,0,FALSE,"Bacteria","Myxococcota","Polyangia","Polyangiales","BIrii41",NA,NA,NA
"2880","sq1299","D7",0.000344867226117945,"D7","SB4 3N1","SB","Internal",3,0.947464318,NA,0,FALSE,"Bacteria","Proteobacteria","Gammaproteobacteria","Tenderiales","Tenderiaceae",NA,NA,NA
"2881","sq1338","D7",0.000344867226117945,"D7","SB4 3N1","SB","Internal",3,0.947464318,NA,0,FALSE,"Bacteria","Proteobacteria","Gammaproteobacteria","Pseudomonadales","P13-46",NA,NA,NA
"2882","sq2634","D7",0.000344867226117945,"D7","SB4 3N1","SB","Internal",3,0.947464318,NA,0,FALSE,"Bacteria","Proteobacteria","Gammaproteobacteria","Legionellales","Legionellaceae",NA,NA,NA
"2883","sq4084","E4",0.000344754936699163,"E4","TM2 22E1","TM","External",22,1.31061599,0.595,NA,FALSE,"Bacteria","Verrucomicrobiota","Chlamydiae","Chlamydiales","Simkaniaceae",NA,NA,NA
"2884","sq583","E4",0.000344754936699163,"E4","TM2 22E1","TM","External",22,1.31061599,0.595,NA,FALSE,"Bacteria","Campylobacterota","Campylobacteria","Campylobacterales","Sulfurovaceae",NA,NA,NA
"2885","sq1792","D9",0.00034335044635558,"D9","SB4 4N1","SB","Internal",4,1.337102689,1.856,NA,FALSE,"Bacteria","Bacteroidota","Bacteroidia","Bacteroidales","Salinivirgaceae",NA,NA,NA
"2886","sq4535","D9",0.00034335044635558,"D9","SB4 4N1","SB","Internal",4,1.337102689,1.856,NA,FALSE,"Bacteria","Proteobacteria","Alphaproteobacteria","Rickettsiales","Rickettsiaceae",NA,NA,NA
"2887","sq4899","D9",0.00034335044635558,"D9","SB4 4N1","SB","Internal",4,1.337102689,1.856,NA,FALSE,"Bacteria","Desulfobacterota","Desulfuromonadia","Bradymonadales","Bradymonadaceae",NA,NA,NA
"2888","sq2814","E10",0.000342502944689951,"E10","TM3 27E1","TM","External",27,0.830019021,0.233,NA,FALSE,"Bacteria","Verrucomicrobiota","Lentisphaeria","Oligosphaerales","Oligosphaeraceae",NA,NA,NA
"2889","sq1299","E2",0.000342486698061281,"E2","TM2 21E1","TM","External",21,3.767123288,NA,0,FALSE,"Bacteria","Proteobacteria","Gammaproteobacteria","Tenderiales","Tenderiaceae",NA,NA,NA
"2890","sq676","E2",0.000342486698061281,"E2","TM2 21E1","TM","External",21,3.767123288,NA,0,FALSE,"Bacteria","Bacteroidota","Kryptonia","Kryptoniales","MSB-3C8",NA,NA,NA
"2891","sq807","E2",0.000342486698061281,"E2","TM2 21E1","TM","External",21,3.767123288,NA,0,FALSE,"Bacteria","Proteobacteria","Gammaproteobacteria","Thiomicrospirales","Thiomicrospiraceae",NA,NA,NA
"2892","sq393","E11",0.000342195860467045,"E11","TM3 28N1","TM","Internal",28,1.477155617,2.427,0.039,FALSE,"Bacteria","Proteobacteria","Gammaproteobacteria","Burkholderiales","Nitrosomonadaceae",NA,NA,NA
"2893","sq5217","E11",0.000342195860467045,"E11","TM3 28N1","TM","Internal",28,1.477155617,2.427,0.039,FALSE,"Bacteria","Dependentiae","Babeliae","Babeliales","UBA12409",NA,NA,NA
"2894","sq583","E11",0.000342195860467045,"E11","TM3 28N1","TM","Internal",28,1.477155617,2.427,0.039,FALSE,"Bacteria","Campylobacterota","Campylobacteria","Campylobacterales","Sulfurovaceae",NA,NA,NA
"2895","sq170","D3",0.000341227052480721,"D3","SB3 2N1","SB","Internal",2,0.775372332,0.11,NA,FALSE,"Bacteria","Desulfobacterota","Desulfobacteria","Desulfatiglandales","Desulfatiglandaceae",NA,NA,NA
"2896","sq2050","D3",0.000341227052480721,"D3","SB3 2N1","SB","Internal",2,0.775372332,0.11,NA,FALSE,"Bacteria","Proteobacteria","Gammaproteobacteria","Pseudomonadales","Oleiphilaceae",NA,NA,NA
"2897","sq3076","D3",0.000341227052480721,"D3","SB3 2N1","SB","Internal",2,0.775372332,0.11,NA,FALSE,"Bacteria","Bacteroidota","Bacteroidia","Cytophagales","Bernardetiaceae",NA,NA,NA
"2898","sq1010","D6",0.000340486896261654,"D6","SB3 3E1","SB","External",3,0.711169545,0.121,0,FALSE,"Bacteria","Proteobacteria","Alphaproteobacteria","Rhizobiales","Methyloligellaceae",NA,NA,NA
"2899","sq2066","D6",0.000340486896261654,"D6","SB3 3E1","SB","External",3,0.711169545,0.121,0,FALSE,"Bacteria","Verrucomicrobiota","Verrucomicrobiae","Pedosphaerales","Pedosphaeraceae",NA,NA,NA
"2900","sq2280","D1",0.000340434446728556,"D1","SB3 1N1 ","SB","Internal",1,1.016765819,NA,0,FALSE,"Bacteria","Proteobacteria","Gammaproteobacteria","Ectothiorhodospirales","Thioalkalispiraceae",NA,NA,NA
"2901","sq3076","D1",0.000340434446728556,"D1","SB3 1N1 ","SB","Internal",1,1.016765819,NA,0,FALSE,"Bacteria","Bacteroidota","Bacteroidia","Cytophagales","Bernardetiaceae",NA,NA,NA
"2902","sq1114","E7",0.000339696990284666,"E7","TM3 26N1","TM","Internal",26,1.910828025,NA,0.056,FALSE,"Bacteria","Bacteroidota","Bacteroidia","Sphingobacteriales","ST-12K33",NA,NA,NA
"2903","sq440","E7",0.000339696990284666,"E7","TM3 26N1","TM","Internal",26,1.910828025,NA,0.056,FALSE,"Bacteria","Fusobacteriota","Fusobacteriia","Fusobacteriales","Fusobacteriaceae",NA,NA,NA
"2904","sq1473","D2",0.000338993994963518,"D2","SB3 1E2","SB","External",1,0.994590822,NA,0,FALSE,"Bacteria","Bacteroidota","Bacteroidia","Sphingobacteriales","Lentimicrobiaceae",NA,NA,NA
"2905","sq389","D12",0.000338583320685106,"D12","SB4 5E1","SB","External",5,0.897520783,0.4,0,FALSE,"Bacteria","Bacteroidota","Ignavibacteria","Ignavibacteriales","Melioribacteraceae",NA,NA,NA
"2906","sq405","E3",0.000338132942601933,"E3","TM2 22N1","TM","Internal",22,1.027042307,1.612,NA,FALSE,"Bacteria","Firmicutes","Bacilli","Izemoplasmatales","Izemoplasmataceae",NA,NA,NA
"2907","sq440","E3",0.000338132942601933,"E3","TM2 22N1","TM","Internal",22,1.027042307,1.612,NA,FALSE,"Bacteria","Fusobacteriota","Fusobacteriia","Fusobacteriales","Fusobacteriaceae",NA,NA,NA
"2908","sq2454","E6",0.00033790205064307,"E6","TM2 23E1","TM","External",23,1.016192071,0.102,0,FALSE,"Bacteria","Proteobacteria","Alphaproteobacteria","Alphaproteobacteria Incertae Sedis","Unknown Family",NA,NA,NA
"2909","sq682","E9",0.000337369611204318,"E9","TM3 27N1","TM","Internal",27,1.647954829,2.235,NA,FALSE,"Bacteria","Proteobacteria","Gammaproteobacteria","Pseudomonadales","Saccharospirillaceae",NA,NA,NA
"2910","sq821","E12",0.000335988299701563,"E12","TM3 28E1","TM","External",28,1.516085295,1.023,0,FALSE,"Bacteria","Bacteroidota","Bacteroidia","Flavobacteriales","NS9 marine group",NA,NA,NA
"2911","sq1410","D8",0.000335620024433138,"D8","SB4 3E1","SB","External",3,0.797997922,NA,0,FALSE,"Bacteria","Cyanobacteria","Cyanobacteriia","Leptolyngbyales","Leptolyngbyaceae",NA,NA,NA
"2912","sq2722","D8",0.000335620024433138,"D8","SB4 3E1","SB","External",3,0.797997922,NA,0,FALSE,"Bacteria","Verrucomicrobiota","Verrucomicrobiae","Chthoniobacterales","01D2Z36",NA,NA,NA
"2913","sq1676","E4",0.000335178410679742,"E4","TM2 22E1","TM","External",22,1.31061599,0.595,NA,FALSE,"Bacteria","Proteobacteria","Alphaproteobacteria","Rhodospirillales","Magnetospiraceae",NA,NA,NA
"2914","sq3467","E4",0.000335178410679742,"E4","TM2 22E1","TM","External",22,1.31061599,0.595,NA,FALSE,"Bacteria","Bacteroidota","Bacteroidia","Bacteroidales","Marinilabiliaceae",NA,NA,NA
"2915","sq1794","D9",0.000335175435728066,"D9","SB4 4N1","SB","Internal",4,1.337102689,1.856,NA,FALSE,"Bacteria","Desulfobacterota","Desulfarculia","Desulfarculales","Desulfarculaceae",NA,NA,NA
"2916","sq3790","D10",0.000334164669829005,"D10","SB4 4E1","SB","External",4,0.947375251,0.459,NA,FALSE,"Bacteria","Planctomycetota","Planctomycetes","Isosphaerales","Isosphaeraceae",NA,NA,NA
"2917","sq1114","E10",0.00033414921433166,"E10","TM3 27E1","TM","External",27,0.830019021,0.233,NA,FALSE,"Bacteria","Bacteroidota","Bacteroidia","Sphingobacteriales","ST-12K33",NA,NA,NA
"2918","sq1324","E10",0.00033414921433166,"E10","TM3 27E1","TM","External",27,0.830019021,0.233,NA,FALSE,"Bacteria","Planctomycetota","Phycisphaerae","MSBL9","4572-13",NA,NA,NA
"2919","sq2454","E10",0.00033414921433166,"E10","TM3 27E1","TM","External",27,0.830019021,0.233,NA,FALSE,"Bacteria","Proteobacteria","Alphaproteobacteria","Alphaproteobacteria Incertae Sedis","Unknown Family",NA,NA,NA
"2920","sq1766","D5",0.000332794083660735,"D5","SB3 3N1","SB","Internal",3,0.456230396,0,0,FALSE,"Bacteria","Fermentibacterota","Fermentibacteria","Fermentibacterales","Fermentibacteraceae",NA,NA,NA
"2921","sq267","D5",0.000332794083660735,"D5","SB3 3N1","SB","Internal",3,0.456230396,0,0,FALSE,"Bacteria","Proteobacteria","Alphaproteobacteria","Rhizobiales","Rhizobiales Incertae Sedis",NA,NA,NA
"2922","sq2503","D7",0.000332094365891354,"D7","SB4 3N1","SB","Internal",3,0.947464318,NA,0,FALSE,"Bacteria","Firmicutes","Bacilli","Bacillales","Bacillaceae",NA,NA,NA
"2923","sq7304","D7",0.000332094365891354,"D7","SB4 3N1","SB","Internal",3,0.947464318,NA,0,FALSE,"Bacteria","Fusobacteriota","Fusobacteriia","Fusobacteriales","Leptotrichiaceae",NA,NA,NA
"2924","sq880","D7",0.000332094365891354,"D7","SB4 3N1","SB","Internal",3,0.947464318,NA,0,FALSE,"Bacteria","Proteobacteria","Alphaproteobacteria","Caulobacterales","Parvularculaceae",NA,NA,NA
"2925","sq1114","E8",0.000330891042306783,"E8","TM3 26E1","TM","External",26,1.169004676,NA,0.034,FALSE,"Bacteria","Bacteroidota","Bacteroidia","Sphingobacteriales","ST-12K33",NA,NA,NA
"2926","sq1818","E8",0.000330891042306783,"E8","TM3 26E1","TM","External",26,1.169004676,NA,0.034,FALSE,"Bacteria","Chloroflexi","Anaerolineae","Caldilineales","Caldilineaceae",NA,NA,NA
"2927","sq378","E8",0.000330891042306783,"E8","TM3 26E1","TM","External",26,1.169004676,NA,0.034,FALSE,"Bacteria","Proteobacteria","Gammaproteobacteria","Enterobacterales","Pseudoalteromonadaceae",NA,NA,NA
"2928","sq989","E8",0.000330891042306783,"E8","TM3 26E1","TM","External",26,1.169004676,NA,0.034,FALSE,"Bacteria","Myxococcota","Polyangia","Haliangiales","Haliangiaceae",NA,NA,NA
"2929","sq1316","D6",0.00033047257578337,"D6","SB3 3E1","SB","External",3,0.711169545,0.121,0,FALSE,"Bacteria","Firmicutes","Clostridia","Lachnospirales","Lachnospiraceae",NA,NA,NA
"2930","sq210","D6",0.00033047257578337,"D6","SB3 3E1","SB","External",3,0.711169545,0.121,0,FALSE,"Bacteria","Calditrichota","Calditrichia","Calditrichales","Calditrichaceae",NA,NA,NA
"2931","sq4446","D11",0.000330406399871842,"D11","SB4 5N1","SB","Internal",5,1.132759402,0.701,0,FALSE,"Bacteria","Proteobacteria","Alphaproteobacteria","Kiloniellales","Fodinicurvataceae",NA,NA,NA
"2932","sq1534","E2",0.000330255030273378,"E2","TM2 21E1","TM","External",21,3.767123288,NA,0,FALSE,"Bacteria","Sumerlaeota","Sumerlaeia","Sumerlaeales","Sumerlaeaceae",NA,NA,NA
"2933","sq2645","E7",0.000329991361990818,"E7","TM3 26N1","TM","Internal",26,1.910828025,NA,0.056,FALSE,"Bacteria","Proteobacteria","Gammaproteobacteria","Pseudomonadales","Spongiibacteraceae",NA,NA,NA
"2934","sq2280","E3",0.00032874036086299,"E3","TM2 22N1","TM","Internal",22,1.027042307,1.612,NA,FALSE,"Bacteria","Proteobacteria","Gammaproteobacteria","Ectothiorhodospirales","Thioalkalispiraceae",NA,NA,NA
"2935","sq2536","E9",0.000328251513604202,"E9","TM3 27N1","TM","Internal",27,1.647954829,2.235,NA,FALSE,"Bacteria","Planctomycetota","Planctomycetes","Gemmatales","Gemmataceae",NA,NA,NA
"2936","sq2280","E6",0.000327342611560474,"E6","TM2 23E1","TM","External",23,1.016192071,0.102,0,FALSE,"Bacteria","Proteobacteria","Gammaproteobacteria","Ectothiorhodospirales","Thioalkalispiraceae",NA,NA,NA
"2937","sq482","D1",0.000327340814162073,"D1","SB3 1N1 ","SB","Internal",1,1.016765819,NA,0,FALSE,"Bacteria","Proteobacteria","Alphaproteobacteria","Rhizobiales","Hyphomicrobiaceae",NA,NA,NA
"2938","sq1599","D9",0.000327000425100553,"D9","SB4 4N1","SB","Internal",4,1.337102689,1.856,NA,FALSE,"Bacteria","Myxococcota","Polyangia","Polyangiales","BIrii41",NA,NA,NA
"2939","sq208","D12",0.00032690803376493,"D12","SB4 5E1","SB","External",5,0.897520783,0.4,0,FALSE,"Bacteria","Planctomycetota","Planctomycetes","Planctomycetales","Gimesiaceae",NA,NA,NA
"2940","sq731","D12",0.00032690803376493,"D12","SB4 5E1","SB","External",5,0.897520783,0.4,0,FALSE,"Bacteria","Myxococcota","Polyangia","Polyangiales","Eel-36e1D6",NA,NA,NA
"2941","sq3738","E10",0.000325795483973368,"E10","TM3 27E1","TM","External",27,0.830019021,0.233,NA,FALSE,"Bacteria","Bacteroidota","Bacteroidia","Sphingobacteriales","NS11-12 marine group",NA,NA,NA
"2942","sq6364","E10",0.000325795483973368,"E10","TM3 27E1","TM","External",27,0.830019021,0.233,NA,FALSE,"Bacteria","Verrucomicrobiota","Lentisphaeria","Victivallales","PRD18C08",NA,NA,NA
"2943","sq98","E5",0.000325552002144813,"E5","TM2 23N1","TM","Internal",23,1.041089822,0.484,0,FALSE,"Bacteria","Proteobacteria","Gammaproteobacteria","Pseudomonadales","Alcanivoracaceae1",NA,NA,NA
"2944","sq4006","D5",0.000323549803559048,"D5","SB3 3N1","SB","Internal",3,0.456230396,0,0,FALSE,"Bacteria","Dependentiae","Babeliae","Babeliales","Vermiphilaceae",NA,NA,NA
"2945","sq4084","D5",0.000323549803559048,"D5","SB3 3N1","SB","Internal",3,0.456230396,0,0,FALSE,"Bacteria","Verrucomicrobiota","Chlamydiae","Chlamydiales","Simkaniaceae",NA,NA,NA
"2946","sq223","D4",0.000323436801400291,"D4","SB3 2E1","SB","External",2,0.652985075,0.136,NA,FALSE,"Bacteria","Proteobacteria","Alphaproteobacteria","Tistrellales","Geminicoccaceae",NA,NA,NA
"2947","sq267","D4",0.000323436801400291,"D4","SB3 2E1","SB","External",2,0.652985075,0.136,NA,FALSE,"Bacteria","Proteobacteria","Alphaproteobacteria","Rhizobiales","Rhizobiales Incertae Sedis",NA,NA,NA
"2948","sq747","D2",0.000322851423774779,"D2","SB3 1E2","SB","External",1,0.994590822,NA,0,FALSE,"Bacteria","Verrucomicrobiota","Kiritimatiellae","Kiritimatiellales","Kiritimatiellaceae",NA,NA,NA
"2949","sq2047","D8",0.000322195223455812,"D8","SB4 3E1","SB","External",3,0.797997922,NA,0,FALSE,"Bacteria","Proteobacteria","Gammaproteobacteria","Pseudomonadales","OM182 clade",NA,NA,NA
"2950","sq2050","D8",0.000322195223455812,"D8","SB4 3E1","SB","External",3,0.797997922,NA,0,FALSE,"Bacteria","Proteobacteria","Gammaproteobacteria","Pseudomonadales","Oleiphilaceae",NA,NA,NA
"2951","sq807","D8",0.000322195223455812,"D8","SB4 3E1","SB","External",3,0.797997922,NA,0,FALSE,"Bacteria","Proteobacteria","Gammaproteobacteria","Thiomicrospirales","Thiomicrospiraceae",NA,NA,NA
"2952","sq1346","E11",0.000321456717408437,"E11","TM3 28N1","TM","Internal",28,1.477155617,2.427,0.039,FALSE,"Bacteria","Desulfobacterota","Desulfobulbia","Desulfobulbales","Desulfurivibrionaceae",NA,NA,NA
"2953","sq2645","E11",0.000321456717408437,"E11","TM3 28N1","TM","Internal",28,1.477155617,2.427,0.039,FALSE,"Bacteria","Proteobacteria","Gammaproteobacteria","Pseudomonadales","Spongiibacteraceae",NA,NA,NA
"2954","sq3643","D1",0.000320793997878831,"D1","SB3 1N1 ","SB","Internal",1,1.016765819,NA,0,FALSE,"Bacteria","Planctomycetota","Phycisphaerae","MSBL9","SM23-30",NA,NA,NA
"2955","sq902","D1",0.000320793997878831,"D1","SB3 1N1 ","SB","Internal",1,1.016765819,NA,0,FALSE,"Bacteria","Proteobacteria","Gammaproteobacteria","Pseudomonadales","Nitrincolaceae",NA,NA,NA
"2956","sq2497","E7",0.000320285733696971,"E7","TM3 26N1","TM","Internal",26,1.910828025,NA,0.056,FALSE,"Bacteria","Latescibacterota","Latescibacteria","Latescibacterales","Latescibacteraceae",NA,NA,NA
"2957","sq1513","E1",0.000319823224981101,"E1","TM2 21N1","TM","Internal",21,0.632675847,NA,0,FALSE,"Bacteria","Campylobacterota","Campylobacteria","Campylobacterales","Helicobacteraceae",NA,NA,NA
"2958","sq2028","E1",0.000319823224981101,"E1","TM2 21N1","TM","Internal",21,0.632675847,NA,0,FALSE,"Bacteria","Verrucomicrobiota","Omnitrophia","Omnitrophales","Omnitrophaceae",NA,NA,NA
"2959","sq3486","E1",0.000319823224981101,"E1","TM2 21N1","TM","Internal",21,0.632675847,NA,0,FALSE,"Bacteria","Firmicutes","Clostridia","Peptococcales","Peptococcaceae",NA,NA,NA
"2960","sq2138","E3",0.000319347779124048,"E3","TM2 22N1","TM","Internal",22,1.027042307,1.612,NA,FALSE,"Bacteria","Cloacimonadota","Cloacimonadia","Cloacimonadales","MSBL8",NA,NA,NA
"2961","sq1103","D7",0.000319321505664763,"D7","SB4 3N1","SB","Internal",3,0.947464318,NA,0,FALSE,"Bacteria","Proteobacteria","Gammaproteobacteria","Pseudomonadales","Cellvibrionaceae",NA,NA,NA
"2962","sq4084","D7",0.000319321505664763,"D7","SB4 3N1","SB","Internal",3,0.947464318,NA,0,FALSE,"Bacteria","Verrucomicrobiota","Chlamydiae","Chlamydiales","Simkaniaceae",NA,NA,NA
"2963","sq4266","D7",0.000319321505664763,"D7","SB4 3N1","SB","Internal",3,0.947464318,NA,0,FALSE,"Bacteria","Bacteroidota","Bacteroidia","Sphingobacteriales","LiUU-11-161",NA,NA,NA
"2964","sq771","D7",0.000319321505664763,"D7","SB4 3N1","SB","Internal",3,0.947464318,NA,0,FALSE,"Bacteria","Proteobacteria","Alphaproteobacteria","Rhizobiales","Rhizobiaceae",NA,NA,NA
"2965","sq4891","E9",0.000319133416004085,"E9","TM3 27N1","TM","Internal",27,1.647954829,2.235,NA,FALSE,"Bacteria","Proteobacteria","Gammaproteobacteria","Pseudomonadales","Moraxellaceae",NA,NA,NA
"2966","sq560","E9",0.000319133416004085,"E9","TM3 27N1","TM","Internal",27,1.647954829,2.235,NA,FALSE,"Bacteria","Verrucomicrobiota","Verrucomicrobiae","Methylacidiphilales","Methylacidiphilaceae",NA,NA,NA
"2967","sq65","E9",0.000319133416004085,"E9","TM3 27N1","TM","Internal",27,1.647954829,2.235,NA,FALSE,"Bacteria","Cyanobacteria","Cyanobacteriia","Cyanobacteriales","Oscillatoriaceae",NA,NA,NA
"2968","sq223","D3",0.000318478582315339,"D3","SB3 2N1","SB","Internal",2,0.775372332,0.11,NA,FALSE,"Bacteria","Proteobacteria","Alphaproteobacteria","Tistrellales","Geminicoccaceae",NA,NA,NA
"2969","sq4927","E2",0.000318023362485475,"E2","TM2 21E1","TM","External",21,3.767123288,NA,0,FALSE,"Bacteria","Gemmatimonadota","Gemmatimonadetes","Gemmatimonadales","Gemmatimonadaceae",NA,NA,NA
"2970","sq682","E2",0.000318023362485475,"E2","TM2 21E1","TM","External",21,3.767123288,NA,0,FALSE,"Bacteria","Proteobacteria","Gammaproteobacteria","Pseudomonadales","Saccharospirillaceae",NA,NA,NA
"2971","sq7329","E2",0.000318023362485475,"E2","TM2 21E1","TM","External",21,3.767123288,NA,0,FALSE,"Bacteria","Chloroflexi","Chloroflexia","Thermomicrobiales","AKYG1722",NA,NA,NA
"2972","sq2951","D10",0.000317863954227591,"D10","SB4 4E1","SB","External",4,0.947375251,0.459,NA,FALSE,"Bacteria","Verrucomicrobiota","Chlamydiae","Chlamydiales","Chlamydiaceae",NA,NA,NA
"2973","sq418","D10",0.000317863954227591,"D10","SB4 4E1","SB","External",4,0.947375251,0.459,NA,FALSE,"Bacteria","Planctomycetota","Phycisphaerae","Phycisphaerales","AKAU3564 sediment group",NA,NA,NA
"2974","sq1893","E10",0.000317441753615077,"E10","TM3 27E1","TM","External",27,0.830019021,0.233,NA,FALSE,"Bacteria","Myxococcota","Polyangia","Polyangiales","Phaselicystidaceae",NA,NA,NA
"2975","sq2355","E10",0.000317441753615077,"E10","TM3 27E1","TM","External",27,0.830019021,0.233,NA,FALSE,"Bacteria","Verrucomicrobiota","Lentisphaeria","Victivallales","BD2-3",NA,NA,NA
"2976","sq4777","E10",0.000317441753615077,"E10","TM3 27E1","TM","External",27,0.830019021,0.233,NA,FALSE,"Bacteria","Fibrobacterota","Fibrobacteria","Fibrobacterales","SBXY-748",NA,NA,NA
"2977","sq98","E6",0.000316783172477878,"E6","TM2 23E1","TM","External",23,1.016192071,0.102,0,FALSE,"Bacteria","Proteobacteria","Gammaproteobacteria","Pseudomonadales","Alcanivoracaceae1",NA,NA,NA
"2978","sq14","E12",0.00031622428207206,"E12","TM3 28E1","TM","External",28,1.516085295,1.023,0,FALSE,"Bacteria","Cyanobacteria","Cyanobacteriia","Phormidesmiales","Phormidesmiaceae",NA,NA,NA
"2979","sq440","E12",0.00031622428207206,"E12","TM3 28E1","TM","External",28,1.516085295,1.023,0,FALSE,"Bacteria","Fusobacteriota","Fusobacteriia","Fusobacteriales","Fusobacteriaceae",NA,NA,NA
"2980","sq2293","E4",0.000316025358640899,"E4","TM2 22E1","TM","External",22,1.31061599,0.595,NA,FALSE,"Bacteria","Thermotogota","Thermotogae","Petrotogales","Petrotogaceae",NA,NA,NA
"2981","sq807","D12",0.000315232746844754,"D12","SB4 5E1","SB","External",5,0.897520783,0.4,0,FALSE,"Bacteria","Proteobacteria","Gammaproteobacteria","Thiomicrospirales","Thiomicrospiraceae",NA,NA,NA
"2982","sq2722","D4",0.000313923954300282,"D4","SB3 2E1","SB","External",2,0.652985075,0.136,NA,FALSE,"Bacteria","Verrucomicrobiota","Verrucomicrobiae","Chthoniobacterales","01D2Z36",NA,NA,NA
"2983","sq2293","E11",0.000311087145879132,"E11","TM3 28N1","TM","Internal",28,1.477155617,2.427,0.039,FALSE,"Bacteria","Thermotogota","Thermotogae","Petrotogales","Petrotogaceae",NA,NA,NA
"2984","sq3467","E11",0.000311087145879132,"E11","TM3 28N1","TM","Internal",28,1.477155617,2.427,0.039,FALSE,"Bacteria","Bacteroidota","Bacteroidia","Bacteroidales","Marinilabiliaceae",NA,NA,NA
"2985","sq393","D9",0.000310650403845525,"D9","SB4 4N1","SB","Internal",4,1.337102689,1.856,NA,FALSE,"Bacteria","Proteobacteria","Gammaproteobacteria","Burkholderiales","Nitrosomonadaceae",NA,NA,NA
"2986","sq208","D6",0.000310443934826802,"D6","SB3 3E1","SB","External",3,0.711169545,0.121,0,FALSE,"Bacteria","Planctomycetota","Planctomycetes","Planctomycetales","Gimesiaceae",NA,NA,NA
"2987","sq997","D11",0.000310381769576579,"D11","SB4 5N1","SB","Internal",5,1.132759402,0.701,0,FALSE,"Bacteria","Verrucomicrobiota","Lentisphaeria","Oligosphaerales","Lenti-02",NA,NA,NA
"2988","sq183","D10",0.000309713596426883,"D10","SB4 4E1","SB","External",4,0.947375251,0.459,NA,FALSE,"Bacteria","Proteobacteria","Gammaproteobacteria","Ectothiorhodospirales","Ectothiorhodospiraceae",NA,NA,NA
"2989","sq1316","E10",0.000309088023256785,"E10","TM3 27E1","TM","External",27,0.830019021,0.233,NA,FALSE,"Bacteria","Firmicutes","Clostridia","Lachnospirales","Lachnospiraceae",NA,NA,NA
"2990","sq391","E10",0.000309088023256785,"E10","TM3 27E1","TM","External",27,0.830019021,0.233,NA,FALSE,"Bacteria","Proteobacteria","Gammaproteobacteria","Beggiatoales","Beggiatoaceae",NA,NA,NA
"2991","sq4446","D8",0.000308770422478487,"D8","SB4 3E1","SB","External",3,0.797997922,NA,0,FALSE,"Bacteria","Proteobacteria","Alphaproteobacteria","Kiloniellales","Fodinicurvataceae",NA,NA,NA
"2992","sq11","D2",0.00030670885258604,"D2","SB3 1E2","SB","External",1,0.994590822,NA,0,FALSE,"Bacteria","Cyanobacteria","Cyanobacteriia","Cyanobacteriales","Coleofasciculaceae",NA,NA,NA
"2993","sq3047","D2",0.00030670885258604,"D2","SB3 1E2","SB","External",1,0.994590822,NA,0,FALSE,"Bacteria","Proteobacteria","Gammaproteobacteria","Pseudomonadales","211ds20",NA,NA,NA
"2994","sq2066","D2",0.00030670885258604,"D2","SB3 1E2","SB","External",1,0.994590822,NA,0,FALSE,"Bacteria","Verrucomicrobiota","Verrucomicrobiae","Pedosphaerales","Pedosphaeraceae",NA,NA,NA
"2995","sq482","D7",0.000306548645438173,"D7","SB4 3N1","SB","Internal",3,0.947464318,NA,0,FALSE,"Bacteria","Proteobacteria","Alphaproteobacteria","Rhizobiales","Hyphomicrobiaceae",NA,NA,NA
"2996","sq171","E5",0.000306401884371589,"E5","TM2 23N1","TM","Internal",23,1.041089822,0.484,0,FALSE,"Bacteria","Fibrobacterota","Fibrobacteria","Fibrobacterales","MAT-CR-H6-H10",NA,NA,NA
"2997","sq3921","E5",0.000306401884371589,"E5","TM2 23N1","TM","Internal",23,1.041089822,0.484,0,FALSE,"Bacteria","Proteobacteria","Gammaproteobacteria","Diplorickettsiales","Diplorickettsiaceae",NA,NA,NA
"2998","sq2138","E12",0.000306342273257308,"E12","TM3 28E1","TM","External",28,1.516085295,1.023,0,FALSE,"Bacteria","Cloacimonadota","Cloacimonadia","Cloacimonadales","MSBL8",NA,NA,NA
"2999","sq1046","E2",0.000305791694697572,"E2","TM2 21E1","TM","External",21,3.767123288,NA,0,FALSE,"Bacteria","Firmicutes","Clostridia","Peptostreptococcales-Tissierellales","Fusibacteraceae",NA,NA,NA
"3000","sq495","D4",0.0003044111,"D4","SB3 2E1","SB","External",2,0.6529851,0.136,NA,FALSE,"Bacteria","Acidobacteriota","Thermoanaerobaculia","Thermoanaerobaculales","Thermoanaerobaculaceae",NA,NA,NA
"3001","sq210","D12",0.0003035575,"D12","SB4 5E1","SB","External",5,0.8975208,0.4,0,FALSE,"Bacteria","Calditrichota","Calditrichia","Calditrichales","Calditrichaceae",NA,NA,NA
"3002","sq267","D12",0.0003035575,"D12","SB4 5E1","SB","External",5,0.8975208,0.4,0,FALSE,"Bacteria","Proteobacteria","Alphaproteobacteria","Rhizobiales","Rhizobiales Incertae Sedis",NA,NA,NA
"3003","sq2037","D9",0.0003024754,"D9","SB4 4N1","SB","Internal",4,1.337103,1.856,NA,FALSE,"Bacteria","Acidobacteriota","Blastocatellia","Blastocatellales","Blastocatellaceae",NA,NA,NA
"3004","sq1114","E9",0.0003008972,"E9","TM3 27N1","TM","Internal",27,1.647955,2.235,NA,FALSE,"Bacteria","Bacteroidota","Bacteroidia","Sphingobacteriales","ST-12K33",NA,NA,NA
"3005","sq4562","E9",0.0003008972,"E9","TM3 27N1","TM","Internal",27,1.647955,2.235,NA,FALSE,"Bacteria","Proteobacteria","Gammaproteobacteria","Salinisphaerales","Solimonadaceae",NA,NA,NA
"3006","sq2066","E7",0.0003008745,"E7","TM3 26N1","TM","Internal",26,1.910828,NA,0.056,FALSE,"Bacteria","Verrucomicrobiota","Verrucomicrobiae","Pedosphaerales","Pedosphaeraceae",NA,NA,NA
"3007","sq2158","E7",0.0003008745,"E7","TM3 26N1","TM","Internal",26,1.910828,NA,0.056,FALSE,"Bacteria","Actinobacteriota","Acidimicrobiia","Microtrichales","Microtrichaceae",NA,NA,NA
"3008","sq2516","E7",0.0003008745,"E7","TM3 26N1","TM","Internal",26,1.910828,NA,0.056,FALSE,"Bacteria","Proteobacteria","Gammaproteobacteria","Pseudomonadales","Porticoccaceae",NA,NA,NA
"3009","sq2046","E11",0.0003007176,"E11","TM3 28N1","TM","Internal",28,1.477156,2.427,0.039,FALSE,"Bacteria","Fibrobacterota","Fibrobacteria","Fibrobacterales","TG3",NA,NA,NA
"3010","sq4375","E11",0.0003007176,"E11","TM3 28N1","TM","Internal",28,1.477156,2.427,0.039,FALSE,"Bacteria","Thermotogota","Thermotogae","Kosmotogales","Kosmotogaceae",NA,NA,NA
"3011","sq2028","E3",0.0003005626,"E3","TM2 22N1","TM","Internal",22,1.027042,1.612,NA,FALSE,"Bacteria","Verrucomicrobiota","Omnitrophia","Omnitrophales","Omnitrophaceae",NA,NA,NA
"3012","sq329","D6",0.0003004296,"D6","SB3 3E1","SB","External",3,0.7111695,0.121,0,FALSE,"Bacteria","Proteobacteria","Alphaproteobacteria","Kiloniellales","Kiloniellaceae",NA,NA,NA
"3013","sq713","D6",0.0003004296,"D6","SB3 3E1","SB","External",3,0.7111695,0.121,0,FALSE,"Bacteria","Cyanobacteria","Cyanobacteriia","Synechococcales","Cyanobiaceae",NA,NA,NA
"3014","sq208","D5",0.000295817,"D5","SB3 3N1","SB","Internal",3,0.4562304,0,0,FALSE,"Bacteria","Planctomycetota","Planctomycetes","Planctomycetales","Gimesiaceae",NA,NA,NA
"3015","sq6586","D5",0.000295817,"D5","SB3 3N1","SB","Internal",3,0.4562304,0,0,FALSE,"Bacteria","Spirochaetota","Brachyspirae","Brachyspirales","Brachyspiraceae",NA,NA,NA
"3016","sq1792","D3",0.0002957301,"D3","SB3 2N1","SB","Internal",2,0.7753723,0.11,NA,FALSE,"Bacteria","Bacteroidota","Bacteroidia","Bacteroidales","Salinivirgaceae",NA,NA,NA
"3017","sq989","D3",0.0002957301,"D3","SB3 2N1","SB","Internal",2,0.7753723,0.11,NA,FALSE,"Bacteria","Myxococcota","Polyangia","Haliangiales","Haliangiaceae",NA,NA,NA
"3018","sq48","E6",0.0002956643,"E6","TM2 23E1","TM","External",23,1.016192,0.102,0,FALSE,"Bacteria","Deinococcota","Deinococci","Deinococcales","Trueperaceae",NA,NA,NA
"3019","sq1473","D8",0.0002953456,"D8","SB4 3E1","SB","External",3,0.7979979,NA,0,FALSE,"Bacteria","Bacteroidota","Bacteroidia","Sphingobacteriales","Lentimicrobiaceae",NA,NA,NA
"3020","sq2158","D8",0.0002953456,"D8","SB4 3E1","SB","External",3,0.7979979,NA,0,FALSE,"Bacteria","Actinobacteriota","Acidimicrobiia","Microtrichales","Microtrichaceae",NA,NA,NA
"3021","sq296","D8",0.0002953456,"D8","SB4 3E1","SB","External",3,0.7979979,NA,0,FALSE,"Bacteria","Proteobacteria","Gammaproteobacteria","Pseudomonadales","Hahellaceae",NA,NA,NA
"3022","sq466","D8",0.0002953456,"D8","SB4 3E1","SB","External",3,0.7979979,NA,0,FALSE,"Bacteria","Firmicutes","Clostridia","Oscillospirales","Hungateiclostridiaceae",NA,NA,NA
"3023","sq1676","D9",0.0002943004,"D9","SB4 4N1","SB","Internal",4,1.337103,1.856,NA,FALSE,"Bacteria","Proteobacteria","Alphaproteobacteria","Rhodospirillales","Magnetospiraceae",NA,NA,NA
"3024","sq482","D9",0.0002943004,"D9","SB4 4N1","SB","Internal",4,1.337103,1.856,NA,FALSE,"Bacteria","Proteobacteria","Alphaproteobacteria","Rhizobiales","Hyphomicrobiaceae",NA,NA,NA
"3025","sq8820","D7",0.0002937758,"D7","SB4 3N1","SB","Internal",3,0.9474643,NA,0,FALSE,"Bacteria","Proteobacteria","Alphaproteobacteria","Paracaedibacterales","Paracaedibacteraceae",NA,NA,NA
"3026","sq844","E9",0.0002917791,"E9","TM3 27N1","TM","Internal",27,1.647955,2.235,NA,FALSE,"Bacteria","Proteobacteria","Gammaproteobacteria","Pseudomonadales","Microbulbiferaceae",NA,NA,NA
"3027","sq3630","E3",0.00029117,"E3","TM2 22N1","TM","Internal",22,1.027042,1.612,NA,FALSE,"Bacteria","Proteobacteria","Alphaproteobacteria","Parvibaculales","PS1 clade",NA,NA,NA
"3028","sq1765","E3",0.00029117,"E3","TM2 22N1","TM","Internal",22,1.027042,1.612,NA,FALSE,"Bacteria","Proteobacteria","Gammaproteobacteria","Immundisolibacterales","Immundisolibacteraceae",NA,NA,NA
"3029","sq816","E3",0.00029117,"E3","TM2 22N1","TM","Internal",22,1.027042,1.612,NA,FALSE,"Bacteria","Proteobacteria","Alphaproteobacteria","Rhodospirillales","Rhodospirillaceae",NA,NA,NA
"3030","sq1367","E1",0.0002907484,"E1","TM2 21N1","TM","Internal",21,0.6326758,NA,0,FALSE,"Bacteria","Proteobacteria","Alphaproteobacteria","Micavibrionales","Micavibrionaceae",NA,NA,NA
"3031","sq1794","E1",0.0002907484,"E1","TM2 21N1","TM","Internal",21,0.6326758,NA,0,FALSE,"Bacteria","Desulfobacterota","Desulfarculia","Desulfarculales","Desulfarculaceae",NA,NA,NA
"3032","sq3216","E1",0.0002907484,"E1","TM2 21N1","TM","Internal",21,0.6326758,NA,0,FALSE,"Bacteria","Nitrospinota","Nitrospinia","Nitrospinales","Nitrospinaceae",NA,NA,NA
"3033","sq902","D2",0.0002905663,"D2","SB3 1E2","SB","External",1,0.9945908,NA,0,FALSE,"Bacteria","Proteobacteria","Gammaproteobacteria","Pseudomonadales","Nitrincolaceae",NA,NA,NA
"3034","sq534","D6",0.0002904153,"D6","SB3 3E1","SB","External",3,0.7111695,0.121,0,FALSE,"Bacteria","Cyanobacteria","Cyanobacteriia","Cyanobacteriales","Paraspirulinaceae",NA,NA,NA
"3035","sq165","D11",0.0002903571,"D11","SB4 5N1","SB","Internal",5,1.132759,0.701,0,FALSE,"Bacteria","Proteobacteria","Gammaproteobacteria","Chromatiales","Sedimenticolaceae",NA,NA,NA
"3036","sq2280","D11",0.0002903571,"D11","SB4 5N1","SB","Internal",5,1.132759,0.701,0,FALSE,"Bacteria","Proteobacteria","Gammaproteobacteria","Ectothiorhodospirales","Thioalkalispiraceae",NA,NA,NA
"3037","sq1254","E11",0.000290348,"E11","TM3 28N1","TM","Internal",28,1.477156,2.427,0.039,FALSE,"Bacteria","Proteobacteria","Gammaproteobacteria","Competibacterales","Competibacteraceae",NA,NA,NA
"3038","sq1299","E11",0.000290348,"E11","TM3 28N1","TM","Internal",28,1.477156,2.427,0.039,FALSE,"Bacteria","Proteobacteria","Gammaproteobacteria","Tenderiales","Tenderiaceae",NA,NA,NA
"3039","sq2359","E5",0.0002872518,"E5","TM2 23N1","TM","Internal",23,1.04109,0.484,0,FALSE,"Bacteria","Proteobacteria","Gammaproteobacteria","Enterobacterales","Kangiellaceae",NA,NA,NA
"3040","sq2866","E5",0.0002872518,"E5","TM2 23N1","TM","Internal",23,1.04109,0.484,0,FALSE,"Bacteria","Cyanobacteria","Cyanobacteriia","Cyanobacteriales","Nostocaceae",NA,NA,NA
"3041","sq1765","E12",0.0002865783,"E12","TM3 28E1","TM","External",28,1.516085,1.023,0,FALSE,"Bacteria","Proteobacteria","Gammaproteobacteria","Immundisolibacterales","Immundisolibacteraceae",NA,NA,NA
"3042","sq49","E12",0.0002865783,"E12","TM3 28E1","TM","External",28,1.516085,1.023,0,FALSE,"Bacteria","Cyanobacteria","Cyanobacteriia","Cyanobacteriales","Phormidiaceae",NA,NA,NA
"3043","sq1254","D5",0.0002865727,"D5","SB3 3N1","SB","Internal",3,0.4562304,0,0,FALSE,"Bacteria","Proteobacteria","Gammaproteobacteria","Competibacterales","Competibacteraceae",NA,NA,NA
"3044","sq283","D5",0.0002865727,"D5","SB3 3N1","SB","Internal",3,0.4562304,0,0,FALSE,"Bacteria","Cyanobacteria","Cyanobacteriia","Oxyphotobacteria Incertae Sedis","Unknown Family",NA,NA,NA
"3045","sq610","D5",0.0002865727,"D5","SB3 3N1","SB","Internal",3,0.4562304,0,0,FALSE,"Bacteria","Proteobacteria","Gammaproteobacteria","Nitrosococcales","Nitrosococcaceae",NA,NA,NA
"3046","sq2722","D9",0.0002861254,"D9","SB4 4N1","SB","Internal",4,1.337103,1.856,NA,FALSE,"Bacteria","Verrucomicrobiota","Verrucomicrobiae","Chthoniobacterales","01D2Z36",NA,NA,NA
"3047","sq2938","D9",0.0002861254,"D9","SB4 4N1","SB","Internal",4,1.337103,1.856,NA,FALSE,"Bacteria","Proteobacteria","Gammaproteobacteria","Francisellales","Francisellaceae",NA,NA,NA
"3048","sq378","D9",0.0002861254,"D9","SB4 4N1","SB","Internal",4,1.337103,1.856,NA,FALSE,"Bacteria","Proteobacteria","Gammaproteobacteria","Enterobacterales","Pseudoalteromonadaceae",NA,NA,NA
"3049","sq2866","E6",0.0002851049,"E6","TM2 23E1","TM","External",23,1.016192,0.102,0,FALSE,"Bacteria","Cyanobacteria","Cyanobacteriia","Cyanobacteriales","Nostocaceae",NA,NA,NA
"3050","sq713","D3",0.0002843559,"D3","SB3 2N1","SB","Internal",2,0.7753723,0.11,NA,FALSE,"Bacteria","Cyanobacteria","Cyanobacteriia","Synechococcales","Cyanobiaceae",NA,NA,NA
"3051","sq6360","E10",0.0002840268,"E10","TM3 27E1","TM","External",27,0.830019,0.233,NA,FALSE,"Bacteria","Proteobacteria","Gammaproteobacteria","Pseudomonadales","Halomonadaceae",NA,NA,NA
"3052","sq985","E10",0.0002840268,"E10","TM3 27E1","TM","External",27,0.830019,0.233,NA,FALSE,"Bacteria","Firmicutes","Clostridia","Christensenellales","Christensenellaceae",NA,NA,NA
"3053","sq7514","E9",0.000282661,"E9","TM3 27N1","TM","Internal",27,1.647955,2.235,NA,FALSE,"Bacteria","Proteobacteria","Alphaproteobacteria","Kordiimonadales","Kordiimonadales Incertae Sedis",NA,NA,NA
"3054","sq2054","D2",0.000282495,"D2","SB3 1E2","SB","External",1,0.9945908,NA,0,FALSE,"Bacteria","Halanaerobiaeota","Halanaerobiia","Halanaerobiales","Halobacteroidaceae",NA,NA,NA
"3055","sq676","D2",0.000282495,"D2","SB3 1E2","SB","External",1,0.9945908,NA,0,FALSE,"Bacteria","Bacteroidota","Kryptonia","Kryptoniales","MSB-3C8",NA,NA,NA
"3056","sq997","D2",0.000282495,"D2","SB3 1E2","SB","External",1,0.9945908,NA,0,FALSE,"Bacteria","Verrucomicrobiota","Lentisphaeria","Oligosphaerales","Lenti-02",NA,NA,NA
"3057","sq165","D8",0.0002819208,"D8","SB4 3E1","SB","External",3,0.7979979,NA,0,FALSE,"Bacteria","Proteobacteria","Gammaproteobacteria","Chromatiales","Sedimenticolaceae",NA,NA,NA
"3058","sq1893","E7",0.0002814632,"E7","TM3 26N1","TM","Internal",26,1.910828,NA,0.056,FALSE,"Bacteria","Myxococcota","Polyangia","Polyangiales","Phaselicystidaceae",NA,NA,NA
"3059","sq3630","E2",0.0002813284,"E2","TM2 21E1","TM","External",21,3.767123,NA,0,FALSE,"Bacteria","Proteobacteria","Alphaproteobacteria","Parvibaculales","PS1 clade",NA,NA,NA
"3060","sq446","D7",0.0002810029,"D7","SB4 3N1","SB","Internal",3,0.9474643,NA,0,FALSE,"Bacteria","Campylobacterota","Campylobacteria","Campylobacterales","Arcobacteraceae",NA,NA,NA
"3061","sq1459","D11",0.0002803448,"D11","SB4 5N1","SB","Internal",5,1.132759,0.701,0,FALSE,"Bacteria","Cyanobacteria","Cyanobacteriia","Cyanobacteriales","Microcystaceae",NA,NA,NA
"3062","sq1860","D12",0.0002802069,"D12","SB4 5E1","SB","External",5,0.8975208,0.4,0,FALSE,"Bacteria","Bacteroidota","Bacteroidia","Chitinophagales","Chitinophagaceae",NA,NA,NA
"3063","sq1103","E11",0.0002799784,"E11","TM3 28N1","TM","Internal",28,1.477156,2.427,0.039,FALSE,"Bacteria","Proteobacteria","Gammaproteobacteria","Pseudomonadales","Cellvibrionaceae",NA,NA,NA
"3064","sq2114","D9",0.0002779504,"D9","SB4 4N1","SB","Internal",4,1.337103,1.856,NA,FALSE,"Bacteria","Planctomycetota","Phycisphaerae","MSBL9","SG8-4",NA,NA,NA
"3065","sq329","D5",0.0002773284,"D5","SB3 3N1","SB","Internal",3,0.4562304,0,0,FALSE,"Bacteria","Proteobacteria","Alphaproteobacteria","Kiloniellales","Kiloniellaceae",NA,NA,NA
"3066","sq1730","E12",0.0002766962,"E12","TM3 28E1","TM","External",28,1.516085,1.023,0,FALSE,"Bacteria","Planctomycetota","Phycisphaerae","MSBL9","KCLunmb-38-53",NA,NA,NA
"3067","sq1719","D4",0.0002758726,"D4","SB3 2E1","SB","External",2,0.6529851,0.136,NA,FALSE,"Bacteria","Actinobacteriota","Acidimicrobiia","Microtrichales","Ilumatobacteraceae",NA,NA,NA
"3068","sq2951","E10",0.0002756731,"E10","TM3 27E1","TM","External",27,0.830019,0.233,NA,FALSE,"Bacteria","Verrucomicrobiota","Chlamydiae","Chlamydiales","Chlamydiaceae",NA,NA,NA
"3069","sq534","D1",0.0002749663,"D1","SB3 1N1 ","SB","Internal",1,1.016766,NA,0,FALSE,"Bacteria","Cyanobacteria","Cyanobacteriia","Cyanobacteriales","Paraspirulinaceae",NA,NA,NA
"3070","sq1518","E6",0.0002745454,"E6","TM2 23E1","TM","External",23,1.016192,0.102,0,FALSE,"Bacteria","Planctomycetota","Planctomycetes","Planctomycetales","Schlesneriaceae",NA,NA,NA
"3071","sq953","E6",0.0002745454,"E6","TM2 23E1","TM","External",23,1.016192,0.102,0,FALSE,"Bacteria","Bdellovibrionota","Oligoflexia","Silvanigrellales","Silvanigrellaceae",NA,NA,NA
"3072","sq3643","E9",0.0002735429,"E9","TM3 27N1","TM","Internal",27,1.647955,2.235,NA,FALSE,"Bacteria","Planctomycetota","Phycisphaerae","MSBL9","SM23-30",NA,NA,NA
"3073","sq2028","D3",0.0002729816,"D3","SB3 2N1","SB","Internal",2,0.7753723,0.11,NA,FALSE,"Bacteria","Verrucomicrobiota","Omnitrophia","Omnitrophales","Omnitrophaceae",NA,NA,NA
"3074","sq2536","D3",0.0002729816,"D3","SB3 2N1","SB","Internal",2,0.7753723,0.11,NA,FALSE,"Bacteria","Planctomycetota","Planctomycetes","Gemmatales","Gemmataceae",NA,NA,NA
"3075","sq466","D3",0.0002729816,"D3","SB3 2N1","SB","Internal",2,0.7753723,0.11,NA,FALSE,"Bacteria","Firmicutes","Clostridia","Oscillospirales","Hungateiclostridiaceae",NA,NA,NA
"3076","sq2193","E8",0.0002718034,"E8","TM3 26E1","TM","External",26,1.169005,NA,0.034,FALSE,"Bacteria","Campylobacterota","Campylobacteria","Campylobacterales","Rs-M59 termite group",NA,NA,NA
"3077","sq959","E8",0.0002718034,"E8","TM3 26E1","TM","External",26,1.169005,NA,0.034,FALSE,"Bacteria","Planctomycetota","Planctomycetes","Planctomycetales","Rubinisphaeraceae",NA,NA,NA
"3078","sq393","E7",0.0002717576,"E7","TM3 26N1","TM","Internal",26,1.910828,NA,0.056,FALSE,"Bacteria","Proteobacteria","Gammaproteobacteria","Burkholderiales","Nitrosomonadaceae",NA,NA,NA
"3079","sq4688","E7",0.0002717576,"E7","TM3 26N1","TM","Internal",26,1.910828,NA,0.056,FALSE,"Bacteria","Proteobacteria","Alphaproteobacteria","Rickettsiales","Anaplasmataceae",NA,NA,NA
"3080","sq844","D11",0.0002703325,"D11","SB4 5N1","SB","Internal",5,1.132759,0.701,0,FALSE,"Bacteria","Proteobacteria","Gammaproteobacteria","Pseudomonadales","Microbulbiferaceae",NA,NA,NA
"3081","sq165","D9",0.0002697754,"D9","SB4 4N1","SB","Internal",4,1.337103,1.856,NA,FALSE,"Bacteria","Proteobacteria","Gammaproteobacteria","Chromatiales","Sedimenticolaceae",NA,NA,NA
"3082","sq2047","D9",0.0002697754,"D9","SB4 4N1","SB","Internal",4,1.337103,1.856,NA,FALSE,"Bacteria","Proteobacteria","Gammaproteobacteria","Pseudomonadales","OM182 clade",NA,NA,NA
"3083","sq2146","E11",0.0002696089,"E11","TM3 28N1","TM","Internal",28,1.477156,2.427,0.039,FALSE,"Bacteria","Proteobacteria","Zetaproteobacteria","Mariprofundales","Mariprofundaceae",NA,NA,NA
"3084","sq731","E11",0.0002696089,"E11","TM3 28N1","TM","Internal",28,1.477156,2.427,0.039,FALSE,"Bacteria","Myxococcota","Polyangia","Polyangiales","Eel-36e1D6",NA,NA,NA
"3085","sq600","E2",0.0002690967,"E2","TM2 21E1","TM","External",21,3.767123,NA,0,FALSE,"Bacteria","Proteobacteria","Gammaproteobacteria","Enterobacterales","Colwelliaceae",NA,NA,NA
"3086","sq171","E2",0.0002690967,"E2","TM2 21E1","TM","External",21,3.767123,NA,0,FALSE,"Bacteria","Fibrobacterota","Fibrobacteria","Fibrobacterales","MAT-CR-H6-H10",NA,NA,NA
"3087","sq4535","D10",0.0002689618,"D10","SB4 4E1","SB","External",4,0.9473753,0.459,NA,FALSE,"Bacteria","Proteobacteria","Alphaproteobacteria","Rickettsiales","Rickettsiaceae",NA,NA,NA
"3088","sq2046","D8",0.000268496,"D8","SB4 3E1","SB","External",3,0.7979979,NA,0,FALSE,"Bacteria","Fibrobacterota","Fibrobacteria","Fibrobacterales","TG3",NA,NA,NA
"3089","sq2114","D8",0.000268496,"D8","SB4 3E1","SB","External",3,0.7979979,NA,0,FALSE,"Bacteria","Planctomycetota","Phycisphaerae","MSBL9","SG8-4",NA,NA,NA
"3090","sq2088","D7",0.0002682301,"D7","SB4 3N1","SB","Internal",3,0.9474643,NA,0,FALSE,"Bacteria","Proteobacteria","Alphaproteobacteria","Rhizobiales","Beijerinckiaceae",NA,NA,NA
"3091","sq985","D7",0.0002682301,"D7","SB4 3N1","SB","Internal",3,0.9474643,NA,0,FALSE,"Bacteria","Firmicutes","Clostridia","Christensenellales","Christensenellaceae",NA,NA,NA
"3092","sq5611","E5",0.0002681016,"E5","TM2 23N1","TM","Internal",23,1.04109,0.484,0,FALSE,"Bacteria","Dependentiae","Babeliae","Babeliales","UBA12411",NA,NA,NA
"3093","sq560","E10",0.0002673194,"E10","TM3 27E1","TM","External",27,0.830019,0.233,NA,FALSE,"Bacteria","Verrucomicrobiota","Verrucomicrobiae","Methylacidiphilales","Methylacidiphilaceae",NA,NA,NA
"3094","sq1459","E12",0.0002668142,"E12","TM3 28E1","TM","External",28,1.516085,1.023,0,FALSE,"Bacteria","Cyanobacteria","Cyanobacteriia","Cyanobacteriales","Microcystaceae",NA,NA,NA
"3095","sq2893","D4",0.0002663597,"D4","SB3 2E1","SB","External",2,0.6529851,0.136,NA,FALSE,"Bacteria","Bacteroidota","Bacteroidia","Flavobacteriales","Weeksellaceae",NA,NA,NA
"3096","sq466","D2",0.0002663524,"D2","SB3 1E2","SB","External",1,0.9945908,NA,0,FALSE,"Bacteria","Firmicutes","Clostridia","Oscillospirales","Hungateiclostridiaceae",NA,NA,NA
"3097","sq2355","E9",0.0002644248,"E9","TM3 27N1","TM","Internal",27,1.647955,2.235,NA,FALSE,"Bacteria","Verrucomicrobiota","Lentisphaeria","Victivallales","BD2-3",NA,NA,NA
"3098","sq171","E6",0.000263986,"E6","TM2 23E1","TM","External",23,1.016192,0.102,0,FALSE,"Bacteria","Fibrobacterota","Fibrobacteria","Fibrobacterales","MAT-CR-H6-H10",NA,NA,NA
"3099","sq3921","E6",0.000263986,"E6","TM2 23E1","TM","External",23,1.016192,0.102,0,FALSE,"Bacteria","Proteobacteria","Gammaproteobacteria","Diplorickettsiales","Diplorickettsiaceae",NA,NA,NA
"3100","sq3448","E3",0.0002629923,"E3","TM2 22N1","TM","Internal",22,1.027042,1.612,NA,FALSE,"Bacteria","Proteobacteria","Gammaproteobacteria","Granulosicoccales","Granulosicoccaceae",NA,NA,NA
"3101","sq600","E3",0.0002629923,"E3","TM2 22N1","TM","Internal",22,1.027042,1.612,NA,FALSE,"Bacteria","Proteobacteria","Gammaproteobacteria","Enterobacterales","Colwelliaceae",NA,NA,NA
"3102","sq1316","E7",0.000262052,"E7","TM3 26N1","TM","Internal",26,1.910828,NA,0.056,FALSE,"Bacteria","Firmicutes","Clostridia","Lachnospirales","Lachnospiraceae",NA,NA,NA
"3103","sq4006","E7",0.000262052,"E7","TM3 26N1","TM","Internal",26,1.910828,NA,0.056,FALSE,"Bacteria","Dependentiae","Babeliae","Babeliales","Vermiphilaceae",NA,NA,NA
"3104","sq1010","E1",0.0002616735,"E1","TM2 21N1","TM","Internal",21,0.6326758,NA,0,FALSE,"Bacteria","Proteobacteria","Alphaproteobacteria","Rhizobiales","Methyloligellaceae",NA,NA,NA
"3105","sq1299","E1",0.0002616735,"E1","TM2 21N1","TM","Internal",21,0.6326758,NA,0,FALSE,"Bacteria","Proteobacteria","Gammaproteobacteria","Tenderiales","Tenderiaceae",NA,NA,NA
"3106","sq2054","E1",0.0002616735,"E1","TM2 21N1","TM","Internal",21,0.6326758,NA,0,FALSE,"Bacteria","Halanaerobiaeota","Halanaerobiia","Halanaerobiales","Halobacteroidaceae",NA,NA,NA
"3107","sq4084","E1",0.0002616735,"E1","TM2 21N1","TM","Internal",21,0.6326758,NA,0,FALSE,"Bacteria","Verrucomicrobiota","Chlamydiae","Chlamydiales","Simkaniaceae",NA,NA,NA
"3108","sq2722","D3",0.0002616074,"D3","SB3 2N1","SB","Internal",2,0.7753723,0.11,NA,FALSE,"Bacteria","Verrucomicrobiota","Verrucomicrobiae","Chthoniobacterales","01D2Z36",NA,NA,NA
"3109","sq2823","D3",0.0002616074,"D3","SB3 2N1","SB","Internal",2,0.7753723,0.11,NA,FALSE,"Bacteria","Proteobacteria","Alphaproteobacteria","Rhizobiales","Stappiaceae",NA,NA,NA
"3110","sq3738","D3",0.0002616074,"D3","SB3 2N1","SB","Internal",2,0.7753723,0.11,NA,FALSE,"Bacteria","Bacteroidota","Bacteroidia","Sphingobacteriales","NS11-12 marine group",NA,NA,NA
"3111","sq676","D3",0.0002616074,"D3","SB3 2N1","SB","Internal",2,0.7753723,0.11,NA,FALSE,"Bacteria","Bacteroidota","Kryptonia","Kryptoniales","MSB-3C8",NA,NA,NA
"3112","sq2158","D9",0.0002616003,"D9","SB4 4N1","SB","Internal",4,1.337103,1.856,NA,FALSE,"Bacteria","Actinobacteriota","Acidimicrobiia","Microtrichales","Microtrichaceae",NA,NA,NA
"3113","sq267","D9",0.0002616003,"D9","SB4 4N1","SB","Internal",4,1.337103,1.856,NA,FALSE,"Bacteria","Proteobacteria","Alphaproteobacteria","Rhizobiales","Rhizobiales Incertae Sedis",NA,NA,NA
"3114","sq442","D9",0.0002616003,"D9","SB4 4N1","SB","Internal",4,1.337103,1.856,NA,FALSE,"Bacteria","Bacteroidota","Bacteroidia","Flavobacteriales","Schleiferiaceae",NA,NA,NA
"3115","sq4679","D10",0.0002608114,"D10","SB4 4E1","SB","External",4,0.9473753,0.459,NA,FALSE,"Bacteria","Fibrobacterota","Fibrobacteria","Fibrobacterales","SBYC",NA,NA,NA
"3116","sq2016","D11",0.0002603202,"D11","SB4 5N1","SB","Internal",5,1.132759,0.701,0,FALSE,"Bacteria","Chloroflexi","Chloroflexia","Chloroflexales","Chloroflexaceae",NA,NA,NA
"3117","sq6023","D11",0.0002603202,"D11","SB4 5N1","SB","Internal",5,1.132759,0.701,0,FALSE,"Bacteria","Bacteroidota","Bacteroidia","Cytophagales","Microscillaceae",NA,NA,NA
"3118","sq1299","E8",0.0002599858,"E8","TM3 26E1","TM","External",26,1.169005,NA,0.034,FALSE,"Bacteria","Proteobacteria","Gammaproteobacteria","Tenderiales","Tenderiaceae",NA,NA,NA
"3119","sq676","E8",0.0002599858,"E8","TM3 26E1","TM","External",26,1.169005,NA,0.034,FALSE,"Bacteria","Bacteroidota","Kryptonia","Kryptoniales","MSB-3C8",NA,NA,NA
"3120","sq378","E11",0.0002592393,"E11","TM3 28N1","TM","Internal",28,1.477156,2.427,0.039,FALSE,"Bacteria","Proteobacteria","Gammaproteobacteria","Enterobacterales","Pseudoalteromonadaceae",NA,NA,NA
"3121","sq821","E11",0.0002592393,"E11","TM3 28N1","TM","Internal",28,1.477156,2.427,0.039,FALSE,"Bacteria","Bacteroidota","Bacteroidia","Flavobacteriales","NS9 marine group",NA,NA,NA
"3122","sq1254","E10",0.0002589656,"E10","TM3 27E1","TM","External",27,0.830019,0.233,NA,FALSE,"Bacteria","Proteobacteria","Gammaproteobacteria","Competibacterales","Competibacteraceae",NA,NA,NA
"3123","sq2634","D5",0.0002588398,"D5","SB3 3N1","SB","Internal",3,0.4562304,0,0,FALSE,"Bacteria","Proteobacteria","Gammaproteobacteria","Legionellales","Legionellaceae",NA,NA,NA
"3124","sq482","D5",0.0002588398,"D5","SB3 3N1","SB","Internal",3,0.4562304,0,0,FALSE,"Bacteria","Proteobacteria","Alphaproteobacteria","Rhizobiales","Hyphomicrobiaceae",NA,NA,NA
"3125","sq2522","E4",0.0002585662,"E4","TM2 22E1","TM","External",22,1.310616,0.595,NA,FALSE,"Bacteria","Bacteroidota","Ignavibacteria","Ignavibacteriales","PHOS-HE36",NA,NA,NA
"3126","sq3731","E4",0.0002585662,"E4","TM2 22E1","TM","External",22,1.310616,0.595,NA,FALSE,"Bacteria","Cyanobacteria","Cyanobacteriia","Cyanobacteriales","Xenococcaceae",NA,NA,NA
"3127","sq577","E4",0.0002585662,"E4","TM2 22E1","TM","External",22,1.310616,0.595,NA,FALSE,"Bacteria","Proteobacteria","Gammaproteobacteria","Thiohalorhabdales","Thiohalorhabdaceae",NA,NA,NA
"3128","sq1010","D2",0.0002582811,"D2","SB3 1E2","SB","External",1,0.9945908,NA,0,FALSE,"Bacteria","Proteobacteria","Alphaproteobacteria","Rhizobiales","Methyloligellaceae",NA,NA,NA
"3129","sq170","D2",0.0002582811,"D2","SB3 1E2","SB","External",1,0.9945908,NA,0,FALSE,"Bacteria","Desulfobacterota","Desulfobacteria","Desulfatiglandales","Desulfatiglandaceae",NA,NA,NA
"3130","sq1841","D2",0.0002582811,"D2","SB3 1E2","SB","External",1,0.9945908,NA,0,FALSE,"Bacteria","Desulfobacterota","Desulfuromonadia","Desulfuromonadales","Desulfuromonadaceae",NA,NA,NA
"3131","sq4562","E12",0.0002569322,"E12","TM3 28E1","TM","External",28,1.516085,1.023,0,FALSE,"Bacteria","Proteobacteria","Gammaproteobacteria","Salinisphaerales","Solimonadaceae",NA,NA,NA
"3132","sq7337","E12",0.0002569322,"E12","TM3 28E1","TM","External",28,1.516085,1.023,0,FALSE,"Bacteria","Proteobacteria","Gammaproteobacteria","Ectothiorhodospirales","Acidihalobacteraceae",NA,NA,NA
"3133","sq3001","E2",0.000256865,"E2","TM2 21E1","TM","External",21,3.767123,NA,0,FALSE,"Bacteria","Proteobacteria","Gammaproteobacteria","Coxiellales","Coxiellaceae",NA,NA,NA
"3134","sq1792","D12",0.0002568563,"D12","SB4 5E1","SB","External",5,0.8975208,0.4,0,FALSE,"Bacteria","Bacteroidota","Bacteroidia","Bacteroidales","Salinivirgaceae",NA,NA,NA
"3135","sq466","D12",0.0002568563,"D12","SB4 5E1","SB","External",5,0.8975208,0.4,0,FALSE,"Bacteria","Firmicutes","Clostridia","Oscillospirales","Hungateiclostridiaceae",NA,NA,NA
"3136","sq482","D12",0.0002568563,"D12","SB4 5E1","SB","External",5,0.8975208,0.4,0,FALSE,"Bacteria","Proteobacteria","Alphaproteobacteria","Rhizobiales","Hyphomicrobiaceae",NA,NA,NA
"3137","sq52","D12",0.0002568563,"D12","SB4 5E1","SB","External",5,0.8975208,0.4,0,FALSE,"Bacteria","Proteobacteria","Gammaproteobacteria","Thiotrichales","Thiotrichaceae",NA,NA,NA
"3138","sq52","D4",0.0002568469,"D4","SB3 2E1","SB","External",2,0.6529851,0.136,NA,FALSE,"Bacteria","Proteobacteria","Gammaproteobacteria","Thiotrichales","Thiotrichaceae",NA,NA,NA
"3139","sq267","D7",0.0002554572,"D7","SB4 3N1","SB","Internal",3,0.9474643,NA,0,FALSE,"Bacteria","Proteobacteria","Alphaproteobacteria","Rhizobiales","Rhizobiales Incertae Sedis",NA,NA,NA
"3140","sq378","D7",0.0002554572,"D7","SB4 3N1","SB","Internal",3,0.9474643,NA,0,FALSE,"Bacteria","Proteobacteria","Gammaproteobacteria","Enterobacterales","Pseudoalteromonadaceae",NA,NA,NA
"3141","sq2497","D1",0.0002553258,"D1","SB3 1N1 ","SB","Internal",1,1.016766,NA,0,FALSE,"Bacteria","Latescibacterota","Latescibacteria","Latescibacterales","Latescibacteraceae",NA,NA,NA
"3142","sq4397","D1",0.0002553258,"D1","SB3 1N1 ","SB","Internal",1,1.016766,NA,0,FALSE,"Bacteria","Planctomycetota","Phycisphaerae","MSBL9","L21-RPul-D3",NA,NA,NA
"3143","sq989","D1",0.0002553258,"D1","SB3 1N1 ","SB","Internal",1,1.016766,NA,0,FALSE,"Bacteria","Myxococcota","Polyangia","Haliangiales","Haliangiaceae",NA,NA,NA
"3144","sq1338","D8",0.0002550712,"D8","SB4 3E1","SB","External",3,0.7979979,NA,0,FALSE,"Bacteria","Proteobacteria","Gammaproteobacteria","Pseudomonadales","P13-46",NA,NA,NA
"3145","sq1518","D8",0.0002550712,"D8","SB4 3E1","SB","External",3,0.7979979,NA,0,FALSE,"Bacteria","Planctomycetota","Planctomycetes","Planctomycetales","Schlesneriaceae",NA,NA,NA
"3146","sq997","D8",0.0002550712,"D8","SB4 3E1","SB","External",3,0.7979979,NA,0,FALSE,"Bacteria","Verrucomicrobiota","Lentisphaeria","Oligosphaerales","Lenti-02",NA,NA,NA
"3147","sq3731","E3",0.0002535997,"E3","TM2 22N1","TM","Internal",22,1.027042,1.612,NA,FALSE,"Bacteria","Cyanobacteria","Cyanobacteriia","Cyanobacteriales","Xenococcaceae",NA,NA,NA
"3148","sq171","D10",0.0002526611,"D10","SB4 4E1","SB","External",4,0.9473753,0.459,NA,FALSE,"Bacteria","Fibrobacterota","Fibrobacteria","Fibrobacterales","MAT-CR-H6-H10",NA,NA,NA
"3149","sq1103","E7",0.0002523463,"E7","TM3 26N1","TM","Internal",26,1.910828,NA,0.056,FALSE,"Bacteria","Proteobacteria","Gammaproteobacteria","Pseudomonadales","Cellvibrionaceae",NA,NA,NA
"3150","sq1373","E7",0.0002523463,"E7","TM3 26N1","TM","Internal",26,1.910828,NA,0.056,FALSE,"Bacteria","Verrucomicrobiota","Verrucomicrobiae","Verrucomicrobiales","DEV007",NA,NA,NA
"3151","sq1676","E7",0.0002523463,"E7","TM3 26N1","TM","Internal",26,1.910828,NA,0.056,FALSE,"Bacteria","Proteobacteria","Alphaproteobacteria","Rhodospirillales","Magnetospiraceae",NA,NA,NA
"3152","sq1299","D6",0.000250358,"D6","SB3 3E1","SB","External",3,0.7111695,0.121,0,FALSE,"Bacteria","Proteobacteria","Gammaproteobacteria","Tenderiales","Tenderiaceae",NA,NA,NA
"3153","sq2536","D6",0.000250358,"D6","SB3 3E1","SB","External",3,0.7111695,0.121,0,FALSE,"Bacteria","Planctomycetota","Planctomycetes","Gemmatales","Gemmataceae",NA,NA,NA
"3154","sq2581","D11",0.0002503079,"D11","SB4 5N1","SB","Internal",5,1.132759,0.701,0,FALSE,"Bacteria","Cyanobacteria","Cyanobacteriia","Thermosynechococcales","Thermosynechococcaceae",NA,NA,NA
"3155","sq578","D11",0.0002503079,"D11","SB4 5N1","SB","Internal",5,1.132759,0.701,0,FALSE,"Bacteria","Fibrobacterota","Fibrobacteria","Fibrobacterales","Fibrobacteraceae",NA,NA,NA
"3156","sq2355","D3",0.0002502332,"D3","SB3 2N1","SB","Internal",2,0.7753723,0.11,NA,FALSE,"Bacteria","Verrucomicrobiota","Lentisphaeria","Victivallales","BD2-3",NA,NA,NA
"3157","sq378","D3",0.0002502332,"D3","SB3 2N1","SB","Internal",2,0.7753723,0.11,NA,FALSE,"Bacteria","Proteobacteria","Gammaproteobacteria","Enterobacterales","Pseudoalteromonadaceae",NA,NA,NA
"3158","sq1459","D2",0.0002502099,"D2","SB3 1E2","SB","External",1,0.9945908,NA,0,FALSE,"Bacteria","Cyanobacteria","Cyanobacteriia","Cyanobacteriales","Microcystaceae",NA,NA,NA
"3159","sq208","D2",0.0002502099,"D2","SB3 1E2","SB","External",1,0.9945908,NA,0,FALSE,"Bacteria","Planctomycetota","Planctomycetes","Planctomycetales","Gimesiaceae",NA,NA,NA
"3160","sq482","D2",0.0002502099,"D2","SB3 1E2","SB","External",1,0.9945908,NA,0,FALSE,"Bacteria","Proteobacteria","Alphaproteobacteria","Rhizobiales","Hyphomicrobiaceae",NA,NA,NA
"3161","sq1730","D5",0.0002495956,"D5","SB3 3N1","SB","Internal",3,0.4562304,0,0,FALSE,"Bacteria","Planctomycetota","Phycisphaerae","MSBL9","KCLunmb-38-53",NA,NA,NA
"3162","sq630","E4",0.0002489897,"E4","TM2 22E1","TM","External",22,1.310616,0.595,NA,FALSE,"Bacteria","Proteobacteria","Alphaproteobacteria","Rhodospirillales","Terasakiellaceae",NA,NA,NA
"3163","sq2516","E5",0.0002489515,"E5","TM2 23N1","TM","Internal",23,1.04109,0.484,0,FALSE,"Bacteria","Proteobacteria","Gammaproteobacteria","Pseudomonadales","Porticoccaceae",NA,NA,NA
"3164","sq2330","E11",0.0002488697,"E11","TM3 28N1","TM","Internal",28,1.477156,2.427,0.039,FALSE,"Bacteria","Planctomycetota","Phycisphaerae","MSBL9","ST-NAGAB-D1",NA,NA,NA
"3165","sq75","E12",0.0002470502,"E12","TM3 28E1","TM","External",28,1.516085,1.023,0,FALSE,"Bacteria","Acidobacteriota","Holophagae","Acanthopleuribacterales","Acanthopleuribacteraceae",NA,NA,NA
"3166","sq4006","E9",0.0002461886,"E9","TM3 27N1","TM","Internal",27,1.647955,2.235,NA,FALSE,"Bacteria","Dependentiae","Babeliae","Babeliales","Vermiphilaceae",NA,NA,NA
"3167","sq442","D12",0.000245181,"D12","SB4 5E1","SB","External",5,0.8975208,0.4,0,FALSE,"Bacteria","Bacteroidota","Bacteroidia","Flavobacteriales","Schleiferiaceae",NA,NA,NA
"3168","sq2088","D10",0.0002445107,"D10","SB4 4E1","SB","External",4,0.9473753,0.459,NA,FALSE,"Bacteria","Proteobacteria","Alphaproteobacteria","Rhizobiales","Beijerinckiaceae",NA,NA,NA
"3169","sq3448","E6",0.0002428671,"E6","TM2 23E1","TM","External",23,1.016192,0.102,0,FALSE,"Bacteria","Proteobacteria","Gammaproteobacteria","Granulosicoccales","Granulosicoccaceae",NA,NA,NA
"3170","sq8402","D7",0.0002426843,"D7","SB4 3N1","SB","Internal",3,0.9474643,NA,0,FALSE,"Bacteria","Proteobacteria","Alphaproteobacteria","Puniceispirillales","EF100-94H03",NA,NA,NA
"3171","sq1518","D7",0.0002426843,"D7","SB4 3N1","SB","Internal",3,0.9474643,NA,0,FALSE,"Bacteria","Planctomycetota","Planctomycetes","Planctomycetales","Schlesneriaceae",NA,NA,NA
"3172","sq630","E10",0.0002422582,"E10","TM3 27E1","TM","External",27,0.830019,0.233,NA,FALSE,"Bacteria","Proteobacteria","Alphaproteobacteria","Rhodospirillales","Terasakiellaceae",NA,NA,NA
"3173","sq405","D8",0.0002416464,"D8","SB4 3E1","SB","External",3,0.7979979,NA,0,FALSE,"Bacteria","Firmicutes","Bacilli","Izemoplasmatales","Izemoplasmataceae",NA,NA,NA
"3174","sq8615","D8",0.0002416464,"D8","SB4 3E1","SB","External",3,0.7979979,NA,0,FALSE,"Bacteria","Firmicutes","Clostridia","Peptostreptococcales-Tissierellales","Thermotaleaceae",NA,NA,NA
"3175","sq11","D6",0.0002403437,"D6","SB3 3E1","SB","External",3,0.7111695,0.121,0,FALSE,"Bacteria","Cyanobacteria","Cyanobacteriia","Cyanobacteriales","Coleofasciculaceae",NA,NA,NA
"3176","sq3738","D6",0.0002403437,"D6","SB3 3E1","SB","External",3,0.7111695,0.121,0,FALSE,"Bacteria","Bacteroidota","Bacteroidia","Sphingobacteriales","NS11-12 marine group",NA,NA,NA
"3177","sq3076","D11",0.0002402956,"D11","SB4 5N1","SB","Internal",5,1.132759,0.701,0,FALSE,"Bacteria","Bacteroidota","Bacteroidia","Cytophagales","Bernardetiaceae",NA,NA,NA
"3178","sq1114","D3",0.0002388589,"D3","SB3 2N1","SB","Internal",2,0.7753723,0.11,NA,FALSE,"Bacteria","Bacteroidota","Bacteroidia","Sphingobacteriales","ST-12K33",NA,NA,NA
"3179","sq1459","E11",0.0002385001,"E11","TM3 28N1","TM","Internal",28,1.477156,2.427,0.039,FALSE,"Bacteria","Cyanobacteria","Cyanobacteriia","Cyanobacteriales","Microcystaceae",NA,NA,NA
"3180","sq75","E11",0.0002385001,"E11","TM3 28N1","TM","Internal",28,1.477156,2.427,0.039,FALSE,"Bacteria","Acidobacteriota","Holophagae","Acanthopleuribacterales","Acanthopleuribacteraceae",NA,NA,NA
"3181","sq2823","D4",0.0002378212,"D4","SB3 2E1","SB","External",2,0.6529851,0.136,NA,FALSE,"Bacteria","Proteobacteria","Alphaproteobacteria","Rhizobiales","Stappiaceae",NA,NA,NA
"3182","sq5869","D4",0.0002378212,"D4","SB3 2E1","SB","External",2,0.6529851,0.136,NA,FALSE,"Bacteria","Proteobacteria","Alphaproteobacteria","Parvibaculales","Parvibaculaceae",NA,NA,NA
"3183","sq1893","E12",0.0002371682,"E12","TM3 28E1","TM","External",28,1.516085,1.023,0,FALSE,"Bacteria","Myxococcota","Polyangia","Polyangiales","Phaselicystidaceae",NA,NA,NA
"3184","sq278","E12",0.0002371682,"E12","TM3 28E1","TM","External",28,1.516085,1.023,0,FALSE,"Bacteria","Firmicutes","Clostridia","Peptostreptococcales-Tissierellales","Clostridium sensu stricto",NA,NA,NA
"3185","sq1300","D9",0.0002370753,"D9","SB4 4N1","SB","Internal",4,1.337103,1.856,NA,FALSE,"Bacteria","Deferrisomatota","Defferrisomatia","Defferrisomatales","Defferrisomataceae",NA,NA,NA
"3186","sq1818","D9",0.0002370753,"D9","SB4 4N1","SB","Internal",4,1.337103,1.856,NA,FALSE,"Bacteria","Chloroflexi","Anaerolineae","Caldilineales","Caldilineaceae",NA,NA,NA
"3187","sq2814","E9",0.0002370705,"E9","TM3 27N1","TM","Internal",27,1.647955,2.235,NA,FALSE,"Bacteria","Verrucomicrobiota","Lentisphaeria","Oligosphaerales","Oligosphaeraceae",NA,NA,NA
"3188","sq1459","E8",0.0002363507,"E8","TM3 26E1","TM","External",26,1.169005,NA,0.034,FALSE,"Bacteria","Cyanobacteria","Cyanobacteriia","Cyanobacteriales","Microcystaceae",NA,NA,NA
"3189","sq1676","E8",0.0002363507,"E8","TM3 26E1","TM","External",26,1.169005,NA,0.034,FALSE,"Bacteria","Proteobacteria","Alphaproteobacteria","Rhodospirillales","Magnetospiraceae",NA,NA,NA
"3190","sq1719","E8",0.0002363507,"E8","TM3 26E1","TM","External",26,1.169005,NA,0.034,FALSE,"Bacteria","Actinobacteriota","Acidimicrobiia","Microtrichales","Ilumatobacteraceae",NA,NA,NA
"3191","sq1893","E8",0.0002363507,"E8","TM3 26E1","TM","External",26,1.169005,NA,0.034,FALSE,"Bacteria","Myxococcota","Polyangia","Polyangiales","Phaselicystidaceae",NA,NA,NA
"3192","sq6586","D1",0.0002356854,"D1","SB3 1N1 ","SB","Internal",1,1.016766,NA,0,FALSE,"Bacteria","Spirochaetota","Brachyspirae","Brachyspirales","Brachyspiraceae",NA,NA,NA
"3193","sq2634","E3",0.0002348145,"E3","TM2 22N1","TM","Internal",22,1.027042,1.612,NA,FALSE,"Bacteria","Proteobacteria","Gammaproteobacteria","Legionellales","Legionellaceae",NA,NA,NA
"3194","sq2866","E3",0.0002348145,"E3","TM2 22N1","TM","Internal",22,1.027042,1.612,NA,FALSE,"Bacteria","Cyanobacteria","Cyanobacteriia","Cyanobacteriales","Nostocaceae",NA,NA,NA
"3195","sq35","E3",0.0002348145,"E3","TM2 22N1","TM","Internal",22,1.027042,1.612,NA,FALSE,"Bacteria","Bacteroidota","Bacteroidia","Cytophagales","Flammeovirgaceae",NA,NA,NA
"3196","sq2634","E10",0.0002339045,"E10","TM3 27E1","TM","External",27,0.830019,0.233,NA,FALSE,"Bacteria","Proteobacteria","Gammaproteobacteria","Legionellales","Legionellaceae",NA,NA,NA
"3197","sq418","D12",0.0002335057,"D12","SB4 5E1","SB","External",5,0.8975208,0.4,0,FALSE,"Bacteria","Planctomycetota","Phycisphaerae","Phycisphaerales","AKAU3564 sediment group",NA,NA,NA
"3198","sq676","D12",0.0002335057,"D12","SB4 5E1","SB","External",5,0.8975208,0.4,0,FALSE,"Bacteria","Bacteroidota","Kryptonia","Kryptoniales","MSB-3C8",NA,NA,NA
"3199","sq11898","E1",0.0002325987,"E1","TM2 21N1","TM","Internal",21,0.6326758,NA,0,FALSE,"Bacteria","Verrucomicrobiota","Chlamydiae","Chlamydiales","Parachlamydiaceae",NA,NA,NA
"3200","sq1676","E1",0.0002325987,"E1","TM2 21N1","TM","Internal",21,0.6326758,NA,0,FALSE,"Bacteria","Proteobacteria","Alphaproteobacteria","Rhodospirillales","Magnetospiraceae",NA,NA,NA
"3201","sq4006","E1",0.0002325987,"E1","TM2 21N1","TM","Internal",21,0.6326758,NA,0,FALSE,"Bacteria","Dependentiae","Babeliae","Babeliales","Vermiphilaceae",NA,NA,NA
"3202","sq1103","D11",0.0002302832,"D11","SB4 5N1","SB","Internal",5,1.132759,0.701,0,FALSE,"Bacteria","Proteobacteria","Gammaproteobacteria","Pseudomonadales","Cellvibrionaceae",NA,NA,NA
"3203","sq4006","D11",0.0002302832,"D11","SB4 5N1","SB","Internal",5,1.132759,0.701,0,FALSE,"Bacteria","Dependentiae","Babeliae","Babeliales","Vermiphilaceae",NA,NA,NA
"3204","sq222","D7",0.0002299115,"D7","SB4 3N1","SB","Internal",3,0.9474643,NA,0,FALSE,"Bacteria","Proteobacteria","Gammaproteobacteria","Enterobacterales","Vibrionaceae",NA,NA,NA
"3205","sq2355","E5",0.0002298014,"E5","TM2 23N1","TM","Internal",23,1.04109,0.484,0,FALSE,"Bacteria","Verrucomicrobiota","Lentisphaeria","Victivallales","BD2-3",NA,NA,NA
"3206","sq3630","E5",0.0002298014,"E5","TM2 23N1","TM","Internal",23,1.04109,0.484,0,FALSE,"Bacteria","Proteobacteria","Alphaproteobacteria","Parvibaculales","PS1 clade",NA,NA,NA
"3207","sq4679","E5",0.0002298014,"E5","TM2 23N1","TM","Internal",23,1.04109,0.484,0,FALSE,"Bacteria","Fibrobacterota","Fibrobacteria","Fibrobacterales","SBYC",NA,NA,NA
"3208","sq4927","E5",0.0002298014,"E5","TM2 23N1","TM","Internal",23,1.04109,0.484,0,FALSE,"Bacteria","Gemmatimonadota","Gemmatimonadetes","Gemmatimonadales","Gemmatimonadaceae",NA,NA,NA
"3209","sq821","E5",0.0002298014,"E5","TM2 23N1","TM","Internal",23,1.04109,0.484,0,FALSE,"Bacteria","Bacteroidota","Bacteroidia","Flavobacteriales","NS9 marine group",NA,NA,NA
"3210","sq3047","D4",0.0002283083,"D4","SB3 2E1","SB","External",2,0.6529851,0.136,NA,FALSE,"Bacteria","Proteobacteria","Gammaproteobacteria","Pseudomonadales","211ds20",NA,NA,NA
"3211","sq713","D4",0.0002283083,"D4","SB3 2E1","SB","External",2,0.6529851,0.136,NA,FALSE,"Bacteria","Cyanobacteria","Cyanobacteriia","Synechococcales","Cyanobiaceae",NA,NA,NA
"3212","sq183","D8",0.0002282216,"D8","SB4 3E1","SB","External",3,0.7979979,NA,0,FALSE,"Bacteria","Proteobacteria","Gammaproteobacteria","Ectothiorhodospirales","Ectothiorhodospiraceae",NA,NA,NA
"3213","sq393","D8",0.0002282216,"D8","SB4 3E1","SB","External",3,0.7979979,NA,0,FALSE,"Bacteria","Proteobacteria","Gammaproteobacteria","Burkholderiales","Nitrosomonadaceae",NA,NA,NA
"3214","sq731","D8",0.0002282216,"D8","SB4 3E1","SB","External",3,0.7979979,NA,0,FALSE,"Bacteria","Myxococcota","Polyangia","Polyangiales","Eel-36e1D6",NA,NA,NA
"3215","sq104","E11",0.0002281306,"E11","TM3 28N1","TM","Internal",28,1.477156,2.427,0.039,FALSE,"Bacteria","Cyanobacteria","Cyanobacteriia","Phormidesmiales","Nodosilineaceae",NA,NA,NA
"3216","sq3215","E9",0.0002279524,"E9","TM3 27N1","TM","Internal",27,1.647955,2.235,NA,FALSE,"Bacteria","Proteobacteria","Alphaproteobacteria","Rickettsiales","SM2D12",NA,NA,NA
"3217","sq3630","E9",0.0002279524,"E9","TM3 27N1","TM","Internal",27,1.647955,2.235,NA,FALSE,"Bacteria","Proteobacteria","Alphaproteobacteria","Parvibaculales","PS1 clade",NA,NA,NA
"3218","sq1473","D3",0.0002274847,"D3","SB3 2N1","SB","Internal",2,0.7753723,0.11,NA,FALSE,"Bacteria","Bacteroidota","Bacteroidia","Sphingobacteriales","Lentimicrobiaceae",NA,NA,NA
"3219","sq997","D3",0.0002274847,"D3","SB3 2N1","SB","Internal",2,0.7753723,0.11,NA,FALSE,"Bacteria","Verrucomicrobiota","Lentisphaeria","Oligosphaerales","Lenti-02",NA,NA,NA
"3220","sq1338","E12",0.0002272862,"E12","TM3 28E1","TM","External",28,1.516085,1.023,0,FALSE,"Bacteria","Proteobacteria","Gammaproteobacteria","Pseudomonadales","P13-46",NA,NA,NA
"3221","sq1518","D2",0.000225996,"D2","SB3 1E2","SB","External",1,0.9945908,NA,0,FALSE,"Bacteria","Planctomycetota","Planctomycetes","Planctomycetales","Schlesneriaceae",NA,NA,NA
"3222","sq1046","E10",0.0002255507,"E10","TM3 27E1","TM","External",27,0.830019,0.233,NA,FALSE,"Bacteria","Firmicutes","Clostridia","Peptostreptococcales-Tissierellales","Fusibacteraceae",NA,NA,NA
"3223","sq3643","E3",0.000225422,"E3","TM2 22N1","TM","Internal",22,1.027042,1.612,NA,FALSE,"Bacteria","Planctomycetota","Phycisphaerae","MSBL9","SM23-30",NA,NA,NA
"3224","sq6474","E8",0.0002245332,"E8","TM3 26E1","TM","External",26,1.169005,NA,0.034,FALSE,"Bacteria","Fibrobacterota","Fibrobacteria","Fibrobacterales","B5-096",NA,NA,NA
"3225","sq2634","D1",0.0002225918,"D1","SB3 1N1 ","SB","Internal",1,1.016766,NA,0,FALSE,"Bacteria","Proteobacteria","Gammaproteobacteria","Legionellales","Legionellaceae",NA,NA,NA
"3226","sq3330","D1",0.0002225918,"D1","SB3 1N1 ","SB","Internal",1,1.016766,NA,0,FALSE,"Bacteria","Fibrobacterota","Fibrobacteria","Fibrobacterales","SBYZ-1017",NA,NA,NA
"3227","sq323","D12",0.0002218305,"D12","SB4 5E1","SB","External",5,0.8975208,0.4,0,FALSE,"Bacteria","Campylobacterota","Campylobacteria","Campylobacterales","Sulfurimonadaceae",NA,NA,NA
"3228","sq1792","E6",0.0002217482,"E6","TM2 23E1","TM","External",23,1.016192,0.102,0,FALSE,"Bacteria","Bacteroidota","Bacteroidia","Bacteroidales","Salinivirgaceae",NA,NA,NA
"3229","sq3921","D9",0.0002207253,"D9","SB4 4N1","SB","Internal",4,1.337103,1.856,NA,FALSE,"Bacteria","Proteobacteria","Gammaproteobacteria","Diplorickettsiales","Diplorickettsiaceae",NA,NA,NA
"3230","sq1719","D6",0.0002203151,"D6","SB3 3E1","SB","External",3,0.7111695,0.121,0,FALSE,"Bacteria","Actinobacteriota","Acidimicrobiia","Microtrichales","Ilumatobacteraceae",NA,NA,NA
"3231","sq2054","D6",0.0002203151,"D6","SB3 3E1","SB","External",3,0.7111695,0.121,0,FALSE,"Bacteria","Halanaerobiaeota","Halanaerobiia","Halanaerobiales","Halobacteroidaceae",NA,NA,NA
"3232","sq2938","D6",0.0002203151,"D6","SB3 3E1","SB","External",3,0.7111695,0.121,0,FALSE,"Bacteria","Proteobacteria","Gammaproteobacteria","Francisellales","Francisellaceae",NA,NA,NA
"3233","sq1010","D11",0.0002202709,"D11","SB4 5N1","SB","Internal",5,1.132759,0.701,0,FALSE,"Bacteria","Proteobacteria","Alphaproteobacteria","Rhizobiales","Methyloligellaceae",NA,NA,NA
"3234","sq466","D11",0.0002202709,"D11","SB4 5N1","SB","Internal",5,1.132759,0.701,0,FALSE,"Bacteria","Firmicutes","Clostridia","Oscillospirales","Hungateiclostridiaceae",NA,NA,NA
"3235","sq3448","E4",0.0002202601,"E4","TM2 22E1","TM","External",22,1.310616,0.595,NA,FALSE,"Bacteria","Proteobacteria","Gammaproteobacteria","Granulosicoccales","Granulosicoccaceae",NA,NA,NA
"3236","sq352","E4",0.0002202601,"E4","TM2 22E1","TM","External",22,1.310616,0.595,NA,FALSE,"Bacteria","Proteobacteria","Gammaproteobacteria","Enterobacterales","Alteromonadaceae",NA,NA,NA
"3237","sq1367","E2",0.00022017,"E2","TM2 21E1","TM","External",21,3.767123,NA,0,FALSE,"Bacteria","Proteobacteria","Alphaproteobacteria","Micavibrionales","Micavibrionaceae",NA,NA,NA
"3238","sq2046","E9",0.0002188343,"E9","TM3 27N1","TM","Internal",27,1.647955,2.235,NA,FALSE,"Bacteria","Fibrobacterota","Fibrobacteria","Fibrobacterales","TG3",NA,NA,NA
"3239","sq997","E9",0.0002188343,"E9","TM3 27N1","TM","Internal",27,1.647955,2.235,NA,FALSE,"Bacteria","Verrucomicrobiota","Lentisphaeria","Oligosphaerales","Lenti-02",NA,NA,NA
"3240","sq1730","E9",0.0002188343,"E9","TM3 27N1","TM","Internal",27,1.647955,2.235,NA,FALSE,"Bacteria","Planctomycetota","Phycisphaerae","MSBL9","KCLunmb-38-53",NA,NA,NA
"3241","sq2054","E9",0.0002188343,"E9","TM3 27N1","TM","Internal",27,1.647955,2.235,NA,FALSE,"Bacteria","Halanaerobiaeota","Halanaerobiia","Halanaerobiales","Halobacteroidaceae",NA,NA,NA
"3242","sq1676","E11",0.000217761,"E11","TM3 28N1","TM","Internal",28,1.477156,2.427,0.039,FALSE,"Bacteria","Proteobacteria","Alphaproteobacteria","Rhodospirillales","Magnetospiraceae",NA,NA,NA
"3243","sq2280","E11",0.000217761,"E11","TM3 28N1","TM","Internal",28,1.477156,2.427,0.039,FALSE,"Bacteria","Proteobacteria","Gammaproteobacteria","Ectothiorhodospirales","Thioalkalispiraceae",NA,NA,NA
"3244","sq771","E11",0.000217761,"E11","TM3 28N1","TM","Internal",28,1.477156,2.427,0.039,FALSE,"Bacteria","Proteobacteria","Alphaproteobacteria","Rhizobiales","Rhizobiaceae",NA,NA,NA
"3245","sq3216","E12",0.0002174042,"E12","TM3 28E1","TM","External",28,1.516085,1.023,0,FALSE,"Bacteria","Nitrospinota","Nitrospinia","Nitrospinales","Nitrospinaceae",NA,NA,NA
"3246","sq5939","E12",0.0002174042,"E12","TM3 28E1","TM","External",28,1.516085,1.023,0,FALSE,"Bacteria","Firmicutes","Clostridia","Peptostreptococcales-Tissierellales","Sporosalibacterium",NA,NA,NA
"3247","sq390","E10",0.000217197,"E10","TM3 27E1","TM","External",27,0.830019,0.233,NA,FALSE,"Bacteria","Bacteroidota","Bacteroidia","Bacteroidales","Marinifilaceae",NA,NA,NA
"3248","sq49","E10",0.000217197,"E10","TM3 27E1","TM","External",27,0.830019,0.233,NA,FALSE,"Bacteria","Cyanobacteria","Cyanobacteriia","Cyanobacteriales","Phormidiaceae",NA,NA,NA
"3249","sq4535","D3",0.0002161105,"D3","SB3 2N1","SB","Internal",2,0.7753723,0.11,NA,FALSE,"Bacteria","Proteobacteria","Alphaproteobacteria","Rickettsiales","Rickettsiaceae",NA,NA,NA
"3250","sq2330","D1",0.0002160449,"D1","SB3 1N1 ","SB","Internal",1,1.016766,NA,0,FALSE,"Bacteria","Planctomycetota","Phycisphaerae","MSBL9","ST-NAGAB-D1",NA,NA,NA
"3251","sq2951","D1",0.0002160449,"D1","SB3 1N1 ","SB","Internal",1,1.016766,NA,0,FALSE,"Bacteria","Verrucomicrobiota","Chlamydiae","Chlamydiales","Chlamydiaceae",NA,NA,NA
"3252","sq4891","D8",0.0002147968,"D8","SB4 3E1","SB","External",3,0.7979979,NA,0,FALSE,"Bacteria","Proteobacteria","Gammaproteobacteria","Pseudomonadales","Moraxellaceae",NA,NA,NA
"3253","sq578","E7",0.0002135238,"E7","TM3 26N1","TM","Internal",26,1.910828,NA,0.056,FALSE,"Bacteria","Fibrobacterota","Fibrobacteria","Fibrobacterales","Fibrobacteraceae",NA,NA,NA
"3254","sq6474","E7",0.0002135238,"E7","TM3 26N1","TM","Internal",26,1.910828,NA,0.056,FALSE,"Bacteria","Fibrobacterota","Fibrobacteria","Fibrobacterales","B5-096",NA,NA,NA
"3255","sq1010","E8",0.0002127157,"E8","TM3 26E1","TM","External",26,1.169005,NA,0.034,FALSE,"Bacteria","Proteobacteria","Alphaproteobacteria","Rhizobiales","Methyloligellaceae",NA,NA,NA
"3256","sq1557","E8",0.0002127157,"E8","TM3 26E1","TM","External",26,1.169005,NA,0.034,FALSE,"Bacteria","Bacteroidota","Ignavibacteria","Ignavibacteriales","Ignavibacteriaceae",NA,NA,NA
"3257","sq4825","E8",0.0002127157,"E8","TM3 26E1","TM","External",26,1.169005,NA,0.034,FALSE,"Bacteria","Fibrobacterota","Fibrobacteria","Fibrobacterales","Candidatus Raymondbacteria",NA,NA,NA
"3258","sq577","E8",0.0002127157,"E8","TM3 26E1","TM","External",26,1.169005,NA,0.034,FALSE,"Bacteria","Proteobacteria","Gammaproteobacteria","Thiohalorhabdales","Thiohalorhabdaceae",NA,NA,NA
"3259","sq1299","D5",0.0002126184,"D5","SB3 3N1","SB","Internal",3,0.4562304,0,0,FALSE,"Bacteria","Proteobacteria","Gammaproteobacteria","Tenderiales","Tenderiaceae",NA,NA,NA
"3260","sq3330","D5",0.0002126184,"D5","SB3 3N1","SB","Internal",3,0.4562304,0,0,FALSE,"Bacteria","Fibrobacterota","Fibrobacteria","Fibrobacterales","SBYZ-1017",NA,NA,NA
"3261","sq390","D5",0.0002126184,"D5","SB3 3N1","SB","Internal",3,0.4562304,0,0,FALSE,"Bacteria","Bacteroidota","Bacteroidia","Bacteroidales","Marinifilaceae",NA,NA,NA
"3262","sq5046","D5",0.0002126184,"D5","SB3 3N1","SB","Internal",3,0.4562304,0,0,FALSE,"Bacteria","Bacteroidota","Bacteroidia","Bacteroidales","Williamwhitmaniaceae",NA,NA,NA
"3263","sq7707","D5",0.0002126184,"D5","SB3 3N1","SB","Internal",3,0.4562304,0,0,FALSE,"Bacteria","Caldisericota","Caldisericia","Caldisericales","WCHB1-02",NA,NA,NA
"3264","sq1599","D10",0.0002119093,"D10","SB4 4E1","SB","External",4,0.9473753,0.459,NA,FALSE,"Bacteria","Myxococcota","Polyangia","Polyangiales","BIrii41",NA,NA,NA
"3265","sq2330","E6",0.0002111888,"E6","TM2 23E1","TM","External",23,1.016192,0.102,0,FALSE,"Bacteria","Planctomycetota","Phycisphaerae","MSBL9","ST-NAGAB-D1",NA,NA,NA
"3266","sq3486","E4",0.0002106836,"E4","TM2 22E1","TM","External",22,1.310616,0.595,NA,FALSE,"Bacteria","Firmicutes","Clostridia","Peptococcales","Peptococcaceae",NA,NA,NA
"3267","sq2047","D6",0.0002103007,"D6","SB3 3E1","SB","External",3,0.7111695,0.121,0,FALSE,"Bacteria","Proteobacteria","Gammaproteobacteria","Pseudomonadales","OM182 clade",NA,NA,NA
"3268","sq3076","D6",0.0002103007,"D6","SB3 3E1","SB","External",3,0.7111695,0.121,0,FALSE,"Bacteria","Bacteroidota","Bacteroidia","Cytophagales","Bernardetiaceae",NA,NA,NA
"3269","sq844","D6",0.0002103007,"D6","SB3 3E1","SB","External",3,0.7111695,0.121,0,FALSE,"Bacteria","Proteobacteria","Gammaproteobacteria","Pseudomonadales","Microbulbiferaceae",NA,NA,NA
"3270","sq2088","D11",0.0002102586,"D11","SB4 5N1","SB","Internal",5,1.132759,0.701,0,FALSE,"Bacteria","Proteobacteria","Alphaproteobacteria","Rhizobiales","Beijerinckiaceae",NA,NA,NA
"3271","sq482","D11",0.0002102586,"D11","SB4 5N1","SB","Internal",5,1.132759,0.701,0,FALSE,"Bacteria","Proteobacteria","Alphaproteobacteria","Rhizobiales","Hyphomicrobiaceae",NA,NA,NA
"3272","sq747","D11",0.0002102586,"D11","SB4 5N1","SB","Internal",5,1.132759,0.701,0,FALSE,"Bacteria","Verrucomicrobiota","Kiritimatiellae","Kiritimatiellales","Kiritimatiellaceae",NA,NA,NA
"3273","sq1299","D2",0.0002098534,"D2","SB3 1E2","SB","External",1,0.9945908,NA,0,FALSE,"Bacteria","Proteobacteria","Gammaproteobacteria","Tenderiales","Tenderiaceae",NA,NA,NA
"3274","sq267","D2",0.0002098534,"D2","SB3 1E2","SB","External",1,0.9945908,NA,0,FALSE,"Bacteria","Proteobacteria","Alphaproteobacteria","Rhizobiales","Rhizobiales Incertae Sedis",NA,NA,NA
"3275","sq2634","D2",0.0002098534,"D2","SB3 1E2","SB","External",1,0.9945908,NA,0,FALSE,"Bacteria","Proteobacteria","Gammaproteobacteria","Legionellales","Legionellaceae",NA,NA,NA
"3276","sq2522","E9",0.0002097162,"E9","TM3 27N1","TM","Internal",27,1.647955,2.235,NA,FALSE,"Bacteria","Bacteroidota","Ignavibacteria","Ignavibacteriales","PHOS-HE36",NA,NA,NA
"3277","sq6360","E9",0.0002097162,"E9","TM3 27N1","TM","Internal",27,1.647955,2.235,NA,FALSE,"Bacteria","Proteobacteria","Gammaproteobacteria","Pseudomonadales","Halomonadaceae",NA,NA,NA
"3278","sq1818","D4",0.0002092826,"D4","SB3 2E1","SB","External",2,0.6529851,0.136,NA,FALSE,"Bacteria","Chloroflexi","Anaerolineae","Caldilineales","Caldilineaceae",NA,NA,NA
"3279","sq389","D4",0.0002092826,"D4","SB3 2E1","SB","External",2,0.6529851,0.136,NA,FALSE,"Bacteria","Bacteroidota","Ignavibacteria","Ignavibacteriales","Melioribacteraceae",NA,NA,NA
"3280","sq6328","D4",0.0002092826,"D4","SB3 2E1","SB","External",2,0.6529851,0.136,NA,FALSE,"Bacteria","Firmicutes","Clostridia","Monoglobales","Monoglobaceae",NA,NA,NA
"3281","sq2415","E12",0.0002075222,"E12","TM3 28E1","TM","External",28,1.516085,1.023,0,FALSE,"Bacteria","Desulfobacterota","Desulfobacteria","Desulfobacterales","Desulfolunaceae",NA,NA,NA
"3282","sq2823","E12",0.0002075222,"E12","TM3 28E1","TM","External",28,1.516085,1.023,0,FALSE,"Bacteria","Proteobacteria","Alphaproteobacteria","Rhizobiales","Stappiaceae",NA,NA,NA
"3283","sq3738","E12",0.0002075222,"E12","TM3 28E1","TM","External",28,1.516085,1.023,0,FALSE,"Bacteria","Bacteroidota","Bacteroidia","Sphingobacteriales","NS11-12 marine group",NA,NA,NA
"3284","sq6137","E12",0.0002075222,"E12","TM3 28E1","TM","External",28,1.516085,1.023,0,FALSE,"Bacteria","Proteobacteria","Alphaproteobacteria","SAR11 clade","Clade I",NA,NA,NA
"3285","sq6","E11",0.0002073914,"E11","TM3 28N1","TM","Internal",28,1.477156,2.427,0.039,FALSE,"Bacteria","Cyanobacteria","Cyanobacteriia","Cyanobacteriales","Desertifilaceae",NA,NA,NA
"3286","sq11","D3",0.0002047362,"D3","SB3 2N1","SB","Internal",2,0.7753723,0.11,NA,FALSE,"Bacteria","Cyanobacteria","Cyanobacteriia","Cyanobacteriales","Coleofasciculaceae",NA,NA,NA
"3287","sq2893","D3",0.0002047362,"D3","SB3 2N1","SB","Internal",2,0.7753723,0.11,NA,FALSE,"Bacteria","Bacteroidota","Bacteroidia","Flavobacteriales","Weeksellaceae",NA,NA,NA
"3288","sq816","D3",0.0002047362,"D3","SB3 2N1","SB","Internal",2,0.7753723,0.11,NA,FALSE,"Bacteria","Proteobacteria","Alphaproteobacteria","Rhodospirillales","Rhodospirillaceae",NA,NA,NA
"3289","sq985","D3",0.0002047362,"D3","SB3 2N1","SB","Internal",2,0.7753723,0.11,NA,FALSE,"Bacteria","Firmicutes","Clostridia","Christensenellales","Christensenellaceae",NA,NA,NA
"3290","sq1860","D9",0.0002043753,"D9","SB4 4N1","SB","Internal",4,1.337103,1.856,NA,FALSE,"Bacteria","Bacteroidota","Bacteroidia","Chitinophagales","Chitinophagaceae",NA,NA,NA
"3291","sq3731","D9",0.0002043753,"D9","SB4 4N1","SB","Internal",4,1.337103,1.856,NA,FALSE,"Bacteria","Cyanobacteria","Cyanobacteriia","Cyanobacteriales","Xenococcaceae",NA,NA,NA
"3292","sq2497","D7",0.0002043658,"D7","SB4 3N1","SB","Internal",3,0.9474643,NA,0,FALSE,"Bacteria","Latescibacterota","Latescibacteria","Latescibacterales","Latescibacteraceae",NA,NA,NA
"3293","sq3790","D7",0.0002043658,"D7","SB4 3N1","SB","Internal",3,0.9474643,NA,0,FALSE,"Bacteria","Planctomycetota","Planctomycetes","Isosphaerales","Isosphaeraceae",NA,NA,NA
"3294","sq390","E7",0.0002038182,"E7","TM3 26N1","TM","Internal",26,1.910828,NA,0.056,FALSE,"Bacteria","Bacteroidota","Bacteroidia","Bacteroidales","Marinifilaceae",NA,NA,NA
"3295","sq2114","D10",0.0002037589,"D10","SB4 4E1","SB","External",4,0.9473753,0.459,NA,FALSE,"Bacteria","Planctomycetota","Phycisphaerae","MSBL9","SG8-4",NA,NA,NA
"3296","sq8615","D10",0.0002037589,"D10","SB4 4E1","SB","External",4,0.9473753,0.459,NA,FALSE,"Bacteria","Firmicutes","Clostridia","Peptostreptococcales-Tissierellales","Thermotaleaceae",NA,NA,NA
"3297","sq1513","D5",0.0002033742,"D5","SB3 3N1","SB","Internal",3,0.4562304,0,0,FALSE,"Bacteria","Campylobacterota","Campylobacteria","Campylobacterales","Helicobacteraceae",NA,NA,NA
"3298","sq1676","D5",0.0002033742,"D5","SB3 3N1","SB","Internal",3,0.4562304,0,0,FALSE,"Bacteria","Proteobacteria","Alphaproteobacteria","Rhodospirillales","Magnetospiraceae",NA,NA,NA
"3299","sq3215","D5",0.0002033742,"D5","SB3 3N1","SB","Internal",3,0.4562304,0,0,FALSE,"Bacteria","Proteobacteria","Alphaproteobacteria","Rickettsiales","SM2D12",NA,NA,NA
"3300","sq11","D1",0.0002029513,"D1","SB3 1N1 ","SB","Internal",1,1.016766,NA,0,FALSE,"Bacteria","Cyanobacteria","Cyanobacteriia","Cyanobacteriales","Coleofasciculaceae",NA,NA,NA
"3301","sq296","D2",0.0002017821,"D2","SB3 1E2","SB","External",1,0.9945908,NA,0,FALSE,"Bacteria","Proteobacteria","Gammaproteobacteria","Pseudomonadales","Hahellaceae",NA,NA,NA
"3302","sq3330","D8",0.000201372,"D8","SB4 3E1","SB","External",3,0.7979979,NA,0,FALSE,"Bacteria","Fibrobacterota","Fibrobacteria","Fibrobacterales","SBYZ-1017",NA,NA,NA
"3303","sq2037","E4",0.000201107,"E4","TM2 22E1","TM","External",22,1.310616,0.595,NA,FALSE,"Bacteria","Acidobacteriota","Blastocatellia","Blastocatellales","Blastocatellaceae",NA,NA,NA
"3304","sq6","E4",0.000201107,"E4","TM2 22E1","TM","External",22,1.310616,0.595,NA,FALSE,"Bacteria","Cyanobacteria","Cyanobacteriia","Cyanobacteriales","Desertifilaceae",NA,NA,NA
"3305","sq816","E4",0.000201107,"E4","TM2 22E1","TM","External",22,1.310616,0.595,NA,FALSE,"Bacteria","Proteobacteria","Alphaproteobacteria","Rhodospirillales","Rhodospirillaceae",NA,NA,NA
"3306","sq350","E8",0.0002008981,"E8","TM3 26E1","TM","External",26,1.169005,NA,0.034,FALSE,"Bacteria","Bacteroidota","Bacteroidia","Cytophagales","Amoebophilaceae",NA,NA,NA
"3307","sq2359","E6",0.0002006293,"E6","TM2 23E1","TM","External",23,1.016192,0.102,0,FALSE,"Bacteria","Proteobacteria","Gammaproteobacteria","Enterobacterales","Kangiellaceae",NA,NA,NA
"3308","sq816","E6",0.0002006293,"E6","TM2 23E1","TM","External",23,1.016192,0.102,0,FALSE,"Bacteria","Proteobacteria","Alphaproteobacteria","Rhodospirillales","Rhodospirillaceae",NA,NA,NA
"3309","sq2146","E9",0.0002005981,"E9","TM3 27N1","TM","Internal",27,1.647955,2.235,NA,FALSE,"Bacteria","Proteobacteria","Zetaproteobacteria","Mariprofundales","Mariprofundaceae",NA,NA,NA
"3310","sq323","E9",0.0002005981,"E9","TM3 27N1","TM","Internal",27,1.647955,2.235,NA,FALSE,"Bacteria","Campylobacterota","Campylobacteria","Campylobacterales","Sulfurimonadaceae",NA,NA,NA
"3311","sq7337","E9",0.0002005981,"E9","TM3 27N1","TM","Internal",27,1.647955,2.235,NA,FALSE,"Bacteria","Proteobacteria","Gammaproteobacteria","Ectothiorhodospirales","Acidihalobacteraceae",NA,NA,NA
"3312","sq3554","E10",0.0002004895,"E10","TM3 27E1","TM","External",27,0.830019,0.233,NA,FALSE,"Bacteria","Nitrospirota","Nitrospiria","Nitrospirales","Nitrospiraceae",NA,NA,NA
"3313","sq2823","D6",0.0002002864,"D6","SB3 3E1","SB","External",3,0.7111695,0.121,0,FALSE,"Bacteria","Proteobacteria","Alphaproteobacteria","Rhizobiales","Stappiaceae",NA,NA,NA
"3314","sq3790","D11",0.0002002463,"D11","SB4 5N1","SB","Internal",5,1.132759,0.701,0,FALSE,"Bacteria","Planctomycetota","Planctomycetes","Isosphaerales","Isosphaeraceae",NA,NA,NA
"3315","sq4562","D4",0.0001997698,"D4","SB3 2E1","SB","External",2,0.6529851,0.136,NA,FALSE,"Bacteria","Proteobacteria","Gammaproteobacteria","Salinisphaerales","Solimonadaceae",NA,NA,NA
"3316","sq1818","D12",0.0001984799,"D12","SB4 5E1","SB","External",5,0.8975208,0.4,0,FALSE,"Bacteria","Chloroflexi","Anaerolineae","Caldilineales","Caldilineaceae",NA,NA,NA
"3317","sq4446","D12",0.0001984799,"D12","SB4 5E1","SB","External",5,0.8975208,0.4,0,FALSE,"Bacteria","Proteobacteria","Alphaproteobacteria","Kiloniellales","Fodinicurvataceae",NA,NA,NA
"3318","sq2037","D12",0.0001984799,"D12","SB4 5E1","SB","External",5,0.8975208,0.4,0,FALSE,"Bacteria","Acidobacteriota","Blastocatellia","Blastocatellales","Blastocatellaceae",NA,NA,NA
"3319","sq2415","E3",0.0001972442,"E3","TM2 22N1","TM","Internal",22,1.027042,1.612,NA,FALSE,"Bacteria","Desulfobacterota","Desulfobacteria","Desulfobacterales","Desulfolunaceae",NA,NA,NA
"3320","sq1414","E11",0.0001970219,"E11","TM3 28N1","TM","Internal",28,1.477156,2.427,0.039,FALSE,"Bacteria","Cyanobacteria","Cyanobacteriia","Cyanobacteriales","Geitlerinemaceae",NA,NA,NA
"3321","sq2359","E11",0.0001970219,"E11","TM3 28N1","TM","Internal",28,1.477156,2.427,0.039,FALSE,"Bacteria","Proteobacteria","Gammaproteobacteria","Enterobacterales","Kangiellaceae",NA,NA,NA
"3322","sq844","D1",0.0001964045,"D1","SB3 1N1 ","SB","Internal",1,1.016766,NA,0,FALSE,"Bacteria","Proteobacteria","Gammaproteobacteria","Pseudomonadales","Microbulbiferaceae",NA,NA,NA
"3323","sq1410","E2",0.0001957067,"E2","TM2 21E1","TM","External",21,3.767123,NA,0,FALSE,"Bacteria","Cyanobacteria","Cyanobacteriia","Leptolyngbyales","Leptolyngbyaceae",NA,NA,NA
"3324","sq1893","E2",0.0001957067,"E2","TM2 21E1","TM","External",21,3.767123,NA,0,FALSE,"Bacteria","Myxococcota","Polyangia","Polyangiales","Phaselicystidaceae",NA,NA,NA
"3325","sq296","D10",0.0001956086,"D10","SB4 4E1","SB","External",4,0.9473753,0.459,NA,FALSE,"Bacteria","Proteobacteria","Gammaproteobacteria","Pseudomonadales","Hahellaceae",NA,NA,NA
"3326","sq3215","D10",0.0001956086,"D10","SB4 4E1","SB","External",4,0.9473753,0.459,NA,FALSE,"Bacteria","Proteobacteria","Alphaproteobacteria","Rickettsiales","SM2D12",NA,NA,NA
"3327","sq8296","D10",0.0001956086,"D10","SB4 4E1","SB","External",4,0.9473753,0.459,NA,FALSE,"Bacteria","Proteobacteria","Magnetococcia","Magnetococcales","Magnetococcaceae",NA,NA,NA
"3328","sq2355","E7",0.0001941126,"E7","TM3 26N1","TM","Internal",26,1.910828,NA,0.056,FALSE,"Bacteria","Verrucomicrobiota","Lentisphaeria","Victivallales","BD2-3",NA,NA,NA
"3329","sq771","E7",0.0001941126,"E7","TM3 26N1","TM","Internal",26,1.910828,NA,0.056,FALSE,"Bacteria","Proteobacteria","Alphaproteobacteria","Rhizobiales","Rhizobiaceae",NA,NA,NA
"3330","sq1414","D3",0.000193362,"D3","SB3 2N1","SB","Internal",2,0.7753723,0.11,NA,FALSE,"Bacteria","Cyanobacteria","Cyanobacteriia","Cyanobacteriales","Geitlerinemaceae",NA,NA,NA
"3331","sq2047","D3",0.000193362,"D3","SB3 2N1","SB","Internal",2,0.7753723,0.11,NA,FALSE,"Bacteria","Proteobacteria","Gammaproteobacteria","Pseudomonadales","OM182 clade",NA,NA,NA
"3332","sq495","D3",0.000193362,"D3","SB3 2N1","SB","Internal",2,0.7753723,0.11,NA,FALSE,"Bacteria","Acidobacteriota","Thermoanaerobaculia","Thermoanaerobaculales","Thermoanaerobaculaceae",NA,NA,NA
"3333","sq11898","E10",0.0001921358,"E10","TM3 27E1","TM","External",27,0.830019,0.233,NA,FALSE,"Bacteria","Verrucomicrobiota","Chlamydiae","Chlamydiales","Parachlamydiaceae",NA,NA,NA
"3334","sq2516","E10",0.0001921358,"E10","TM3 27E1","TM","External",27,0.830019,0.233,NA,FALSE,"Bacteria","Proteobacteria","Gammaproteobacteria","Pseudomonadales","Porticoccaceae",NA,NA,NA
"3335","sq3001","E10",0.0001921358,"E10","TM3 27E1","TM","External",27,0.830019,0.233,NA,FALSE,"Bacteria","Proteobacteria","Gammaproteobacteria","Coxiellales","Coxiellaceae",NA,NA,NA
"3336","sq2722","D7",0.0001915929,"D7","SB4 3N1","SB","Internal",3,0.9474643,NA,0,FALSE,"Bacteria","Verrucomicrobiota","Verrucomicrobiae","Chthoniobacterales","01D2Z36",NA,NA,NA
"3337","sq2951","D7",0.0001915929,"D7","SB4 3N1","SB","Internal",3,0.9474643,NA,0,FALSE,"Bacteria","Verrucomicrobiota","Chlamydiae","Chlamydiales","Chlamydiaceae",NA,NA,NA
"3338","sq9343","D7",0.0001915929,"D7","SB4 3N1","SB","Internal",3,0.9474643,NA,0,FALSE,"Bacteria","Verrucomicrobiota","Omnitrophia","Omnitrophales","koll11",NA,NA,NA
"3339","sq1766","E5",0.0001915012,"E5","TM2 23N1","TM","Internal",23,1.04109,0.484,0,FALSE,"Bacteria","Fermentibacterota","Fermentibacteria","Fermentibacterales","Fermentibacteraceae",NA,NA,NA
"3340","sq2330","E5",0.0001915012,"E5","TM2 23N1","TM","Internal",23,1.04109,0.484,0,FALSE,"Bacteria","Planctomycetota","Phycisphaerae","MSBL9","ST-NAGAB-D1",NA,NA,NA
"3341","sq2454","E5",0.0001915012,"E5","TM2 23N1","TM","Internal",23,1.04109,0.484,0,FALSE,"Bacteria","Proteobacteria","Alphaproteobacteria","Alphaproteobacteria Incertae Sedis","Unknown Family",NA,NA,NA
"3342","sq6474","E5",0.0001915012,"E5","TM2 23N1","TM","Internal",23,1.04109,0.484,0,FALSE,"Bacteria","Fibrobacterota","Fibrobacteria","Fibrobacterales","B5-096",NA,NA,NA
"3343","sq1513","D6",0.0001902721,"D6","SB3 3E1","SB","External",3,0.7111695,0.121,0,FALSE,"Bacteria","Campylobacterota","Campylobacteria","Campylobacterales","Helicobacteraceae",NA,NA,NA
"3344","sq3047","D6",0.0001902721,"D6","SB3 3E1","SB","External",3,0.7111695,0.121,0,FALSE,"Bacteria","Proteobacteria","Gammaproteobacteria","Pseudomonadales","211ds20",NA,NA,NA
"3345","sq3330","D6",0.0001902721,"D6","SB3 3E1","SB","External",3,0.7111695,0.121,0,FALSE,"Bacteria","Fibrobacterota","Fibrobacteria","Fibrobacterales","SBYZ-1017",NA,NA,NA
"3346","sq2938","D4",0.0001902569,"D4","SB3 2E1","SB","External",2,0.6529851,0.136,NA,FALSE,"Bacteria","Proteobacteria","Gammaproteobacteria","Francisellales","Francisellaceae",NA,NA,NA
"3347","sq323","D4",0.0001902569,"D4","SB3 2E1","SB","External",2,0.6529851,0.136,NA,FALSE,"Bacteria","Campylobacterota","Campylobacteria","Campylobacterales","Sulfurimonadaceae",NA,NA,NA
"3348","sq405","D4",0.0001902569,"D4","SB3 2E1","SB","External",2,0.6529851,0.136,NA,FALSE,"Bacteria","Firmicutes","Bacilli","Izemoplasmatales","Izemoplasmataceae",NA,NA,NA
"3349","sq1299","D11",0.000190234,"D11","SB4 5N1","SB","Internal",5,1.132759,0.701,0,FALSE,"Bacteria","Proteobacteria","Gammaproteobacteria","Tenderiales","Tenderiaceae",NA,NA,NA
"3350","sq2503","D11",0.000190234,"D11","SB4 5N1","SB","Internal",5,1.132759,0.701,0,FALSE,"Bacteria","Firmicutes","Bacilli","Bacillales","Bacillaceae",NA,NA,NA
"3351","sq296","D11",0.000190234,"D11","SB4 5N1","SB","Internal",5,1.132759,0.701,0,FALSE,"Bacteria","Proteobacteria","Gammaproteobacteria","Pseudomonadales","Hahellaceae",NA,NA,NA
"3352","sq3360","D11",0.000190234,"D11","SB4 5N1","SB","Internal",5,1.132759,0.701,0,FALSE,"Bacteria","Firmicutes","Clostridia","Peptostreptococcales-Tissierellales","Peptostreptococcaceae",NA,NA,NA
"3353","sq1730","E6",0.0001900699,"E6","TM2 23E1","TM","External",23,1.016192,0.102,0,FALSE,"Bacteria","Planctomycetota","Phycisphaerae","MSBL9","KCLunmb-38-53",NA,NA,NA
"3354","sq3630","E6",0.0001900699,"E6","TM2 23E1","TM","External",23,1.016192,0.102,0,FALSE,"Bacteria","Proteobacteria","Alphaproteobacteria","Parvibaculales","PS1 clade",NA,NA,NA
"3355","sq4927","E6",0.0001900699,"E6","TM2 23E1","TM","External",23,1.016192,0.102,0,FALSE,"Bacteria","Gemmatimonadota","Gemmatimonadetes","Gemmatimonadales","Gemmatimonadaceae",NA,NA,NA
"3356","sq4006","D1",0.0001898577,"D1","SB3 1N1 ","SB","Internal",1,1.016766,NA,0,FALSE,"Bacteria","Dependentiae","Babeliae","Babeliales","Vermiphilaceae",NA,NA,NA
"3357","sq1103","E8",0.0001890806,"E8","TM3 26E1","TM","External",26,1.169005,NA,0.034,FALSE,"Bacteria","Proteobacteria","Gammaproteobacteria","Pseudomonadales","Cellvibrionaceae",NA,NA,NA
"3358","sq3643","E8",0.0001890806,"E8","TM3 26E1","TM","External",26,1.169005,NA,0.034,FALSE,"Bacteria","Planctomycetota","Phycisphaerae","MSBL9","SM23-30",NA,NA,NA
"3359","sq4006","D9",0.0001880252,"D9","SB4 4N1","SB","Internal",4,1.337103,1.856,NA,FALSE,"Bacteria","Dependentiae","Babeliae","Babeliales","Vermiphilaceae",NA,NA,NA
"3360","sq1103","D8",0.0001879472,"D8","SB4 3E1","SB","External",3,0.7979979,NA,0,FALSE,"Bacteria","Proteobacteria","Gammaproteobacteria","Pseudomonadales","Cellvibrionaceae",NA,NA,NA
"3361","sq1114","D8",0.0001879472,"D8","SB4 3E1","SB","External",3,0.7979979,NA,0,FALSE,"Bacteria","Bacteroidota","Bacteroidia","Sphingobacteriales","ST-12K33",NA,NA,NA
"3362","sq1299","D8",0.0001879472,"D8","SB4 3E1","SB","External",3,0.7979979,NA,0,FALSE,"Bacteria","Proteobacteria","Gammaproteobacteria","Tenderiales","Tenderiaceae",NA,NA,NA
"3363","sq3790","D8",0.0001879472,"D8","SB4 3E1","SB","External",3,0.7979979,NA,0,FALSE,"Bacteria","Planctomycetota","Planctomycetes","Isosphaerales","Isosphaeraceae",NA,NA,NA
"3364","sq3554","D8",0.0001879472,"D8","SB4 3E1","SB","External",3,0.7979979,NA,0,FALSE,"Bacteria","Nitrospirota","Nitrospiria","Nitrospirales","Nitrospiraceae",NA,NA,NA
"3365","sq1557","E12",0.0001877582,"E12","TM3 28E1","TM","External",28,1.516085,1.023,0,FALSE,"Bacteria","Bacteroidota","Ignavibacteria","Ignavibacteriales","Ignavibacteriaceae",NA,NA,NA
"3366","sq2047","D12",0.0001868046,"D12","SB4 5E1","SB","External",5,0.8975208,0.4,0,FALSE,"Bacteria","Proteobacteria","Gammaproteobacteria","Pseudomonadales","OM182 clade",NA,NA,NA
"3367","sq278","D12",0.0001868046,"D12","SB4 5E1","SB","External",5,0.8975208,0.4,0,FALSE,"Bacteria","Firmicutes","Clostridia","Peptostreptococcales-Tissierellales","Clostridium sensu stricto",NA,NA,NA
"3368","sq3931","E11",0.0001866523,"E11","TM3 28N1","TM","Internal",28,1.477156,2.427,0.039,FALSE,"Bacteria","Bacteroidota","Bacteroidia","Sphingobacteriales","SBYC-2600",NA,NA,NA
"3369","sq4688","E11",0.0001866523,"E11","TM3 28N1","TM","Internal",28,1.477156,2.427,0.039,FALSE,"Bacteria","Proteobacteria","Alphaproteobacteria","Rickettsiales","Anaplasmataceae",NA,NA,NA
"3370","sq1410","D2",0.0001856396,"D2","SB3 1E2","SB","External",1,0.9945908,NA,0,FALSE,"Bacteria","Cyanobacteria","Cyanobacteriia","Leptolyngbyales","Leptolyngbyaceae",NA,NA,NA
"3371","sq1818","D2",0.0001856396,"D2","SB3 1E2","SB","External",1,0.9945908,NA,0,FALSE,"Bacteria","Chloroflexi","Anaerolineae","Caldilineales","Caldilineaceae",NA,NA,NA
"3372","sq2359","D2",0.0001856396,"D2","SB3 1E2","SB","External",1,0.9945908,NA,0,FALSE,"Bacteria","Proteobacteria","Gammaproteobacteria","Enterobacterales","Kangiellaceae",NA,NA,NA
"3373","sq7299","D5",0.0001848856,"D5","SB3 3N1","SB","Internal",3,0.4562304,0,0,FALSE,"Bacteria","Bacteroidota","Bacteroidia","Bacteroidales","LKC2.127-25",NA,NA,NA
"3374","sq1299","E7",0.0001844069,"E7","TM3 26N1","TM","Internal",26,1.910828,NA,0.056,FALSE,"Bacteria","Proteobacteria","Gammaproteobacteria","Tenderiales","Tenderiaceae",NA,NA,NA
"3375","sq2050","E7",0.0001844069,"E7","TM3 26N1","TM","Internal",26,1.910828,NA,0.056,FALSE,"Bacteria","Proteobacteria","Gammaproteobacteria","Pseudomonadales","Oleiphilaceae",NA,NA,NA
"3376","sq2359","E10",0.0001837821,"E10","TM3 27E1","TM","External",27,0.830019,0.233,NA,FALSE,"Bacteria","Proteobacteria","Gammaproteobacteria","Enterobacterales","Kangiellaceae",NA,NA,NA
"3377","sq446","E10",0.0001837821,"E10","TM3 27E1","TM","External",27,0.830019,0.233,NA,FALSE,"Bacteria","Campylobacterota","Campylobacteria","Campylobacterales","Arcobacteraceae",NA,NA,NA
"3378","sq5217","E10",0.0001837821,"E10","TM3 27E1","TM","External",27,0.830019,0.233,NA,FALSE,"Bacteria","Dependentiae","Babeliae","Babeliales","UBA12409",NA,NA,NA
"3379","sq2050","E2",0.000183475,"E2","TM2 21E1","TM","External",21,3.767123,NA,0,FALSE,"Bacteria","Proteobacteria","Gammaproteobacteria","Pseudomonadales","Oleiphilaceae",NA,NA,NA
"3380","sq2193","E2",0.000183475,"E2","TM2 21E1","TM","External",21,3.767123,NA,0,FALSE,"Bacteria","Campylobacterota","Campylobacteria","Campylobacterales","Rs-M59 termite group",NA,NA,NA
"3381","sq2814","E2",0.000183475,"E2","TM2 21E1","TM","External",21,3.767123,NA,0,FALSE,"Bacteria","Verrucomicrobiota","Lentisphaeria","Oligosphaerales","Oligosphaeraceae",NA,NA,NA
"3382","sq9386","E2",0.000183475,"E2","TM2 21E1","TM","External",21,3.767123,NA,0,FALSE,"Bacteria","Verrucomicrobiota","Chlamydiae","Chlamydiales","Waddliaceae",NA,NA,NA
"3383","sq1518","D1",0.0001833109,"D1","SB3 1N1 ","SB","Internal",1,1.016766,NA,0,FALSE,"Bacteria","Planctomycetota","Planctomycetes","Planctomycetales","Schlesneriaceae",NA,NA,NA
"3384","sq52","D3",0.0001819878,"D3","SB3 2N1","SB","Internal",2,0.7753723,0.11,NA,FALSE,"Bacteria","Proteobacteria","Gammaproteobacteria","Thiotrichales","Thiotrichaceae",NA,NA,NA
"3385","sq171","E4",0.000181954,"E4","TM2 22E1","TM","External",22,1.310616,0.595,NA,FALSE,"Bacteria","Fibrobacterota","Fibrobacteria","Fibrobacterales","MAT-CR-H6-H10",NA,NA,NA
"3386","sq4375","E4",0.000181954,"E4","TM2 22E1","TM","External",22,1.310616,0.595,NA,FALSE,"Bacteria","Thermotogota","Thermotogae","Kosmotogales","Kosmotogaceae",NA,NA,NA
"3387","sq1792","D6",0.0001802578,"D6","SB3 3E1","SB","External",3,0.7111695,0.121,0,FALSE,"Bacteria","Bacteroidota","Bacteroidia","Bacteroidales","Salinivirgaceae",NA,NA,NA
"3388","sq170","D11",0.0001802217,"D11","SB4 5N1","SB","Internal",5,1.132759,0.701,0,FALSE,"Bacteria","Desulfobacterota","Desulfobacteria","Desulfatiglandales","Desulfatiglandaceae",NA,NA,NA
"3389","sq713","D11",0.0001802217,"D11","SB4 5N1","SB","Internal",5,1.132759,0.701,0,FALSE,"Bacteria","Cyanobacteria","Cyanobacteriia","Synechococcales","Cyanobiaceae",NA,NA,NA
"3390","sq222","D9",0.0001798502,"D9","SB4 4N1","SB","Internal",4,1.337103,1.856,NA,FALSE,"Bacteria","Proteobacteria","Gammaproteobacteria","Enterobacterales","Vibrionaceae",NA,NA,NA
"3391","sq2866","D9",0.0001798502,"D9","SB4 4N1","SB","Internal",4,1.337103,1.856,NA,FALSE,"Bacteria","Cyanobacteria","Cyanobacteriia","Cyanobacteriales","Nostocaceae",NA,NA,NA
"3392","sq2046","E6",0.0001795105,"E6","TM2 23E1","TM","External",23,1.016192,0.102,0,FALSE,"Bacteria","Fibrobacterota","Fibrobacteria","Fibrobacterales","TG3",NA,NA,NA
"3393","sq7184","E6",0.0001795105,"E6","TM2 23E1","TM","External",23,1.016192,0.102,0,FALSE,"Bacteria","Firmicutes","Clostridia","Clostridiales","Clostridiaceae",NA,NA,NA
"3394","sq3921","D10",0.0001793079,"D10","SB4 4E1","SB","External",4,0.9473753,0.459,NA,FALSE,"Bacteria","Proteobacteria","Gammaproteobacteria","Diplorickettsiales","Diplorickettsiaceae",NA,NA,NA
"3395","sq2247","D10",0.0001793079,"D10","SB4 4E1","SB","External",4,0.9473753,0.459,NA,FALSE,"Bacteria","Firmicutes","Bacilli","Brevibacillales","Brevibacillaceae",NA,NA,NA
"3396","sq3467","D10",0.0001793079,"D10","SB4 4E1","SB","External",4,0.9473753,0.459,NA,FALSE,"Bacteria","Bacteroidota","Bacteroidia","Bacteroidales","Marinilabiliaceae",NA,NA,NA
"3397","sq816","D10",0.0001793079,"D10","SB4 4E1","SB","External",4,0.9473753,0.459,NA,FALSE,"Bacteria","Proteobacteria","Alphaproteobacteria","Rhodospirillales","Rhodospirillaceae",NA,NA,NA
"3398","sq1324","D7",0.00017882,"D7","SB4 3N1","SB","Internal",3,0.9474643,NA,0,FALSE,"Bacteria","Planctomycetota","Phycisphaerae","MSBL9","4572-13",NA,NA,NA
"3399","sq2330","D7",0.00017882,"D7","SB4 3N1","SB","Internal",3,0.9474643,NA,0,FALSE,"Bacteria","Planctomycetota","Phycisphaerae","MSBL9","ST-NAGAB-D1",NA,NA,NA
"3400","sq1557","E3",0.0001784591,"E3","TM2 22N1","TM","Internal",22,1.027042,1.612,NA,FALSE,"Bacteria","Bacteroidota","Ignavibacteria","Ignavibacteriales","Ignavibacteriaceae",NA,NA,NA
"3401","sq1766","E3",0.0001784591,"E3","TM2 22N1","TM","Internal",22,1.027042,1.612,NA,FALSE,"Bacteria","Fermentibacterota","Fermentibacteria","Fermentibacterales","Fermentibacteraceae",NA,NA,NA
"3402","sq2522","E3",0.0001784591,"E3","TM2 22N1","TM","Internal",22,1.027042,1.612,NA,FALSE,"Bacteria","Bacteroidota","Ignavibacteria","Ignavibacteriales","PHOS-HE36",NA,NA,NA
"3403","sq2536","E3",0.0001784591,"E3","TM2 22N1","TM","Internal",22,1.027042,1.612,NA,FALSE,"Bacteria","Planctomycetota","Planctomycetes","Gemmatales","Gemmataceae",NA,NA,NA
"3404","sq844","E3",0.0001784591,"E3","TM2 22N1","TM","Internal",22,1.027042,1.612,NA,FALSE,"Bacteria","Proteobacteria","Gammaproteobacteria","Pseudomonadales","Microbulbiferaceae",NA,NA,NA
"3405","sq953","E12",0.0001778762,"E12","TM3 28E1","TM","External",28,1.516085,1.023,0,FALSE,"Bacteria","Bdellovibrionota","Oligoflexia","Silvanigrellales","Silvanigrellaceae",NA,NA,NA
"3406","sq1114","D2",0.0001775683,"D2","SB3 1E2","SB","External",1,0.9945908,NA,0,FALSE,"Bacteria","Bacteroidota","Bacteroidia","Sphingobacteriales","ST-12K33",NA,NA,NA
"3407","sq2047","D2",0.0001775683,"D2","SB3 1E2","SB","External",1,0.9945908,NA,0,FALSE,"Bacteria","Proteobacteria","Gammaproteobacteria","Pseudomonadales","OM182 clade",NA,NA,NA
"3408","sq4535","E8",0.0001772631,"E8","TM3 26E1","TM","External",26,1.169005,NA,0.034,FALSE,"Bacteria","Proteobacteria","Alphaproteobacteria","Rickettsiales","Rickettsiaceae",NA,NA,NA
"3409","sq2415","D1",0.000176764,"D1","SB3 1N1 ","SB","Internal",1,1.016766,NA,0,FALSE,"Bacteria","Desulfobacterota","Desulfobacteria","Desulfobacterales","Desulfolunaceae",NA,NA,NA
"3410","sq2814","D5",0.0001756413,"D5","SB3 3N1","SB","Internal",3,0.4562304,0,0,FALSE,"Bacteria","Verrucomicrobiota","Lentisphaeria","Oligosphaerales","Oligosphaeraceae",NA,NA,NA
"3411","sq52","D5",0.0001756413,"D5","SB3 3N1","SB","Internal",3,0.4562304,0,0,FALSE,"Bacteria","Proteobacteria","Gammaproteobacteria","Thiotrichales","Thiotrichaceae",NA,NA,NA
"3412","sq1730","E10",0.0001754283,"E10","TM3 27E1","TM","External",27,0.830019,0.233,NA,FALSE,"Bacteria","Planctomycetota","Phycisphaerae","MSBL9","KCLunmb-38-53",NA,NA,NA
"3413","sq1299","D12",0.0001751293,"D12","SB4 5E1","SB","External",5,0.8975208,0.4,0,FALSE,"Bacteria","Proteobacteria","Gammaproteobacteria","Tenderiales","Tenderiaceae",NA,NA,NA
"3414","sq280","D12",0.0001751293,"D12","SB4 5E1","SB","External",5,0.8975208,0.4,0,FALSE,"Bacteria","Proteobacteria","Alphaproteobacteria","Defluviicoccales","Defluviicoccaceae",NA,NA,NA
"3415","sq2951","D12",0.0001751293,"D12","SB4 5E1","SB","External",5,0.8975208,0.4,0,FALSE,"Bacteria","Verrucomicrobiota","Chlamydiae","Chlamydiales","Chlamydiaceae",NA,NA,NA
"3416","sq378","D12",0.0001751293,"D12","SB4 5E1","SB","External",5,0.8975208,0.4,0,FALSE,"Bacteria","Proteobacteria","Gammaproteobacteria","Enterobacterales","Pseudoalteromonadaceae",NA,NA,NA
"3417","sq3790","D12",0.0001751293,"D12","SB4 5E1","SB","External",5,0.8975208,0.4,0,FALSE,"Bacteria","Planctomycetota","Planctomycetes","Isosphaerales","Isosphaeraceae",NA,NA,NA
"3418","sq3738","E7",0.0001747013,"E7","TM3 26N1","TM","Internal",26,1.910828,NA,0.056,FALSE,"Bacteria","Bacteroidota","Bacteroidia","Sphingobacteriales","NS11-12 marine group",NA,NA,NA
"3419","sq2938","D8",0.0001745224,"D8","SB4 3E1","SB","External",3,0.7979979,NA,0,FALSE,"Bacteria","Proteobacteria","Gammaproteobacteria","Francisellales","Francisellaceae",NA,NA,NA
"3420","sq2634","E1",0.000174449,"E1","TM2 21N1","TM","Internal",21,0.6326758,NA,0,FALSE,"Bacteria","Proteobacteria","Gammaproteobacteria","Legionellales","Legionellaceae",NA,NA,NA
"3421","sq4375","E1",0.000174449,"E1","TM2 21N1","TM","Internal",21,0.6326758,NA,0,FALSE,"Bacteria","Thermotogota","Thermotogae","Kosmotogales","Kosmotogaceae",NA,NA,NA
"3422","sq484","E1",0.000174449,"E1","TM2 21N1","TM","Internal",21,0.6326758,NA,0,FALSE,"Bacteria","Bdellovibrionota","Bdellovibrionia","Bdellovibrionales","Bdellovibrionaceae",NA,NA,NA
"3423","sq9072","E1",0.000174449,"E1","TM2 21N1","TM","Internal",21,0.6326758,NA,0,FALSE,"Bacteria","Acidobacteriota","Acidobacteriae","Bryobacterales","Bryobacteraceae",NA,NA,NA
"3424","sq8889","E9",0.0001732439,"E9","TM3 27N1","TM","Internal",27,1.647955,2.235,NA,FALSE,"Bacteria","Verrucomicrobiota","Verrucomicrobiae","Chthoniobacterales","Chthoniobacteraceae",NA,NA,NA
"3425","sq1046","E4",0.0001723775,"E4","TM2 22E1","TM","External",22,1.310616,0.595,NA,FALSE,"Bacteria","Firmicutes","Clostridia","Peptostreptococcales-Tissierellales","Fusibacteraceae",NA,NA,NA
"3426","sq1557","E4",0.0001723775,"E4","TM2 22E1","TM","External",22,1.310616,0.595,NA,FALSE,"Bacteria","Bacteroidota","Ignavibacteria","Ignavibacteriales","Ignavibacteriaceae",NA,NA,NA
"3427","sq343","E4",0.0001723775,"E4","TM2 22E1","TM","External",22,1.310616,0.595,NA,FALSE,"Bacteria","Myxococcota","Polyangia","Nannocystales","Nannocystaceae",NA,NA,NA
"3428","sq682","E5",0.0001723511,"E5","TM2 23N1","TM","Internal",23,1.04109,0.484,0,FALSE,"Bacteria","Proteobacteria","Gammaproteobacteria","Pseudomonadales","Saccharospirillaceae",NA,NA,NA
"3429","sq1043","D9",0.0001716752,"D9","SB4 4N1","SB","Internal",4,1.337103,1.856,NA,FALSE,"Bacteria","Actinobacteriota","Actinobacteria","Nitriliruptorales","Nitriliruptoraceae",NA,NA,NA
"3430","sq1473","D9",0.0001716752,"D9","SB4 4N1","SB","Internal",4,1.337103,1.856,NA,FALSE,"Bacteria","Bacteroidota","Bacteroidia","Sphingobacteriales","Lentimicrobiaceae",NA,NA,NA
"3431","sq183","D9",0.0001716752,"D9","SB4 4N1","SB","Internal",4,1.337103,1.856,NA,FALSE,"Bacteria","Proteobacteria","Gammaproteobacteria","Ectothiorhodospirales","Ectothiorhodospiraceae",NA,NA,NA
"3432","sq2634","D9",0.0001716752,"D9","SB4 4N1","SB","Internal",4,1.337103,1.856,NA,FALSE,"Bacteria","Proteobacteria","Gammaproteobacteria","Legionellales","Legionellaceae",NA,NA,NA
"3433","sq2866","E2",0.0001712433,"E2","TM2 21E1","TM","External",21,3.767123,NA,0,FALSE,"Bacteria","Cyanobacteria","Cyanobacteriia","Cyanobacteriales","Nostocaceae",NA,NA,NA
"3434","sq3643","E2",0.0001712433,"E2","TM2 21E1","TM","External",21,3.767123,NA,0,FALSE,"Bacteria","Planctomycetota","Phycisphaerae","MSBL9","SM23-30",NA,NA,NA
"3435","sq5046","D4",0.0001712312,"D4","SB3 2E1","SB","External",2,0.6529851,0.136,NA,FALSE,"Bacteria","Bacteroidota","Bacteroidia","Bacteroidales","Williamwhitmaniaceae",NA,NA,NA
"3436","sq1338","D10",0.0001711575,"D10","SB4 4E1","SB","External",4,0.9473753,0.459,NA,FALSE,"Bacteria","Proteobacteria","Gammaproteobacteria","Pseudomonadales","P13-46",NA,NA,NA
"3437","sq1410","D10",0.0001711575,"D10","SB4 4E1","SB","External",4,0.9473753,0.459,NA,FALSE,"Bacteria","Cyanobacteria","Cyanobacteriia","Leptolyngbyales","Leptolyngbyaceae",NA,NA,NA
"3438","sq405","D10",0.0001711575,"D10","SB4 4E1","SB","External",4,0.9473753,0.459,NA,FALSE,"Bacteria","Firmicutes","Bacilli","Izemoplasmatales","Izemoplasmataceae",NA,NA,NA
"3439","sq6254","D10",0.0001711575,"D10","SB4 4E1","SB","External",4,0.9473753,0.459,NA,FALSE,"Bacteria","Spirochaetota","Brachyspirae","Brachyspirales","LH041",NA,NA,NA
"3440","sq1103","D3",0.0001706135,"D3","SB3 2N1","SB","Internal",2,0.7753723,0.11,NA,FALSE,"Bacteria","Proteobacteria","Gammaproteobacteria","Pseudomonadales","Cellvibrionaceae",NA,NA,NA
"3441","sq2114","D3",0.0001706135,"D3","SB3 2N1","SB","Internal",2,0.7753723,0.11,NA,FALSE,"Bacteria","Planctomycetota","Phycisphaerae","MSBL9","SG8-4",NA,NA,NA
"3442","sq267","D3",0.0001706135,"D3","SB3 2N1","SB","Internal",2,0.7753723,0.11,NA,FALSE,"Bacteria","Proteobacteria","Alphaproteobacteria","Rhizobiales","Rhizobiales Incertae Sedis",NA,NA,NA
"3443","sq3467","D3",0.0001706135,"D3","SB3 2N1","SB","Internal",2,0.7753723,0.11,NA,FALSE,"Bacteria","Bacteroidota","Bacteroidia","Bacteroidales","Marinilabiliaceae",NA,NA,NA
"3444","sq389","D3",0.0001706135,"D3","SB3 2N1","SB","Internal",2,0.7753723,0.11,NA,FALSE,"Bacteria","Bacteroidota","Ignavibacteria","Ignavibacteriales","Melioribacteraceae",NA,NA,NA
"3445","sq3215","D6",0.0001702434,"D6","SB3 3E1","SB","External",3,0.7111695,0.121,0,FALSE,"Bacteria","Proteobacteria","Alphaproteobacteria","Rickettsiales","SM2D12",NA,NA,NA
"3446","sq6007","D6",0.0001702434,"D6","SB3 3E1","SB","External",3,0.7111695,0.121,0,FALSE,"Bacteria","Proteobacteria","Alphaproteobacteria","Rickettsiales","Candidatus Jidaibacter",NA,NA,NA
"3447","sq2050","D6",0.0001702434,"D6","SB3 3E1","SB","External",3,0.7111695,0.121,0,FALSE,"Bacteria","Proteobacteria","Gammaproteobacteria","Pseudomonadales","Oleiphilaceae",NA,NA,NA
"3448","sq267","D6",0.0001702434,"D6","SB3 3E1","SB","External",3,0.7111695,0.121,0,FALSE,"Bacteria","Proteobacteria","Alphaproteobacteria","Rhizobiales","Rhizobiales Incertae Sedis",NA,NA,NA
"3449","sq1794","D1",0.0001702172,"D1","SB3 1N1 ","SB","Internal",1,1.016766,NA,0,FALSE,"Bacteria","Desulfobacterota","Desulfarculia","Desulfarculales","Desulfarculaceae",NA,NA,NA
"3450","sq418","D11",0.0001702094,"D11","SB4 5N1","SB","Internal",5,1.132759,0.701,0,FALSE,"Bacteria","Planctomycetota","Phycisphaerae","Phycisphaerales","AKAU3564 sediment group",NA,NA,NA
"3451","sq1103","D2",0.000169497,"D2","SB3 1E2","SB","External",1,0.9945908,NA,0,FALSE,"Bacteria","Proteobacteria","Gammaproteobacteria","Pseudomonadales","Cellvibrionaceae",NA,NA,NA
"3452","sq4535","D2",0.000169497,"D2","SB3 1E2","SB","External",1,0.9945908,NA,0,FALSE,"Bacteria","Proteobacteria","Alphaproteobacteria","Rickettsiales","Rickettsiaceae",NA,NA,NA
"3453","sq4562","D2",0.000169497,"D2","SB3 1E2","SB","External",1,0.9945908,NA,0,FALSE,"Bacteria","Proteobacteria","Gammaproteobacteria","Salinisphaerales","Solimonadaceae",NA,NA,NA
"3454","sq713","D2",0.000169497,"D2","SB3 1E2","SB","External",1,0.9945908,NA,0,FALSE,"Bacteria","Cyanobacteria","Cyanobacteriia","Synechococcales","Cyanobiaceae",NA,NA,NA
"3455","sq2047","E3",0.0001690665,"E3","TM2 22N1","TM","Internal",22,1.027042,1.612,NA,FALSE,"Bacteria","Proteobacteria","Gammaproteobacteria","Pseudomonadales","OM182 clade",NA,NA,NA
"3456","sq583","E3",0.0001690665,"E3","TM2 22N1","TM","Internal",22,1.027042,1.612,NA,FALSE,"Bacteria","Campylobacterota","Campylobacteria","Campylobacterales","Sulfurovaceae",NA,NA,NA
"3457","sq6","E3",0.0001690665,"E3","TM2 22N1","TM","Internal",22,1.027042,1.612,NA,FALSE,"Bacteria","Cyanobacteria","Cyanobacteriia","Cyanobacteriales","Desertifilaceae",NA,NA,NA
"3458","sq682","E6",0.000168951,"E6","TM2 23E1","TM","External",23,1.016192,0.102,0,FALSE,"Bacteria","Proteobacteria","Gammaproteobacteria","Pseudomonadales","Saccharospirillaceae",NA,NA,NA
"3459","sq821","E6",0.000168951,"E6","TM2 23E1","TM","External",23,1.016192,0.102,0,FALSE,"Bacteria","Bacteroidota","Bacteroidia","Flavobacteriales","NS9 marine group",NA,NA,NA
"3460","sq2536","E12",0.0001679941,"E12","TM3 28E1","TM","External",28,1.516085,1.023,0,FALSE,"Bacteria","Planctomycetota","Planctomycetes","Gemmatales","Gemmataceae",NA,NA,NA
"3461","sq1275","E12",0.0001679941,"E12","TM3 28E1","TM","External",28,1.516085,1.023,0,FALSE,"Bacteria","Spirochaetota","Leptospirae","Leptospirales","Leptospiraceae",NA,NA,NA
"3462","sq6364","E12",0.0001679941,"E12","TM3 28E1","TM","External",28,1.516085,1.023,0,FALSE,"Bacteria","Verrucomicrobiota","Lentisphaeria","Victivallales","PRD18C08",NA,NA,NA
"3463","sq3467","E10",0.0001670746,"E10","TM3 27E1","TM","External",27,0.830019,0.233,NA,FALSE,"Bacteria","Bacteroidota","Bacteroidia","Bacteroidales","Marinilabiliaceae",NA,NA,NA
"3464","sq1414","D5",0.000166397,"D5","SB3 3N1","SB","Internal",3,0.4562304,0,0,FALSE,"Bacteria","Cyanobacteria","Cyanobacteriia","Cyanobacteriales","Geitlerinemaceae",NA,NA,NA
"3465","sq2938","D5",0.000166397,"D5","SB3 3N1","SB","Internal",3,0.4562304,0,0,FALSE,"Bacteria","Proteobacteria","Gammaproteobacteria","Francisellales","Francisellaceae",NA,NA,NA
"3466","sq1114","D7",0.0001660472,"D7","SB4 3N1","SB","Internal",3,0.9474643,NA,0,FALSE,"Bacteria","Bacteroidota","Bacteroidia","Sphingobacteriales","ST-12K33",NA,NA,NA
"3467","sq5842","D7",0.0001660472,"D7","SB4 3N1","SB","Internal",3,0.9474643,NA,0,FALSE,"Bacteria","Armatimonadota","Fimbriimonadia","Fimbriimonadales","Fimbriimonadaceae",NA,NA,NA
"3468","sq6244","D7",0.0001660472,"D7","SB4 3N1","SB","Internal",3,0.9474643,NA,0,FALSE,"Bacteria","Verrucomicrobiota","Lentisphaeria","Victivallales","Arctic95B-14",NA,NA,NA
"3469","sq8012","D7",0.0001660472,"D7","SB4 3N1","SB","Internal",3,0.9474643,NA,0,FALSE,"Bacteria","Proteobacteria","Gammaproteobacteria","Xanthomonadales","Xanthomonadaceae",NA,NA,NA
"3470","sq9892","D7",0.0001660472,"D7","SB4 3N1","SB","Internal",3,0.9474643,NA,0,FALSE,"Bacteria","Proteobacteria","Alphaproteobacteria","Kordiimonadales","Kordiimonadaceae",NA,NA,NA
"3471","sq9899","D7",0.0001660472,"D7","SB4 3N1","SB","Internal",3,0.9474643,NA,0,FALSE,"Bacteria","Desulfobacterota","Desulfobacteria","Desulfobacterales","Desulfatiferula",NA,NA,NA
"3472","sq1513","E11",0.0001659131,"E11","TM3 28N1","TM","Internal",28,1.477156,2.427,0.039,FALSE,"Bacteria","Campylobacterota","Campylobacteria","Campylobacterales","Helicobacteraceae",NA,NA,NA
"3473","sq2516","E8",0.0001654455,"E8","TM3 26E1","TM","External",26,1.169005,NA,0.034,FALSE,"Bacteria","Proteobacteria","Gammaproteobacteria","Pseudomonadales","Porticoccaceae",NA,NA,NA
"3474","sq6254","E8",0.0001654455,"E8","TM3 26E1","TM","External",26,1.169005,NA,0.034,FALSE,"Bacteria","Spirochaetota","Brachyspirae","Brachyspirales","LH041",NA,NA,NA
"3475","sq6360","E7",0.0001649957,"E7","TM3 26N1","TM","Internal",26,1.910828,NA,0.056,FALSE,"Bacteria","Proteobacteria","Gammaproteobacteria","Pseudomonadales","Halomonadaceae",NA,NA,NA
"3476","sq1719","E9",0.0001641258,"E9","TM3 27N1","TM","Internal",27,1.647955,2.235,NA,FALSE,"Bacteria","Actinobacteriota","Acidimicrobiia","Microtrichales","Ilumatobacteraceae",NA,NA,NA
"3477","sq2951","E9",0.0001641258,"E9","TM3 27N1","TM","Internal",27,1.647955,2.235,NA,FALSE,"Bacteria","Verrucomicrobiota","Chlamydiae","Chlamydiales","Chlamydiaceae",NA,NA,NA
"3478","sq8296","E9",0.0001641258,"E9","TM3 27N1","TM","Internal",27,1.647955,2.235,NA,FALSE,"Bacteria","Proteobacteria","Magnetococcia","Magnetococcales","Magnetococcaceae",NA,NA,NA
"3479","sq3047","D1",0.0001636704,"D1","SB3 1N1 ","SB","Internal",1,1.016766,NA,0,FALSE,"Bacteria","Proteobacteria","Gammaproteobacteria","Pseudomonadales","211ds20",NA,NA,NA
"3480","sq3738","D1",0.0001636704,"D1","SB3 1N1 ","SB","Internal",1,1.016766,NA,0,FALSE,"Bacteria","Bacteroidota","Bacteroidia","Sphingobacteriales","NS11-12 marine group",NA,NA,NA
"3481","sq4535","D1",0.0001636704,"D1","SB3 1N1 ","SB","Internal",1,1.016766,NA,0,FALSE,"Bacteria","Proteobacteria","Alphaproteobacteria","Rickettsiales","Rickettsiaceae",NA,NA,NA
"3482","sq4679","D9",0.0001635002,"D9","SB4 4N1","SB","Internal",4,1.337103,1.856,NA,FALSE,"Bacteria","Fibrobacterota","Fibrobacteria","Fibrobacterales","SBYC",NA,NA,NA
"3483","sq2634","D12",0.000163454,"D12","SB4 5E1","SB","External",5,0.8975208,0.4,0,FALSE,"Bacteria","Proteobacteria","Gammaproteobacteria","Legionellales","Legionellaceae",NA,NA,NA
"3484","sq953","D10",0.0001630072,"D10","SB4 4E1","SB","External",4,0.9473753,0.459,NA,FALSE,"Bacteria","Bdellovibrionota","Oligoflexia","Silvanigrellales","Silvanigrellaceae",NA,NA,NA
"3485","sq2634","D10",0.0001630072,"D10","SB4 4E1","SB","External",4,0.9473753,0.459,NA,FALSE,"Bacteria","Proteobacteria","Gammaproteobacteria","Legionellales","Legionellaceae",NA,NA,NA
"3486","sq170","D4",0.0001617184,"D4","SB3 2E1","SB","External",2,0.6529851,0.136,NA,FALSE,"Bacteria","Desulfobacterota","Desulfobacteria","Desulfatiglandales","Desulfatiglandaceae",NA,NA,NA
"3487","sq5222","D4",0.0001617184,"D4","SB3 2E1","SB","External",2,0.6529851,0.136,NA,FALSE,"Bacteria","Verrucomicrobiota","Verrucomicrobiae","Verrucomicrobiales","Verrucomicrobiaceae",NA,NA,NA
"3488","sq1414","D2",0.0001614257,"D2","SB3 1E2","SB","External",1,0.9945908,NA,0,FALSE,"Bacteria","Cyanobacteria","Cyanobacteriia","Cyanobacteriales","Geitlerinemaceae",NA,NA,NA
"3489","sq3467","D2",0.0001614257,"D2","SB3 1E2","SB","External",1,0.9945908,NA,0,FALSE,"Bacteria","Bacteroidota","Bacteroidia","Bacteroidales","Marinilabiliaceae",NA,NA,NA
"3490","sq4397","D8",0.0001610976,"D8","SB4 3E1","SB","External",3,0.7979979,NA,0,FALSE,"Bacteria","Planctomycetota","Phycisphaerae","MSBL9","L21-RPul-D3",NA,NA,NA
"3491","sq676","D11",0.000160197,"D11","SB4 5N1","SB","Internal",5,1.132759,0.701,0,FALSE,"Bacteria","Bacteroidota","Kryptonia","Kryptoniales","MSB-3C8",NA,NA,NA
"3492","sq378","D11",0.000160197,"D11","SB4 5N1","SB","Internal",5,1.132759,0.701,0,FALSE,"Bacteria","Proteobacteria","Gammaproteobacteria","Enterobacterales","Pseudoalteromonadaceae",NA,NA,NA
"3493","sq331","E3",0.0001596739,"E3","TM2 22N1","TM","Internal",22,1.027042,1.612,NA,FALSE,"Bacteria","Proteobacteria","Gammaproteobacteria","Pseudomonadales","Marinobacteraceae",NA,NA,NA
"3494","sq2634","D3",0.0001592393,"D3","SB3 2N1","SB","Internal",2,0.7753723,0.11,NA,FALSE,"Bacteria","Proteobacteria","Gammaproteobacteria","Legionellales","Legionellaceae",NA,NA,NA
"3495","sq296","D3",0.0001592393,"D3","SB3 2N1","SB","Internal",2,0.7753723,0.11,NA,FALSE,"Bacteria","Proteobacteria","Gammaproteobacteria","Pseudomonadales","Hahellaceae",NA,NA,NA
"3496","sq12008","E2",0.0001590117,"E2","TM2 21E1","TM","External",21,3.767123,NA,0,FALSE,"Bacteria","Dependentiae","Babeliae","Babeliales","Babeliaceae",NA,NA,NA
"3497","sq2503","E2",0.0001590117,"E2","TM2 21E1","TM","External",21,3.767123,NA,0,FALSE,"Bacteria","Firmicutes","Bacilli","Bacillales","Bacillaceae",NA,NA,NA
"3498","sq2522","E10",0.0001587209,"E10","TM3 27E1","TM","External",27,0.830019,0.233,NA,FALSE,"Bacteria","Bacteroidota","Ignavibacteria","Ignavibacteriales","PHOS-HE36",NA,NA,NA
"3499","sq5939","E10",0.0001587209,"E10","TM3 27E1","TM","External",27,0.830019,0.233,NA,FALSE,"Bacteria","Firmicutes","Clostridia","Peptostreptococcales-Tissierellales","Sporosalibacterium",NA,NA,NA
"3500","sq49","E6",0.0001583916,"E6","TM2 23E1","TM","External",23,1.016192,0.102,0,FALSE,"Bacteria","Cyanobacteria","Cyanobacteriia","Cyanobacteriales","Phormidiaceae",NA,NA,NA
"3501","sq3921","E12",0.0001581121,"E12","TM3 28E1","TM","External",28,1.516085,1.023,0,FALSE,"Bacteria","Proteobacteria","Gammaproteobacteria","Diplorickettsiales","Diplorickettsiaceae",NA,NA,NA
"3502","sq7691","E12",0.0001581121,"E12","TM3 28E1","TM","External",28,1.516085,1.023,0,FALSE,"Bacteria","Verrucomicrobiota","Verrucomicrobiae","Opitutales","Opitutaceae",NA,NA,NA
"3503","sq2158","D5",0.0001571528,"D5","SB3 3N1","SB","Internal",3,0.4562304,0,0,FALSE,"Bacteria","Actinobacteriota","Acidimicrobiia","Microtrichales","Microtrichaceae",NA,NA,NA
"3504","sq2359","D5",0.0001571528,"D5","SB3 3N1","SB","Internal",3,0.4562304,0,0,FALSE,"Bacteria","Proteobacteria","Gammaproteobacteria","Enterobacterales","Kangiellaceae",NA,NA,NA
"3505","sq1557","E11",0.0001555436,"E11","TM3 28N1","TM","Internal",28,1.477156,2.427,0.039,FALSE,"Bacteria","Bacteroidota","Ignavibacteria","Ignavibacteriales","Ignavibacteriaceae",NA,NA,NA
"3506","sq3921","E11",0.0001555436,"E11","TM3 28N1","TM","Internal",28,1.477156,2.427,0.039,FALSE,"Bacteria","Proteobacteria","Gammaproteobacteria","Diplorickettsiales","Diplorickettsiaceae",NA,NA,NA
"3507","sq4562","E11",0.0001555436,"E11","TM3 28N1","TM","Internal",28,1.477156,2.427,0.039,FALSE,"Bacteria","Proteobacteria","Gammaproteobacteria","Salinisphaerales","Solimonadaceae",NA,NA,NA
"3508","sq6474","E11",0.0001555436,"E11","TM3 28N1","TM","Internal",28,1.477156,2.427,0.039,FALSE,"Bacteria","Fibrobacterota","Fibrobacteria","Fibrobacterales","B5-096",NA,NA,NA
"3509","sq1730","E7",0.0001552901,"E7","TM3 26N1","TM","Internal",26,1.910828,NA,0.056,FALSE,"Bacteria","Planctomycetota","Phycisphaerae","MSBL9","KCLunmb-38-53",NA,NA,NA
"3510","sq2722","E7",0.0001552901,"E7","TM3 26N1","TM","Internal",26,1.910828,NA,0.056,FALSE,"Bacteria","Verrucomicrobiota","Verrucomicrobiae","Chthoniobacterales","01D2Z36",NA,NA,NA
"3511","sq3793","E7",0.0001552901,"E7","TM3 26N1","TM","Internal",26,1.910828,NA,0.056,FALSE,"Bacteria","Firmicutes","Clostridia","Lachnospirales","Defluviitaleaceae",NA,NA,NA
"3512","sq4535","E9",0.0001550077,"E9","TM3 27N1","TM","Internal",27,1.647955,2.235,NA,FALSE,"Bacteria","Proteobacteria","Alphaproteobacteria","Rickettsiales","Rickettsiaceae",NA,NA,NA
"3513","sq6244","E9",0.0001550077,"E9","TM3 27N1","TM","Internal",27,1.647955,2.235,NA,FALSE,"Bacteria","Verrucomicrobiota","Lentisphaeria","Victivallales","Arctic95B-14",NA,NA,NA
"3514","sq6364","E9",0.0001550077,"E9","TM3 27N1","TM","Internal",27,1.647955,2.235,NA,FALSE,"Bacteria","Verrucomicrobiota","Lentisphaeria","Victivallales","PRD18C08",NA,NA,NA
"3515","sq378","D10",0.0001548568,"D10","SB4 4E1","SB","External",4,0.9473753,0.459,NA,FALSE,"Bacteria","Proteobacteria","Gammaproteobacteria","Enterobacterales","Pseudoalteromonadaceae",NA,NA,NA
"3516","sq4891","D10",0.0001548568,"D10","SB4 4E1","SB","External",4,0.9473753,0.459,NA,FALSE,"Bacteria","Proteobacteria","Gammaproteobacteria","Pseudomonadales","Moraxellaceae",NA,NA,NA
"3517","sq8348","D10",0.0001548568,"D10","SB4 4E1","SB","External",4,0.9473753,0.459,NA,FALSE,"Bacteria","Firmicutes","Bacilli","Bacillales","Planococcaceae",NA,NA,NA
"3518","sq2938","E8",0.000153628,"E8","TM3 26E1","TM","External",26,1.169005,NA,0.034,FALSE,"Bacteria","Proteobacteria","Gammaproteobacteria","Francisellales","Francisellaceae",NA,NA,NA
"3519","sq7876","E8",0.000153628,"E8","TM3 26E1","TM","External",26,1.169005,NA,0.034,FALSE,"Bacteria","Firmicutes","Clostridia","Peptostreptococcales-Tissierellales","Dethiosulfatibacteraceae",NA,NA,NA
"3520","sq1316","D2",0.0001533544,"D2","SB3 1E2","SB","External",1,0.9945908,NA,0,FALSE,"Bacteria","Firmicutes","Clostridia","Lachnospirales","Lachnospiraceae",NA,NA,NA
"3521","sq2088","D2",0.0001533544,"D2","SB3 1E2","SB","External",1,0.9945908,NA,0,FALSE,"Bacteria","Proteobacteria","Alphaproteobacteria","Rhizobiales","Beijerinckiaceae",NA,NA,NA
"3522","sq2415","D7",0.0001532743,"D7","SB4 3N1","SB","Internal",3,0.9474643,NA,0,FALSE,"Bacteria","Desulfobacterota","Desulfobacteria","Desulfobacterales","Desulfolunaceae",NA,NA,NA
"3523","sq296","D7",0.0001532743,"D7","SB4 3N1","SB","Internal",3,0.9474643,NA,0,FALSE,"Bacteria","Proteobacteria","Gammaproteobacteria","Pseudomonadales","Hahellaceae",NA,NA,NA
"3524","sq4899","D7",0.0001532743,"D7","SB4 3N1","SB","Internal",3,0.9474643,NA,0,FALSE,"Bacteria","Desulfobacterota","Desulfuromonadia","Bradymonadales","Bradymonadaceae",NA,NA,NA
"3525","sq6360","D7",0.0001532743,"D7","SB4 3N1","SB","Internal",3,0.9474643,NA,0,FALSE,"Bacteria","Proteobacteria","Gammaproteobacteria","Pseudomonadales","Halomonadaceae",NA,NA,NA
"3526","sq1860","D7",0.0001532743,"D7","SB4 3N1","SB","Internal",3,0.9474643,NA,0,FALSE,"Bacteria","Bacteroidota","Bacteroidia","Chitinophagales","Chitinophagaceae",NA,NA,NA
"3527","sq1346","E4",0.0001532244,"E4","TM2 22E1","TM","External",22,1.310616,0.595,NA,FALSE,"Bacteria","Desulfobacterota","Desulfobulbia","Desulfobulbales","Desulfurivibrionaceae",NA,NA,NA
"3528","sq560","E5",0.0001532009,"E5","TM2 23N1","TM","Internal",23,1.04109,0.484,0,FALSE,"Bacteria","Verrucomicrobiota","Verrucomicrobiae","Methylacidiphilales","Methylacidiphilaceae",NA,NA,NA
"3529","sq6360","E5",0.0001532009,"E5","TM2 23N1","TM","Internal",23,1.04109,0.484,0,FALSE,"Bacteria","Proteobacteria","Gammaproteobacteria","Pseudomonadales","Halomonadaceae",NA,NA,NA
"3530","sq1114","D4",0.0001522056,"D4","SB3 2E1","SB","External",2,0.6529851,0.136,NA,FALSE,"Bacteria","Bacteroidota","Bacteroidia","Sphingobacteriales","ST-12K33",NA,NA,NA
"3531","sq1473","D4",0.0001522056,"D4","SB3 2E1","SB","External",2,0.6529851,0.136,NA,FALSE,"Bacteria","Bacteroidota","Bacteroidia","Sphingobacteriales","Lentimicrobiaceae",NA,NA,NA
"3532","sq3731","D12",0.0001517787,"D12","SB4 5E1","SB","External",5,0.8975208,0.4,0,FALSE,"Bacteria","Cyanobacteria","Cyanobacteriia","Cyanobacteriales","Xenococcaceae",NA,NA,NA
"3533","sq1792","E10",0.0001503671,"E10","TM3 27E1","TM","External",27,0.830019,0.233,NA,FALSE,"Bacteria","Bacteroidota","Bacteroidia","Bacteroidales","Salinivirgaceae",NA,NA,NA
"3534","sq614","E3",0.0001502813,"E3","TM2 22N1","TM","Internal",22,1.027042,1.612,NA,FALSE,"Bacteria","Bacteroidota","Bacteroidia","Flavobacteriales","Crocinitomicaceae",NA,NA,NA
"3535","sq1794","D6",0.0001502148,"D6","SB3 3E1","SB","External",3,0.7111695,0.121,0,FALSE,"Bacteria","Desulfobacterota","Desulfarculia","Desulfarculales","Desulfarculaceae",NA,NA,NA
"3536","sq2193","D6",0.0001502148,"D6","SB3 3E1","SB","External",3,0.7111695,0.121,0,FALSE,"Bacteria","Campylobacterota","Campylobacteria","Campylobacterales","Rs-M59 termite group",NA,NA,NA
"3537","sq2893","D6",0.0001502148,"D6","SB3 3E1","SB","External",3,0.7111695,0.121,0,FALSE,"Bacteria","Bacteroidota","Bacteroidia","Flavobacteriales","Weeksellaceae",NA,NA,NA
"3538","sq4084","D6",0.0001502148,"D6","SB3 3E1","SB","External",3,0.7111695,0.121,0,FALSE,"Bacteria","Verrucomicrobiota","Chlamydiae","Chlamydiales","Simkaniaceae",NA,NA,NA
"3539","sq7869","D6",0.0001502148,"D6","SB3 3E1","SB","External",3,0.7111695,0.121,0,FALSE,"Bacteria","Proteobacteria","Alphaproteobacteria","Rickettsiales","Fokiniaceae",NA,NA,NA
"3540","sq1043","D11",0.0001501847,"D11","SB4 5N1","SB","Internal",5,1.132759,0.701,0,FALSE,"Bacteria","Actinobacteriota","Actinobacteria","Nitriliruptorales","Nitriliruptoraceae",NA,NA,NA
"3541","sq1860","D11",0.0001501847,"D11","SB4 5N1","SB","Internal",5,1.132759,0.701,0,FALSE,"Bacteria","Bacteroidota","Bacteroidia","Chitinophagales","Chitinophagaceae",NA,NA,NA
"3542","sq2951","E12",0.0001482301,"E12","TM3 28E1","TM","External",28,1.516085,1.023,0,FALSE,"Bacteria","Verrucomicrobiota","Chlamydiae","Chlamydiales","Chlamydiaceae",NA,NA,NA
"3543","sq2088","D5",0.0001479085,"D5","SB3 3N1","SB","Internal",3,0.4562304,0,0,FALSE,"Bacteria","Proteobacteria","Alphaproteobacteria","Rhizobiales","Beijerinckiaceae",NA,NA,NA
"3544","sq6364","D5",0.0001479085,"D5","SB3 3N1","SB","Internal",3,0.4562304,0,0,FALSE,"Bacteria","Verrucomicrobiota","Lentisphaeria","Victivallales","PRD18C08",NA,NA,NA
"3545","sq2951","D3",0.0001478651,"D3","SB3 2N1","SB","Internal",2,0.7753723,0.11,NA,FALSE,"Bacteria","Verrucomicrobiota","Chlamydiae","Chlamydiales","Chlamydiaceae",NA,NA,NA
"3546","sq10583","D8",0.0001476728,"D8","SB4 3E1","SB","External",3,0.7979979,NA,0,FALSE,"Bacteria","Firmicutes","Clostridia","Clostridiales","Caloramatoraceae",NA,NA,NA
"3547","sq267","D8",0.0001476728,"D8","SB4 3E1","SB","External",3,0.7979979,NA,0,FALSE,"Bacteria","Proteobacteria","Alphaproteobacteria","Rhizobiales","Rhizobiales Incertae Sedis",NA,NA,NA
"3548","sq3921","D8",0.0001476728,"D8","SB4 3E1","SB","External",3,0.7979979,NA,0,FALSE,"Bacteria","Proteobacteria","Gammaproteobacteria","Diplorickettsiales","Diplorickettsiaceae",NA,NA,NA
"3549","sq4562","D8",0.0001476728,"D8","SB4 3E1","SB","External",3,0.7979979,NA,0,FALSE,"Bacteria","Proteobacteria","Gammaproteobacteria","Salinisphaerales","Solimonadaceae",NA,NA,NA
"3550","sq6364","D8",0.0001476728,"D8","SB4 3E1","SB","External",3,0.7979979,NA,0,FALSE,"Bacteria","Verrucomicrobiota","Lentisphaeria","Victivallales","PRD18C08",NA,NA,NA
"3551","sq6126","D9",0.0001471502,"D9","SB4 4N1","SB","Internal",4,1.337103,1.856,NA,FALSE,"Bacteria","Firmicutes","Clostridia","Peptostreptococcales-Tissierellales","GoM-GC232-4463-Bac1",NA,NA,NA
"3552","sq7099","E2",0.00014678,"E2","TM2 21E1","TM","External",21,3.767123,NA,0,FALSE,"Bacteria","Firmicutes","Thermoanaerobacteria","Thermoanaerobacterales","Thermoanaerobacteraceae",NA,NA,NA
"3553","sq953","E2",0.00014678,"E2","TM2 21E1","TM","External",21,3.767123,NA,0,FALSE,"Bacteria","Bdellovibrionota","Oligoflexia","Silvanigrellales","Silvanigrellaceae",NA,NA,NA
"3554","sq1010","D10",0.0001467064,"D10","SB4 4E1","SB","External",4,0.9473753,0.459,NA,FALSE,"Bacteria","Proteobacteria","Alphaproteobacteria","Rhizobiales","Methyloligellaceae",NA,NA,NA
"3555","sq1346","D10",0.0001467064,"D10","SB4 4E1","SB","External",4,0.9473753,0.459,NA,FALSE,"Bacteria","Desulfobacterota","Desulfobulbia","Desulfobulbales","Desulfurivibrionaceae",NA,NA,NA
"3556","sq3448","D10",0.0001467064,"D10","SB4 4E1","SB","External",4,0.9473753,0.459,NA,FALSE,"Bacteria","Proteobacteria","Gammaproteobacteria","Granulosicoccales","Granulosicoccaceae",NA,NA,NA
"3557","sq1557","E9",0.0001458896,"E9","TM3 27N1","TM","Internal",27,1.647955,2.235,NA,FALSE,"Bacteria","Bacteroidota","Ignavibacteria","Ignavibacteriales","Ignavibacteriaceae",NA,NA,NA
"3558","sq5109","E9",0.0001458896,"E9","TM3 27N1","TM","Internal",27,1.647955,2.235,NA,FALSE,"Bacteria","Cyanobacteria","Vampirivibrionia","Obscuribacterales","Obscuribacteraceae",NA,NA,NA
"3559","sq5217","E9",0.0001458896,"E9","TM3 27N1","TM","Internal",27,1.647955,2.235,NA,FALSE,"Bacteria","Dependentiae","Babeliae","Babeliales","UBA12409",NA,NA,NA
"3560","sq3738","E9",0.0001458896,"E9","TM3 27N1","TM","Internal",27,1.647955,2.235,NA,FALSE,"Bacteria","Bacteroidota","Bacteroidia","Sphingobacteriales","NS11-12 marine group",NA,NA,NA
"3561","sq2193","E7",0.0001455844,"E7","TM3 26N1","TM","Internal",26,1.910828,NA,0.056,FALSE,"Bacteria","Campylobacterota","Campylobacteria","Campylobacterales","Rs-M59 termite group",NA,NA,NA
"3562","sq2581","E7",0.0001455844,"E7","TM3 26N1","TM","Internal",26,1.910828,NA,0.056,FALSE,"Bacteria","Cyanobacteria","Cyanobacteriia","Thermosynechococcales","Thermosynechococcaceae",NA,NA,NA
"3563","sq9433","E7",0.0001455844,"E7","TM3 26N1","TM","Internal",26,1.910828,NA,0.056,FALSE,"Bacteria","Firmicutes","Clostridia","Peptostreptococcales-Tissierellales","Gottschalkia",NA,NA,NA
"3564","sq1410","E1",0.0001453742,"E1","TM2 21N1","TM","Internal",21,0.6326758,NA,0,FALSE,"Bacteria","Cyanobacteria","Cyanobacteriia","Leptolyngbyales","Leptolyngbyaceae",NA,NA,NA
"3565","sq2037","E1",0.0001453742,"E1","TM2 21N1","TM","Internal",21,0.6326758,NA,0,FALSE,"Bacteria","Acidobacteriota","Blastocatellia","Blastocatellales","Blastocatellaceae",NA,NA,NA
"3566","sq5217","E1",0.0001453742,"E1","TM2 21N1","TM","Internal",21,0.6326758,NA,0,FALSE,"Bacteria","Dependentiae","Babeliae","Babeliales","UBA12409",NA,NA,NA
"3567","sq5593","E1",0.0001453742,"E1","TM2 21N1","TM","Internal",21,0.6326758,NA,0,FALSE,"Bacteria","Bacteroidota","Bacteroidia","Bacteroidales","Rs-E47 termite group",NA,NA,NA
"3568","sq65","E1",0.0001453742,"E1","TM2 21N1","TM","Internal",21,0.6326758,NA,0,FALSE,"Bacteria","Cyanobacteria","Cyanobacteriia","Cyanobacteriales","Oscillatoriaceae",NA,NA,NA
"3569","sq3793","D2",0.0001452831,"D2","SB3 1E2","SB","External",1,0.9945908,NA,0,FALSE,"Bacteria","Firmicutes","Clostridia","Lachnospirales","Defluviitaleaceae",NA,NA,NA
"3570","sq1338","E11",0.000145174,"E11","TM3 28N1","TM","Internal",28,1.477156,2.427,0.039,FALSE,"Bacteria","Proteobacteria","Gammaproteobacteria","Pseudomonadales","P13-46",NA,NA,NA
"3571","sq278","E11",0.000145174,"E11","TM3 28N1","TM","Internal",28,1.477156,2.427,0.039,FALSE,"Bacteria","Firmicutes","Clostridia","Peptostreptococcales-Tissierellales","Clostridium sensu stricto",NA,NA,NA
"3572","sq5217","D1",0.00014403,"D1","SB3 1N1 ","SB","Internal",1,1.016766,NA,0,FALSE,"Bacteria","Dependentiae","Babeliae","Babeliales","UBA12409",NA,NA,NA
"3573","sq2454","E4",0.0001436479,"E4","TM2 22E1","TM","External",22,1.310616,0.595,NA,FALSE,"Bacteria","Proteobacteria","Alphaproteobacteria","Alphaproteobacteria Incertae Sedis","Unknown Family",NA,NA,NA
"3574","sq4006","E4",0.0001436479,"E4","TM2 22E1","TM","External",22,1.310616,0.595,NA,FALSE,"Bacteria","Dependentiae","Babeliae","Babeliales","Vermiphilaceae",NA,NA,NA
"3575","sq3793","D4",0.0001426927,"D4","SB3 2E1","SB","External",2,0.6529851,0.136,NA,FALSE,"Bacteria","Firmicutes","Clostridia","Lachnospirales","Defluviitaleaceae",NA,NA,NA
"3576","sq676","D4",0.0001426927,"D4","SB3 2E1","SB","External",2,0.6529851,0.136,NA,FALSE,"Bacteria","Bacteroidota","Kryptonia","Kryptoniales","MSB-3C8",NA,NA,NA
"3577","sq2415","E10",0.0001420134,"E10","TM3 27E1","TM","External",27,0.830019,0.233,NA,FALSE,"Bacteria","Desulfobacterota","Desulfobacteria","Desulfobacterales","Desulfolunaceae",NA,NA,NA
"3578","sq1794","E8",0.0001418104,"E8","TM3 26E1","TM","External",26,1.169005,NA,0.034,FALSE,"Bacteria","Desulfobacterota","Desulfarculia","Desulfarculales","Desulfarculaceae",NA,NA,NA
"3579","sq2355","E8",0.0001418104,"E8","TM3 26E1","TM","External",26,1.169005,NA,0.034,FALSE,"Bacteria","Verrucomicrobiota","Lentisphaeria","Victivallales","BD2-3",NA,NA,NA
"3580","sq2634","E8",0.0001418104,"E8","TM3 26E1","TM","External",26,1.169005,NA,0.034,FALSE,"Bacteria","Proteobacteria","Gammaproteobacteria","Legionellales","Legionellaceae",NA,NA,NA
"3581","sq4688","E8",0.0001418104,"E8","TM3 26E1","TM","External",26,1.169005,NA,0.034,FALSE,"Bacteria","Proteobacteria","Alphaproteobacteria","Rickettsiales","Anaplasmataceae",NA,NA,NA
"3582","sq3215","E3",0.0001408887,"E3","TM2 22N1","TM","Internal",22,1.027042,1.612,NA,FALSE,"Bacteria","Proteobacteria","Alphaproteobacteria","Rickettsiales","SM2D12",NA,NA,NA
"3583","sq442","D7",0.0001405015,"D7","SB4 3N1","SB","Internal",3,0.9474643,NA,0,FALSE,"Bacteria","Bacteroidota","Bacteroidia","Flavobacteriales","Schleiferiaceae",NA,NA,NA
"3584","sq466","D7",0.0001405015,"D7","SB4 3N1","SB","Internal",3,0.9474643,NA,0,FALSE,"Bacteria","Firmicutes","Clostridia","Oscillospirales","Hungateiclostridiaceae",NA,NA,NA
"3585","sq7184","D7",0.0001405015,"D7","SB4 3N1","SB","Internal",3,0.9474643,NA,0,FALSE,"Bacteria","Firmicutes","Clostridia","Clostridiales","Clostridiaceae",NA,NA,NA
"3586","sq8025","D7",0.0001405015,"D7","SB4 3N1","SB","Internal",3,0.9474643,NA,0,FALSE,"Bacteria","Proteobacteria","Gammaproteobacteria","Burkholderiales","TRA3-20",NA,NA,NA
"3587","sq1103","D6",0.0001402005,"D6","SB3 3E1","SB","External",3,0.7111695,0.121,0,FALSE,"Bacteria","Proteobacteria","Gammaproteobacteria","Pseudomonadales","Cellvibrionaceae",NA,NA,NA
"3588","sq3467","D6",0.0001402005,"D6","SB3 3E1","SB","External",3,0.7111695,0.121,0,FALSE,"Bacteria","Bacteroidota","Bacteroidia","Bacteroidales","Marinilabiliaceae",NA,NA,NA
"3589","sq4113","D6",0.0001402005,"D6","SB3 3E1","SB","External",3,0.7111695,0.121,0,FALSE,"Bacteria","Bacteroidota","Bacteroidia","Sphingobacteriales","E6aC02",NA,NA,NA
"3590","sq5593","D6",0.0001402005,"D6","SB3 3E1","SB","External",3,0.7111695,0.121,0,FALSE,"Bacteria","Bacteroidota","Bacteroidia","Bacteroidales","Rs-E47 termite group",NA,NA,NA
"3591","sq1557","D11",0.0001401724,"D11","SB4 5N1","SB","Internal",5,1.132759,0.701,0,FALSE,"Bacteria","Bacteroidota","Ignavibacteria","Ignavibacteriales","Ignavibacteriaceae",NA,NA,NA
"3592","sq2516","D11",0.0001401724,"D11","SB4 5N1","SB","Internal",5,1.132759,0.701,0,FALSE,"Bacteria","Proteobacteria","Gammaproteobacteria","Pseudomonadales","Porticoccaceae",NA,NA,NA
"3593","sq3738","D11",0.0001401724,"D11","SB4 5N1","SB","Internal",5,1.132759,0.701,0,FALSE,"Bacteria","Bacteroidota","Bacteroidia","Sphingobacteriales","NS11-12 marine group",NA,NA,NA
"3594","sq1254","D12",0.0001401034,"D12","SB4 5E1","SB","External",5,0.8975208,0.4,0,FALSE,"Bacteria","Proteobacteria","Gammaproteobacteria","Competibacterales","Competibacteraceae",NA,NA,NA
"3595","sq2066","D12",0.0001401034,"D12","SB4 5E1","SB","External",5,0.8975208,0.4,0,FALSE,"Bacteria","Verrucomicrobiota","Verrucomicrobiae","Pedosphaerales","Pedosphaeraceae",NA,NA,NA
"3596","sq2114","D12",0.0001401034,"D12","SB4 5E1","SB","External",5,0.8975208,0.4,0,FALSE,"Bacteria","Planctomycetota","Phycisphaerae","MSBL9","SG8-4",NA,NA,NA
"3597","sq2644","D12",0.0001401034,"D12","SB4 5E1","SB","External",5,0.8975208,0.4,0,FALSE,"Bacteria","Proteobacteria","Gammaproteobacteria","Burkholderiales","Comamonadaceae",NA,NA,NA
"3598","sq446","D12",0.0001401034,"D12","SB4 5E1","SB","External",5,0.8975208,0.4,0,FALSE,"Bacteria","Campylobacterota","Campylobacteria","Campylobacterales","Arcobacteraceae",NA,NA,NA
"3599","sq713","D9",0.0001389752,"D9","SB4 4N1","SB","Internal",4,1.337103,1.856,NA,FALSE,"Bacteria","Cyanobacteria","Cyanobacteriia","Synechococcales","Cyanobiaceae",NA,NA,NA
"3600","sq3076","D5",0.0001386642,"D5","SB3 3N1","SB","Internal",3,0.4562304,0,0,FALSE,"Bacteria","Bacteroidota","Bacteroidia","Cytophagales","Bernardetiaceae",NA,NA,NA
"3601","sq6254","D5",0.0001386642,"D5","SB3 3N1","SB","Internal",3,0.4562304,0,0,FALSE,"Bacteria","Spirochaetota","Brachyspirae","Brachyspirales","LH041",NA,NA,NA
"3602","sq3001","D10",0.0001385561,"D10","SB4 4E1","SB","External",4,0.9473753,0.459,NA,FALSE,"Bacteria","Proteobacteria","Gammaproteobacteria","Coxiellales","Coxiellaceae",NA,NA,NA
"3603","sq222","D10",0.0001385561,"D10","SB4 4E1","SB","External",4,0.9473753,0.459,NA,FALSE,"Bacteria","Proteobacteria","Gammaproteobacteria","Enterobacterales","Vibrionaceae",NA,NA,NA
"3604","sq713","D10",0.0001385561,"D10","SB4 4E1","SB","External",4,0.9473753,0.459,NA,FALSE,"Bacteria","Cyanobacteria","Cyanobacteriia","Synechococcales","Cyanobiaceae",NA,NA,NA
"3605","sq1766","E12",0.0001383481,"E12","TM3 28E1","TM","External",28,1.516085,1.023,0,FALSE,"Bacteria","Fermentibacterota","Fermentibacteria","Fermentibacterales","Fermentibacteraceae",NA,NA,NA
"3606","sq1414","D1",0.0001374831,"D1","SB3 1N1 ","SB","Internal",1,1.016766,NA,0,FALSE,"Bacteria","Cyanobacteria","Cyanobacteriia","Cyanobacteriales","Geitlerinemaceae",NA,NA,NA
"3607","sq1818","D1",0.0001374831,"D1","SB3 1N1 ","SB","Internal",1,1.016766,NA,0,FALSE,"Bacteria","Chloroflexi","Anaerolineae","Caldilineales","Caldilineaceae",NA,NA,NA
"3608","sq6244","D1",0.0001374831,"D1","SB3 1N1 ","SB","Internal",1,1.016766,NA,0,FALSE,"Bacteria","Verrucomicrobiota","Lentisphaeria","Victivallales","Arctic95B-14",NA,NA,NA
"3609","sq1792","E9",0.0001367715,"E9","TM3 27N1","TM","Internal",27,1.647955,2.235,NA,FALSE,"Bacteria","Bacteroidota","Bacteroidia","Bacteroidales","Salinivirgaceae",NA,NA,NA
"3610","sq2330","E9",0.0001367715,"E9","TM3 27N1","TM","Internal",27,1.647955,2.235,NA,FALSE,"Bacteria","Planctomycetota","Phycisphaerae","MSBL9","ST-NAGAB-D1",NA,NA,NA
"3611","sq3643","E7",0.0001358788,"E7","TM3 26N1","TM","Internal",26,1.910828,NA,0.056,FALSE,"Bacteria","Planctomycetota","Phycisphaerae","MSBL9","SM23-30",NA,NA,NA
"3612","sq2355","E11",0.0001348044,"E11","TM3 28N1","TM","Internal",28,1.477156,2.427,0.039,FALSE,"Bacteria","Verrucomicrobiota","Lentisphaeria","Victivallales","BD2-3",NA,NA,NA
"3613","sq4535","E11",0.0001348044,"E11","TM3 28N1","TM","Internal",28,1.477156,2.427,0.039,FALSE,"Bacteria","Proteobacteria","Alphaproteobacteria","Rickettsiales","Rickettsiaceae",NA,NA,NA
"3614","sq7714","E11",0.0001348044,"E11","TM3 28N1","TM","Internal",28,1.477156,2.427,0.039,FALSE,"Bacteria","Proteobacteria","Gammaproteobacteria","Enterobacterales","Aeromonadaceae",NA,NA,NA
"3615","sq2355","E2",0.0001345483,"E2","TM2 21E1","TM","External",21,3.767123,NA,0,FALSE,"Bacteria","Verrucomicrobiota","Lentisphaeria","Victivallales","BD2-3",NA,NA,NA
"3616","sq3486","E2",0.0001345483,"E2","TM2 21E1","TM","External",21,3.767123,NA,0,FALSE,"Bacteria","Firmicutes","Clostridia","Peptococcales","Peptococcaceae",NA,NA,NA
"3617","sq4891","E2",0.0001345483,"E2","TM2 21E1","TM","External",21,3.767123,NA,0,FALSE,"Bacteria","Proteobacteria","Gammaproteobacteria","Pseudomonadales","Moraxellaceae",NA,NA,NA
"3618","sq9394","E2",0.0001345483,"E2","TM2 21E1","TM","External",21,3.767123,NA,0,FALSE,"Bacteria","Proteobacteria","Gammaproteobacteria","Burkholderiales","Burkholderiaceae",NA,NA,NA
"3619","sq1324","D8",0.000134248,"D8","SB4 3E1","SB","External",3,0.7979979,NA,0,FALSE,"Bacteria","Planctomycetota","Phycisphaerae","MSBL9","4572-13",NA,NA,NA
"3620","sq1599","D8",0.000134248,"D8","SB4 3E1","SB","External",3,0.7979979,NA,0,FALSE,"Bacteria","Myxococcota","Polyangia","Polyangiales","BIrii41",NA,NA,NA
"3621","sq2280","D8",0.000134248,"D8","SB4 3E1","SB","External",3,0.7979979,NA,0,FALSE,"Bacteria","Proteobacteria","Gammaproteobacteria","Ectothiorhodospirales","Thioalkalispiraceae",NA,NA,NA
"3622","sq7304","D8",0.000134248,"D8","SB4 3E1","SB","External",3,0.7979979,NA,0,FALSE,"Bacteria","Fusobacteriota","Fusobacteriia","Fusobacteriales","Leptotrichiaceae",NA,NA,NA
"3623","sq7869","D8",0.000134248,"D8","SB4 3E1","SB","External",3,0.7979979,NA,0,FALSE,"Bacteria","Proteobacteria","Alphaproteobacteria","Rickettsiales","Fokiniaceae",NA,NA,NA
"3624","sq3630","E4",0.0001340714,"E4","TM2 22E1","TM","External",22,1.310616,0.595,NA,FALSE,"Bacteria","Proteobacteria","Alphaproteobacteria","Parvibaculales","PS1 clade",NA,NA,NA
"3625","sq953","E4",0.0001340714,"E4","TM2 22E1","TM","External",22,1.310616,0.595,NA,FALSE,"Bacteria","Bdellovibrionota","Oligoflexia","Silvanigrellales","Silvanigrellaceae",NA,NA,NA
"3626","sq11898","E5",0.0001340508,"E5","TM2 23N1","TM","Internal",23,1.04109,0.484,0,FALSE,"Bacteria","Verrucomicrobiota","Chlamydiae","Chlamydiales","Parachlamydiaceae",NA,NA,NA
"3627","sq1410","E5",0.0001340508,"E5","TM2 23N1","TM","Internal",23,1.04109,0.484,0,FALSE,"Bacteria","Cyanobacteria","Cyanobacteriia","Leptolyngbyales","Leptolyngbyaceae",NA,NA,NA
"3628","sq1792","E5",0.0001340508,"E5","TM2 23N1","TM","Internal",23,1.04109,0.484,0,FALSE,"Bacteria","Bacteroidota","Bacteroidia","Bacteroidales","Salinivirgaceae",NA,NA,NA
"3629","sq4562","E5",0.0001340508,"E5","TM2 23N1","TM","Internal",23,1.04109,0.484,0,FALSE,"Bacteria","Proteobacteria","Gammaproteobacteria","Salinisphaerales","Solimonadaceae",NA,NA,NA
"3630","sq1410","D4",0.0001331799,"D4","SB3 2E1","SB","External",2,0.6529851,0.136,NA,FALSE,"Bacteria","Cyanobacteria","Cyanobacteriia","Leptolyngbyales","Leptolyngbyaceae",NA,NA,NA
"3631","sq2028","D4",0.0001331799,"D4","SB3 2E1","SB","External",2,0.6529851,0.136,NA,FALSE,"Bacteria","Verrucomicrobiota","Omnitrophia","Omnitrophales","Omnitrophaceae",NA,NA,NA
"3632","sq2581","D4",0.0001331799,"D4","SB3 2E1","SB","External",2,0.6529851,0.136,NA,FALSE,"Bacteria","Cyanobacteria","Cyanobacteriia","Thermosynechococcales","Thermosynechococcaceae",NA,NA,NA
"3633","sq2951","E3",0.0001314961,"E3","TM2 22N1","TM","Internal",22,1.027042,1.612,NA,FALSE,"Bacteria","Verrucomicrobiota","Chlamydiae","Chlamydiales","Chlamydiaceae",NA,NA,NA
"3634","sq578","E3",0.0001314961,"E3","TM2 22N1","TM","Internal",22,1.027042,1.612,NA,FALSE,"Bacteria","Fibrobacterota","Fibrobacteria","Fibrobacterales","Fibrobacteraceae",NA,NA,NA
"3635","sq9681","E3",0.0001314961,"E3","TM2 22N1","TM","Internal",22,1.027042,1.612,NA,FALSE,"Bacteria","Firmicutes","Clostridia","Gracilibacteraceae","Lutispora",NA,NA,NA
"3636","sq2893","D1",0.0001309363,"D1","SB3 1N1 ","SB","Internal",1,1.016766,NA,0,FALSE,"Bacteria","Bacteroidota","Bacteroidia","Flavobacteriales","Weeksellaceae",NA,NA,NA
"3637","sq4084","D1",0.0001309363,"D1","SB3 1N1 ","SB","Internal",1,1.016766,NA,0,FALSE,"Bacteria","Verrucomicrobiota","Chlamydiae","Chlamydiales","Simkaniaceae",NA,NA,NA
"3638","sq2516","D10",0.0001304057,"D10","SB4 4E1","SB","External",4,0.9473753,0.459,NA,FALSE,"Bacteria","Proteobacteria","Gammaproteobacteria","Pseudomonadales","Porticoccaceae",NA,NA,NA
"3639","sq3793","D10",0.0001304057,"D10","SB4 4E1","SB","External",4,0.9473753,0.459,NA,FALSE,"Bacteria","Firmicutes","Clostridia","Lachnospirales","Defluviitaleaceae",NA,NA,NA
"3640","sq8977","D10",0.0001304057,"D10","SB4 4E1","SB","External",4,0.9473753,0.459,NA,FALSE,"Bacteria","Proteobacteria","Alphaproteobacteria","Holosporales","Holosporaceae",NA,NA,NA
"3641","sq2722","D6",0.0001301862,"D6","SB3 3E1","SB","External",3,0.7111695,0.121,0,FALSE,"Bacteria","Verrucomicrobiota","Verrucomicrobiae","Chthoniobacterales","01D2Z36",NA,NA,NA
"3642","sq52","D6",0.0001301862,"D6","SB3 3E1","SB","External",3,0.7111695,0.121,0,FALSE,"Bacteria","Proteobacteria","Gammaproteobacteria","Thiotrichales","Thiotrichaceae",NA,NA,NA
"3643","sq2938","D11",0.0001301601,"D11","SB4 5N1","SB","Internal",5,1.132759,0.701,0,FALSE,"Bacteria","Proteobacteria","Gammaproteobacteria","Francisellales","Francisellaceae",NA,NA,NA
"3644","sq4359","D11",0.0001301601,"D11","SB4 5N1","SB","Internal",5,1.132759,0.701,0,FALSE,"Bacteria","Proteobacteria","Alphaproteobacteria","Thalassobaculales","Thalassobaculaceae",NA,NA,NA
"3645","sq6186","D11",0.0001301601,"D11","SB4 5N1","SB","Internal",5,1.132759,0.701,0,FALSE,"Bacteria","Planctomycetota","Phycisphaerae","Tepidisphaerales","Tepidisphaeraceae",NA,NA,NA
"3646","sq1414","E8",0.0001299929,"E8","TM3 26E1","TM","External",26,1.169005,NA,0.034,FALSE,"Bacteria","Cyanobacteria","Cyanobacteriia","Cyanobacteriales","Geitlerinemaceae",NA,NA,NA
"3647","sq280","E8",0.0001299929,"E8","TM3 26E1","TM","External",26,1.169005,NA,0.034,FALSE,"Bacteria","Proteobacteria","Alphaproteobacteria","Defluviicoccales","Defluviicoccaceae",NA,NA,NA
"3648","sq2893","E8",0.0001299929,"E8","TM3 26E1","TM","External",26,1.169005,NA,0.034,FALSE,"Bacteria","Bacteroidota","Bacteroidia","Flavobacteriales","Weeksellaceae",NA,NA,NA
"3649","sq4375","E8",0.0001299929,"E8","TM3 26E1","TM","External",26,1.169005,NA,0.034,FALSE,"Bacteria","Thermotogota","Thermotogae","Kosmotogales","Kosmotogaceae",NA,NA,NA
"3650","sq7304","E8",0.0001299929,"E8","TM3 26E1","TM","External",26,1.169005,NA,0.034,FALSE,"Bacteria","Fusobacteriota","Fusobacteriia","Fusobacteriales","Leptotrichiaceae",NA,NA,NA
"3651","sq2893","D5",0.0001294199,"D5","SB3 3N1","SB","Internal",3,0.4562304,0,0,FALSE,"Bacteria","Bacteroidota","Bacteroidia","Flavobacteriales","Weeksellaceae",NA,NA,NA
"3652","sq3790","D5",0.0001294199,"D5","SB3 3N1","SB","Internal",3,0.4562304,0,0,FALSE,"Bacteria","Planctomycetota","Planctomycetes","Isosphaerales","Isosphaeraceae",NA,NA,NA
"3653","sq9553","D5",0.0001294199,"D5","SB3 3N1","SB","Internal",3,0.4562304,0,0,FALSE,"Bacteria","Desulfobacterota","Desulfovibrionia","Desulfovibrionales","Desulfomicrobiaceae",NA,NA,NA
"3654","sq2114","D2",0.0001291406,"D2","SB3 1E2","SB","External",1,0.9945908,NA,0,FALSE,"Bacteria","Planctomycetota","Phycisphaerae","MSBL9","SG8-4",NA,NA,NA
"3655","sq1316","E12",0.0001284661,"E12","TM3 28E1","TM","External",28,1.516085,1.023,0,FALSE,"Bacteria","Firmicutes","Clostridia","Lachnospirales","Lachnospiraceae",NA,NA,NA
"3656","sq4777","E12",0.0001284661,"E12","TM3 28E1","TM","External",28,1.516085,1.023,0,FALSE,"Bacteria","Fibrobacterota","Fibrobacteria","Fibrobacterales","SBXY-748",NA,NA,NA
"3657","sq9971","E12",0.0001284661,"E12","TM3 28E1","TM","External",28,1.516085,1.023,0,FALSE,"Bacteria","Verrucomicrobiota","Chlamydiae","Chlamydiales","cvE6",NA,NA,NA
"3658","sq1459","D12",0.0001284282,"D12","SB4 5E1","SB","External",5,0.8975208,0.4,0,FALSE,"Bacteria","Cyanobacteria","Cyanobacteriia","Cyanobacteriales","Microcystaceae",NA,NA,NA
"3659","sq2028","D12",0.0001284282,"D12","SB4 5E1","SB","External",5,0.8975208,0.4,0,FALSE,"Bacteria","Verrucomicrobiota","Omnitrophia","Omnitrophales","Omnitrophaceae",NA,NA,NA
"3660","sq1046","D7",0.0001277286,"D7","SB4 3N1","SB","Internal",3,0.9474643,NA,0,FALSE,"Bacteria","Firmicutes","Clostridia","Peptostreptococcales-Tissierellales","Fusibacteraceae",NA,NA,NA
"3661","sq3921","D7",0.0001277286,"D7","SB4 3N1","SB","Internal",3,0.9474643,NA,0,FALSE,"Bacteria","Proteobacteria","Gammaproteobacteria","Diplorickettsiales","Diplorickettsiaceae",NA,NA,NA
"3662","sq731","D7",0.0001277286,"D7","SB4 3N1","SB","Internal",3,0.9474643,NA,0,FALSE,"Bacteria","Myxococcota","Polyangia","Polyangiales","Eel-36e1D6",NA,NA,NA
"3663","sq2722","E9",0.0001276534,"E9","TM3 27N1","TM","Internal",27,1.647955,2.235,NA,FALSE,"Bacteria","Verrucomicrobiota","Verrucomicrobiae","Chthoniobacterales","01D2Z36",NA,NA,NA
"3664","sq1410","E6",0.0001267133,"E6","TM2 23E1","TM","External",23,1.016192,0.102,0,FALSE,"Bacteria","Cyanobacteria","Cyanobacteriia","Leptolyngbyales","Leptolyngbyaceae",NA,NA,NA
"3665","sq5611","E6",0.0001267133,"E6","TM2 23E1","TM","External",23,1.016192,0.102,0,FALSE,"Bacteria","Dependentiae","Babeliae","Babeliales","UBA12411",NA,NA,NA
"3666","sq5593","E7",0.0001261732,"E7","TM3 26N1","TM","Internal",26,1.910828,NA,0.056,FALSE,"Bacteria","Bacteroidota","Bacteroidia","Bacteroidales","Rs-E47 termite group",NA,NA,NA
"3667","sq4006","E10",0.000125306,"E10","TM3 27E1","TM","External",27,0.830019,0.233,NA,FALSE,"Bacteria","Dependentiae","Babeliae","Babeliales","Vermiphilaceae",NA,NA,NA
"3668","sq4927","E10",0.000125306,"E10","TM3 27E1","TM","External",27,0.830019,0.233,NA,FALSE,"Bacteria","Gemmatimonadota","Gemmatimonadetes","Gemmatimonadales","Gemmatimonadaceae",NA,NA,NA
"3669","sq9340","E10",0.000125306,"E10","TM3 27E1","TM","External",27,0.830019,0.233,NA,FALSE,"Bacteria","Firmicutes","Clostridia","Peptostreptococcales-Tissierellales","Alkaliphilus",NA,NA,NA
"3670","sq1459","D3",0.0001251166,"D3","SB3 2N1","SB","Internal",2,0.7753723,0.11,NA,FALSE,"Bacteria","Cyanobacteria","Cyanobacteriia","Cyanobacteriales","Microcystaceae",NA,NA,NA
"3671","sq1794","D3",0.0001251166,"D3","SB3 2N1","SB","Internal",2,0.7753723,0.11,NA,FALSE,"Bacteria","Desulfobacterota","Desulfarculia","Desulfarculales","Desulfarculaceae",NA,NA,NA
"3672","sq323","D3",0.0001251166,"D3","SB3 2N1","SB","Internal",2,0.7753723,0.11,NA,FALSE,"Bacteria","Campylobacterota","Campylobacteria","Campylobacterales","Sulfurimonadaceae",NA,NA,NA
"3673","sq4562","D3",0.0001251166,"D3","SB3 2N1","SB","Internal",2,0.7753723,0.11,NA,FALSE,"Bacteria","Proteobacteria","Gammaproteobacteria","Salinisphaerales","Solimonadaceae",NA,NA,NA
"3674","sq49","E4",0.0001244948,"E4","TM2 22E1","TM","External",22,1.310616,0.595,NA,FALSE,"Bacteria","Cyanobacteria","Cyanobacteriia","Cyanobacteriales","Phormidiaceae",NA,NA,NA
"3675","sq821","E4",0.0001244948,"E4","TM2 22E1","TM","External",22,1.310616,0.595,NA,FALSE,"Bacteria","Bacteroidota","Bacteroidia","Flavobacteriales","NS9 marine group",NA,NA,NA
"3676","sq1300","E11",0.0001244349,"E11","TM3 28N1","TM","Internal",28,1.477156,2.427,0.039,FALSE,"Bacteria","Deferrisomatota","Defferrisomatia","Defferrisomatales","Defferrisomataceae",NA,NA,NA
"3677","sq2037","E11",0.0001244349,"E11","TM3 28N1","TM","Internal",28,1.477156,2.427,0.039,FALSE,"Bacteria","Acidobacteriota","Blastocatellia","Blastocatellales","Blastocatellaceae",NA,NA,NA
"3678","sq2047","E11",0.0001244349,"E11","TM3 28N1","TM","Internal",28,1.477156,2.427,0.039,FALSE,"Bacteria","Proteobacteria","Gammaproteobacteria","Pseudomonadales","OM182 clade",NA,NA,NA
"3679","sq3738","E11",0.0001244349,"E11","TM3 28N1","TM","Internal",28,1.477156,2.427,0.039,FALSE,"Bacteria","Bacteroidota","Bacteroidia","Sphingobacteriales","NS11-12 marine group",NA,NA,NA
"3680","sq1103","D1",0.0001243895,"D1","SB3 1N1 ","SB","Internal",1,1.016766,NA,0,FALSE,"Bacteria","Proteobacteria","Gammaproteobacteria","Pseudomonadales","Cellvibrionaceae",NA,NA,NA
"3681","sq1792","D4",0.000123667,"D4","SB3 2E1","SB","External",2,0.6529851,0.136,NA,FALSE,"Bacteria","Bacteroidota","Bacteroidia","Bacteroidales","Salinivirgaceae",NA,NA,NA
"3682","sq2050","D4",0.000123667,"D4","SB3 2E1","SB","External",2,0.6529851,0.136,NA,FALSE,"Bacteria","Proteobacteria","Gammaproteobacteria","Pseudomonadales","Oleiphilaceae",NA,NA,NA
"3683","sq1299","D9",0.0001226252,"D9","SB4 4N1","SB","Internal",4,1.337103,1.856,NA,FALSE,"Bacteria","Proteobacteria","Gammaproteobacteria","Tenderiales","Tenderiaceae",NA,NA,NA
"3684","sq1557","D9",0.0001226252,"D9","SB4 4N1","SB","Internal",4,1.337103,1.856,NA,FALSE,"Bacteria","Bacteroidota","Ignavibacteria","Ignavibacteriales","Ignavibacteriaceae",NA,NA,NA
"3685","sq3793","D9",0.0001226252,"D9","SB4 4N1","SB","Internal",4,1.337103,1.856,NA,FALSE,"Bacteria","Firmicutes","Clostridia","Lachnospirales","Defluviitaleaceae",NA,NA,NA
"3686","sq1513","E2",0.0001223167,"E2","TM2 21E1","TM","External",21,3.767123,NA,0,FALSE,"Bacteria","Campylobacterota","Campylobacteria","Campylobacterales","Helicobacteraceae",NA,NA,NA
"3687","sq2645","E2",0.0001223167,"E2","TM2 21E1","TM","External",21,3.767123,NA,0,FALSE,"Bacteria","Proteobacteria","Gammaproteobacteria","Pseudomonadales","Spongiibacteraceae",NA,NA,NA
"3688","sq5217","E2",0.0001223167,"E2","TM2 21E1","TM","External",21,3.767123,NA,0,FALSE,"Bacteria","Dependentiae","Babeliae","Babeliales","UBA12409",NA,NA,NA
"3689","sq816","E2",0.0001223167,"E2","TM2 21E1","TM","External",21,3.767123,NA,0,FALSE,"Bacteria","Proteobacteria","Alphaproteobacteria","Rhodospirillales","Rhodospirillaceae",NA,NA,NA
"3690","sq9072","E2",0.0001223167,"E2","TM2 21E1","TM","External",21,3.767123,NA,0,FALSE,"Bacteria","Acidobacteriota","Acidobacteriae","Bryobacterales","Bryobacteraceae",NA,NA,NA
"3691","sq1794","D10",0.0001222554,"D10","SB4 4E1","SB","External",4,0.9473753,0.459,NA,FALSE,"Bacteria","Desulfobacterota","Desulfarculia","Desulfarculales","Desulfarculaceae",NA,NA,NA
"3692","sq1338","E3",0.0001221036,"E3","TM2 22N1","TM","Internal",22,1.027042,1.612,NA,FALSE,"Bacteria","Proteobacteria","Gammaproteobacteria","Pseudomonadales","P13-46",NA,NA,NA
"3693","sq2355","E3",0.0001221036,"E3","TM2 22N1","TM","Internal",22,1.027042,1.612,NA,FALSE,"Bacteria","Verrucomicrobiota","Lentisphaeria","Victivallales","BD2-3",NA,NA,NA
"3694","sq560","E3",0.0001221036,"E3","TM2 22N1","TM","Internal",22,1.027042,1.612,NA,FALSE,"Bacteria","Verrucomicrobiota","Verrucomicrobiae","Methylacidiphilales","Methylacidiphilaceae",NA,NA,NA
"3695","sq2193","D2",0.0001210693,"D2","SB3 1E2","SB","External",1,0.9945908,NA,0,FALSE,"Bacteria","Campylobacterota","Campylobacteria","Campylobacterales","Rs-M59 termite group",NA,NA,NA
"3696","sq4359","D2",0.0001210693,"D2","SB3 1E2","SB","External",1,0.9945908,NA,0,FALSE,"Bacteria","Proteobacteria","Alphaproteobacteria","Thalassobaculales","Thalassobaculaceae",NA,NA,NA
"3697","sq9261","D2",0.0001210693,"D2","SB3 1E2","SB","External",1,0.9945908,NA,0,FALSE,"Bacteria","Proteobacteria","Alphaproteobacteria","Thalassobaculales","Nisaeaceae",NA,NA,NA
"3698","sq989","D2",0.0001210693,"D2","SB3 1E2","SB","External",1,0.9945908,NA,0,FALSE,"Bacteria","Myxococcota","Polyangia","Haliangiales","Haliangiaceae",NA,NA,NA
"3699","sq11408","D8",0.0001208232,"D8","SB4 3E1","SB","External",3,0.7979979,NA,0,FALSE,"Bacteria","Proteobacteria","Gammaproteobacteria","Xanthomonadales","Rhodanobacteraceae",NA,NA,NA
"3700","sq3213","D8",0.0001208232,"D8","SB4 3E1","SB","External",3,0.7979979,NA,0,FALSE,"Bacteria","Proteobacteria","Alphaproteobacteria","Rickettsiales","AB1",NA,NA,NA
"3701","sq3738","D8",0.0001208232,"D8","SB4 3E1","SB","External",3,0.7979979,NA,0,FALSE,"Bacteria","Bacteroidota","Bacteroidia","Sphingobacteriales","NS11-12 marine group",NA,NA,NA
"3702","sq440","D8",0.0001208232,"D8","SB4 3E1","SB","External",3,0.7979979,NA,0,FALSE,"Bacteria","Fusobacteriota","Fusobacteriia","Fusobacteriales","Fusobacteriaceae",NA,NA,NA
"3703","sq296","D5",0.0001201756,"D5","SB3 3N1","SB","Internal",3,0.4562304,0,0,FALSE,"Bacteria","Proteobacteria","Gammaproteobacteria","Pseudomonadales","Hahellaceae",NA,NA,NA
"3704","sq7876","D5",0.0001201756,"D5","SB3 3N1","SB","Internal",3,0.4562304,0,0,FALSE,"Bacteria","Firmicutes","Clostridia","Peptostreptococcales-Tissierellales","Dethiosulfatibacteraceae",NA,NA,NA
"3705","sq1518","D11",0.0001201478,"D11","SB4 5N1","SB","Internal",5,1.132759,0.701,0,FALSE,"Bacteria","Planctomycetota","Planctomycetes","Planctomycetales","Schlesneriaceae",NA,NA,NA
"3706","sq1765","D11",0.0001201478,"D11","SB4 5N1","SB","Internal",5,1.132759,0.701,0,FALSE,"Bacteria","Proteobacteria","Gammaproteobacteria","Immundisolibacterales","Immundisolibacteraceae",NA,NA,NA
"3707","sq222","D11",0.0001201478,"D11","SB4 5N1","SB","Internal",5,1.132759,0.701,0,FALSE,"Bacteria","Proteobacteria","Gammaproteobacteria","Enterobacterales","Vibrionaceae",NA,NA,NA
"3708","sq4891","D11",0.0001201478,"D11","SB4 5N1","SB","Internal",5,1.132759,0.701,0,FALSE,"Bacteria","Proteobacteria","Gammaproteobacteria","Pseudomonadales","Moraxellaceae",NA,NA,NA
"3709","sq5109","D11",0.0001201478,"D11","SB4 5N1","SB","Internal",5,1.132759,0.701,0,FALSE,"Bacteria","Cyanobacteria","Vampirivibrionia","Obscuribacterales","Obscuribacteraceae",NA,NA,NA
"3710","sq5697","D11",0.0001201478,"D11","SB4 5N1","SB","Internal",5,1.132759,0.701,0,FALSE,"Bacteria","Proteobacteria","Gammaproteobacteria","Acidiferrobacterales","Acidiferrobacteraceae",NA,NA,NA
"3711","sq7329","D11",0.0001201478,"D11","SB4 5N1","SB","Internal",5,1.132759,0.701,0,FALSE,"Bacteria","Chloroflexi","Chloroflexia","Thermomicrobiales","AKYG1722",NA,NA,NA
"3712","sq9020","D11",0.0001201478,"D11","SB4 5N1","SB","Internal",5,1.132759,0.701,0,FALSE,"Bacteria","Spirochaetota","Brevinematia","Brevinematales","Brevinemataceae",NA,NA,NA
"3713","sq2037","E12",0.0001185841,"E12","TM3 28E1","TM","External",28,1.516085,1.023,0,FALSE,"Bacteria","Acidobacteriota","Blastocatellia","Blastocatellales","Blastocatellaceae",NA,NA,NA
"3714","sq2454","E12",0.0001185841,"E12","TM3 28E1","TM","External",28,1.516085,1.023,0,FALSE,"Bacteria","Proteobacteria","Alphaproteobacteria","Alphaproteobacteria Incertae Sedis","Unknown Family",NA,NA,NA
"3715","sq6244","E12",0.0001185841,"E12","TM3 28E1","TM","External",28,1.516085,1.023,0,FALSE,"Bacteria","Verrucomicrobiota","Lentisphaeria","Victivallales","Arctic95B-14",NA,NA,NA
"3716","sq2158","E9",0.0001185353,"E9","TM3 27N1","TM","Internal",27,1.647955,2.235,NA,FALSE,"Bacteria","Actinobacteriota","Acidimicrobiia","Microtrichales","Microtrichaceae",NA,NA,NA
"3717","sq583","E9",0.0001185353,"E9","TM3 27N1","TM","Internal",27,1.647955,2.235,NA,FALSE,"Bacteria","Campylobacterota","Campylobacteria","Campylobacterales","Sulfurovaceae",NA,NA,NA
"3718","sq816","E9",0.0001185353,"E9","TM3 27N1","TM","Internal",27,1.647955,2.235,NA,FALSE,"Bacteria","Proteobacteria","Alphaproteobacteria","Rhodospirillales","Rhodospirillaceae",NA,NA,NA
"3719","sq9072","E9",0.0001185353,"E9","TM3 27N1","TM","Internal",27,1.647955,2.235,NA,FALSE,"Bacteria","Acidobacteriota","Acidobacteriae","Bryobacterales","Bryobacteraceae",NA,NA,NA
"3720","sq2722","E8",0.0001181754,"E8","TM3 26E1","TM","External",26,1.169005,NA,0.034,FALSE,"Bacteria","Verrucomicrobiota","Verrucomicrobiae","Chthoniobacterales","01D2Z36",NA,NA,NA
"3721","sq2722","D1",0.0001178427,"D1","SB3 1N1 ","SB","Internal",1,1.016766,NA,0,FALSE,"Bacteria","Verrucomicrobiota","Verrucomicrobiae","Chthoniobacterales","01D2Z36",NA,NA,NA
"3722","sq2823","D1",0.0001178427,"D1","SB3 1N1 ","SB","Internal",1,1.016766,NA,0,FALSE,"Bacteria","Proteobacteria","Alphaproteobacteria","Rhizobiales","Stappiaceae",NA,NA,NA
"3723","sq6244","E10",0.0001169522,"E10","TM3 27E1","TM","External",27,0.830019,0.233,NA,FALSE,"Bacteria","Verrucomicrobiota","Lentisphaeria","Victivallales","Arctic95B-14",NA,NA,NA
"3724","sq2866","D12",0.0001167529,"D12","SB4 5E1","SB","External",5,0.8975208,0.4,0,FALSE,"Bacteria","Cyanobacteria","Cyanobacteriia","Cyanobacteriales","Nostocaceae",NA,NA,NA
"3725","sq8977","D12",0.0001167529,"D12","SB4 5E1","SB","External",5,0.8975208,0.4,0,FALSE,"Bacteria","Proteobacteria","Alphaproteobacteria","Holosporales","Holosporaceae",NA,NA,NA
"3726","sq534","E7",0.0001164675,"E7","TM3 26N1","TM","Internal",26,1.910828,NA,0.056,FALSE,"Bacteria","Cyanobacteria","Cyanobacteriia","Cyanobacteriales","Paraspirulinaceae",NA,NA,NA
"3727","sq8303","E7",0.0001164675,"E7","TM3 26N1","TM","Internal",26,1.910828,NA,0.056,FALSE,"Bacteria","Proteobacteria","Gammaproteobacteria","Enterobacterales","Idiomarinaceae",NA,NA,NA
"3728","sq3643","E1",0.0001162994,"E1","TM2 21N1","TM","Internal",21,0.6326758,NA,0,FALSE,"Bacteria","Planctomycetota","Phycisphaerae","MSBL9","SM23-30",NA,NA,NA
"3729","sq6474","E1",0.0001162994,"E1","TM2 21N1","TM","Internal",21,0.6326758,NA,0,FALSE,"Bacteria","Fibrobacterota","Fibrobacteria","Fibrobacterales","B5-096",NA,NA,NA
"3730","sq10482","D7",0.0001149557,"D7","SB4 3N1","SB","Internal",3,0.9474643,NA,0,FALSE,"Bacteria","Proteobacteria","Alphaproteobacteria","Acetobacterales","Acetobacteraceae",NA,NA,NA
"3731","sq11386","D7",0.0001149557,"D7","SB4 3N1","SB","Internal",3,0.9474643,NA,0,FALSE,"Bacteria","Proteobacteria","Alphaproteobacteria","Dongiales","Dongiaceae",NA,NA,NA
"3732","sq4397","D7",0.0001149557,"D7","SB4 3N1","SB","Internal",3,0.9474643,NA,0,FALSE,"Bacteria","Planctomycetota","Phycisphaerae","MSBL9","L21-RPul-D3",NA,NA,NA
"3733","sq5109","D7",0.0001149557,"D7","SB4 3N1","SB","Internal",3,0.9474643,NA,0,FALSE,"Bacteria","Cyanobacteria","Vampirivibrionia","Obscuribacterales","Obscuribacteraceae",NA,NA,NA
"3734","sq4446","D7",0.0001149557,"D7","SB4 3N1","SB","Internal",3,0.9474643,NA,0,FALSE,"Bacteria","Proteobacteria","Alphaproteobacteria","Kiloniellales","Fodinicurvataceae",NA,NA,NA
"3735","sq1300","E4",0.0001149183,"E4","TM2 22E1","TM","External",22,1.310616,0.595,NA,FALSE,"Bacteria","Deferrisomatota","Defferrisomatia","Defferrisomatales","Defferrisomataceae",NA,NA,NA
"3736","sq391","E4",0.0001149183,"E4","TM2 22E1","TM","External",22,1.310616,0.595,NA,FALSE,"Bacteria","Proteobacteria","Gammaproteobacteria","Beggiatoales","Beggiatoaceae",NA,NA,NA
"3737","sq578","E4",0.0001149183,"E4","TM2 22E1","TM","External",22,1.310616,0.595,NA,FALSE,"Bacteria","Fibrobacterota","Fibrobacteria","Fibrobacterales","Fibrobacteraceae",NA,NA,NA
"3738","sq378","E5",0.0001149007,"E5","TM2 23N1","TM","Internal",23,1.04109,0.484,0,FALSE,"Bacteria","Proteobacteria","Gammaproteobacteria","Enterobacterales","Pseudoalteromonadaceae",NA,NA,NA
"3739","sq4084","E5",0.0001149007,"E5","TM2 23N1","TM","Internal",23,1.04109,0.484,0,FALSE,"Bacteria","Verrucomicrobiota","Chlamydiae","Chlamydiales","Simkaniaceae",NA,NA,NA
"3740","sq5217","E5",0.0001149007,"E5","TM2 23N1","TM","Internal",23,1.04109,0.484,0,FALSE,"Bacteria","Dependentiae","Babeliae","Babeliales","UBA12409",NA,NA,NA
"3741","sq65","E5",0.0001149007,"E5","TM2 23N1","TM","Internal",23,1.04109,0.484,0,FALSE,"Bacteria","Cyanobacteria","Cyanobacteriia","Cyanobacteriales","Oscillatoriaceae",NA,NA,NA
"3742","sq9072","E5",0.0001149007,"E5","TM2 23N1","TM","Internal",23,1.04109,0.484,0,FALSE,"Bacteria","Acidobacteriota","Acidobacteriae","Bryobacterales","Bryobacteraceae",NA,NA,NA
"3743","sq985","E5",0.0001149007,"E5","TM2 23N1","TM","Internal",23,1.04109,0.484,0,FALSE,"Bacteria","Firmicutes","Clostridia","Christensenellales","Christensenellaceae",NA,NA,NA
"3744","sq2088","D9",0.0001144501,"D9","SB4 4N1","SB","Internal",4,1.337103,1.856,NA,FALSE,"Bacteria","Proteobacteria","Alphaproteobacteria","Rhizobiales","Beijerinckiaceae",NA,NA,NA
"3745","sq3001","D9",0.0001144501,"D9","SB4 4N1","SB","Internal",4,1.337103,1.856,NA,FALSE,"Bacteria","Proteobacteria","Gammaproteobacteria","Coxiellales","Coxiellaceae",NA,NA,NA
"3746","sq466","D9",0.0001144501,"D9","SB4 4N1","SB","Internal",4,1.337103,1.856,NA,FALSE,"Bacteria","Firmicutes","Clostridia","Oscillospirales","Hungateiclostridiaceae",NA,NA,NA
"3747","sq4927","D9",0.0001144501,"D9","SB4 4N1","SB","Internal",4,1.337103,1.856,NA,FALSE,"Bacteria","Gemmatimonadota","Gemmatimonadetes","Gemmatimonadales","Gemmatimonadaceae",NA,NA,NA
"3748","sq6186","D9",0.0001144501,"D9","SB4 4N1","SB","Internal",4,1.337103,1.856,NA,FALSE,"Bacteria","Planctomycetota","Phycisphaerae","Tepidisphaerales","Tepidisphaeraceae",NA,NA,NA
"3749","sq1043","D4",0.0001141542,"D4","SB3 2E1","SB","External",2,0.6529851,0.136,NA,FALSE,"Bacteria","Actinobacteriota","Actinobacteria","Nitriliruptorales","Nitriliruptoraceae",NA,NA,NA
"3750","sq1414","D4",0.0001141542,"D4","SB3 2E1","SB","External",2,0.6529851,0.136,NA,FALSE,"Bacteria","Cyanobacteria","Cyanobacteriia","Cyanobacteriales","Geitlerinemaceae",NA,NA,NA
"3751","sq4084","D4",0.0001141542,"D4","SB3 2E1","SB","External",2,0.6529851,0.136,NA,FALSE,"Bacteria","Verrucomicrobiota","Chlamydiae","Chlamydiales","Simkaniaceae",NA,NA,NA
"3752","sq4266","D4",0.0001141542,"D4","SB3 2E1","SB","External",2,0.6529851,0.136,NA,FALSE,"Bacteria","Bacteroidota","Bacteroidia","Sphingobacteriales","LiUU-11-161",NA,NA,NA
"3753","sq1518","D10",0.000114105,"D10","SB4 4E1","SB","External",4,0.9473753,0.459,NA,FALSE,"Bacteria","Planctomycetota","Planctomycetes","Planctomycetales","Schlesneriaceae",NA,NA,NA
"3754","sq7841","D10",0.000114105,"D10","SB4 4E1","SB","External",4,0.9473753,0.459,NA,FALSE,"Bacteria","Cyanobacteria","Cyanobacteriia","Cyanobacteriales","Cyanobacteriaceae",NA,NA,NA
"3755","sq3630","E11",0.0001140653,"E11","TM3 28N1","TM","Internal",28,1.477156,2.427,0.039,FALSE,"Bacteria","Proteobacteria","Alphaproteobacteria","Parvibaculales","PS1 clade",NA,NA,NA
"3756","sq1043","D3",0.0001137424,"D3","SB3 2N1","SB","Internal",2,0.7753723,0.11,NA,FALSE,"Bacteria","Actinobacteriota","Actinobacteria","Nitriliruptorales","Nitriliruptoraceae",NA,NA,NA
"3757","sq165","D3",0.0001137424,"D3","SB3 2N1","SB","Internal",2,0.7753723,0.11,NA,FALSE,"Bacteria","Proteobacteria","Gammaproteobacteria","Chromatiales","Sedimenticolaceae",NA,NA,NA
"3758","sq2581","D3",0.0001137424,"D3","SB3 2N1","SB","Internal",2,0.7753723,0.11,NA,FALSE,"Bacteria","Cyanobacteria","Cyanobacteriia","Thermosynechococcales","Thermosynechococcaceae",NA,NA,NA
"3759","sq3047","D3",0.0001137424,"D3","SB3 2N1","SB","Internal",2,0.7753723,0.11,NA,FALSE,"Bacteria","Proteobacteria","Gammaproteobacteria","Pseudomonadales","211ds20",NA,NA,NA
"3760","sq902","E3",0.000112711,"E3","TM2 22N1","TM","Internal",22,1.027042,1.612,NA,FALSE,"Bacteria","Proteobacteria","Gammaproteobacteria","Pseudomonadales","Nitrincolaceae",NA,NA,NA
"3761","sq821","E3",0.000112711,"E3","TM2 22N1","TM","Internal",22,1.027042,1.612,NA,FALSE,"Bacteria","Bacteroidota","Bacteroidia","Flavobacteriales","NS9 marine group",NA,NA,NA
"3762","sq4359","D1",0.0001112959,"D1","SB3 1N1 ","SB","Internal",1,1.016766,NA,0,FALSE,"Bacteria","Proteobacteria","Alphaproteobacteria","Thalassobaculales","Thalassobaculaceae",NA,NA,NA
"3763","sq2158","D6",0.0001101575,"D6","SB3 3E1","SB","External",3,0.7111695,0.121,0,FALSE,"Bacteria","Actinobacteriota","Acidimicrobiia","Microtrichales","Microtrichaceae",NA,NA,NA
"3764","sq10502","D11",0.0001101355,"D11","SB4 5N1","SB","Internal",5,1.132759,0.701,0,FALSE,"Bacteria","Proteobacteria","Alphaproteobacteria","Ferrovibrionales","Marinibaculum",NA,NA,NA
"3765","sq3921","D11",0.0001101355,"D11","SB4 5N1","SB","Internal",5,1.132759,0.701,0,FALSE,"Bacteria","Proteobacteria","Gammaproteobacteria","Diplorickettsiales","Diplorickettsiaceae",NA,NA,NA
"3766","sq4927","D11",0.0001101355,"D11","SB4 5N1","SB","Internal",5,1.132759,0.701,0,FALSE,"Bacteria","Gemmatimonadota","Gemmatimonadetes","Gemmatimonadales","Gemmatimonadaceae",NA,NA,NA
"3767","sq7691","D11",0.0001101355,"D11","SB4 5N1","SB","Internal",5,1.132759,0.701,0,FALSE,"Bacteria","Verrucomicrobiota","Verrucomicrobiae","Opitutales","Opitutaceae",NA,NA,NA
"3768","sq2415","E2",0.000110085,"E2","TM2 21E1","TM","External",21,3.767123,NA,0,FALSE,"Bacteria","Desulfobacterota","Desulfobacteria","Desulfobacterales","Desulfolunaceae",NA,NA,NA
"3769","sq4084","E2",0.000110085,"E2","TM2 21E1","TM","External",21,3.767123,NA,0,FALSE,"Bacteria","Verrucomicrobiota","Chlamydiae","Chlamydiales","Simkaniaceae",NA,NA,NA
"3770","sq5611","E2",0.000110085,"E2","TM2 21E1","TM","External",21,3.767123,NA,0,FALSE,"Bacteria","Dependentiae","Babeliae","Babeliales","UBA12411",NA,NA,NA
"3771","sq1043","E9",0.0001094172,"E9","TM3 27N1","TM","Internal",27,1.647955,2.235,NA,FALSE,"Bacteria","Actinobacteriota","Actinobacteria","Nitriliruptorales","Nitriliruptoraceae",NA,NA,NA
"3772","sq1414","E9",0.0001094172,"E9","TM3 27N1","TM","Internal",27,1.647955,2.235,NA,FALSE,"Bacteria","Cyanobacteria","Cyanobacteriia","Cyanobacteriales","Geitlerinemaceae",NA,NA,NA
"3773","sq1794","E9",0.0001094172,"E9","TM3 27N1","TM","Internal",27,1.647955,2.235,NA,FALSE,"Bacteria","Desulfobacterota","Desulfarculia","Desulfarculales","Desulfarculaceae",NA,NA,NA
"3774","sq6","E9",0.0001094172,"E9","TM3 27N1","TM","Internal",27,1.647955,2.235,NA,FALSE,"Bacteria","Cyanobacteria","Cyanobacteriia","Cyanobacteriales","Desertifilaceae",NA,NA,NA
"3775","sq9892","E9",0.0001094172,"E9","TM3 27N1","TM","Internal",27,1.647955,2.235,NA,FALSE,"Bacteria","Proteobacteria","Alphaproteobacteria","Kordiimonadales","Kordiimonadaceae",NA,NA,NA
"3776","sq4084","E12",0.0001087021,"E12","TM3 28E1","TM","External",28,1.516085,1.023,0,FALSE,"Bacteria","Verrucomicrobiota","Chlamydiae","Chlamydiales","Simkaniaceae",NA,NA,NA
"3777","sq1513","D8",0.0001073984,"D8","SB4 3E1","SB","External",3,0.7979979,NA,0,FALSE,"Bacteria","Campylobacterota","Campylobacteria","Campylobacterales","Helicobacteraceae",NA,NA,NA
"3778","sq2138","D8",0.0001073984,"D8","SB4 3E1","SB","External",3,0.7979979,NA,0,FALSE,"Bacteria","Cloacimonadota","Cloacimonadia","Cloacimonadales","MSBL8",NA,NA,NA
"3779","sq2951","D8",0.0001073984,"D8","SB4 3E1","SB","External",3,0.7979979,NA,0,FALSE,"Bacteria","Verrucomicrobiota","Chlamydiae","Chlamydiales","Chlamydiaceae",NA,NA,NA
"3780","sq5217","D8",0.0001073984,"D8","SB4 3E1","SB","External",3,0.7979979,NA,0,FALSE,"Bacteria","Dependentiae","Babeliae","Babeliales","UBA12409",NA,NA,NA
"3781","sq5506","D8",0.0001073984,"D8","SB4 3E1","SB","External",3,0.7979979,NA,0,FALSE,"Bacteria","Myxococcota","Polyangia","Polyangiales","Polyangiaceae",NA,NA,NA
"3782","sq7161","D8",0.0001073984,"D8","SB4 3E1","SB","External",3,0.7979979,NA,0,FALSE,"Bacteria","Proteobacteria","Alphaproteobacteria","Tistrellales","Tistrellaceae",NA,NA,NA
"3783","sq8296","D8",0.0001073984,"D8","SB4 3E1","SB","External",3,0.7979979,NA,0,FALSE,"Bacteria","Proteobacteria","Magnetococcia","Magnetococcales","Magnetococcaceae",NA,NA,NA
"3784","sq1557","E7",0.0001067619,"E7","TM3 26N1","TM","Internal",26,1.910828,NA,0.056,FALSE,"Bacteria","Bacteroidota","Ignavibacteria","Ignavibacteriales","Ignavibacteriaceae",NA,NA,NA
"3785","sq2634","E7",0.0001067619,"E7","TM3 26N1","TM","Internal",26,1.910828,NA,0.056,FALSE,"Bacteria","Proteobacteria","Gammaproteobacteria","Legionellales","Legionellaceae",NA,NA,NA
"3786","sq4679","E7",0.0001067619,"E7","TM3 26N1","TM","Internal",26,1.910828,NA,0.056,FALSE,"Bacteria","Fibrobacterota","Fibrobacteria","Fibrobacterales","SBYC",NA,NA,NA
"3787","sq560","E7",0.0001067619,"E7","TM3 26N1","TM","Internal",26,1.910828,NA,0.056,FALSE,"Bacteria","Verrucomicrobiota","Verrucomicrobiae","Methylacidiphilales","Methylacidiphilaceae",NA,NA,NA
"3788","sq2114","E8",0.0001063578,"E8","TM3 26E1","TM","External",26,1.169005,NA,0.034,FALSE,"Bacteria","Planctomycetota","Phycisphaerae","MSBL9","SG8-4",NA,NA,NA
"3789","sq2158","E8",0.0001063578,"E8","TM3 26E1","TM","External",26,1.169005,NA,0.034,FALSE,"Bacteria","Actinobacteriota","Acidimicrobiia","Microtrichales","Microtrichaceae",NA,NA,NA
"3790","sq4006","E8",0.0001063578,"E8","TM3 26E1","TM","External",26,1.169005,NA,0.034,FALSE,"Bacteria","Dependentiae","Babeliae","Babeliales","Vermiphilaceae",NA,NA,NA
"3791","sq4562","E8",0.0001063578,"E8","TM3 26E1","TM","External",26,1.169005,NA,0.034,FALSE,"Bacteria","Proteobacteria","Gammaproteobacteria","Salinisphaerales","Solimonadaceae",NA,NA,NA
"3792","sq6244","E8",0.0001063578,"E8","TM3 26E1","TM","External",26,1.169005,NA,0.034,FALSE,"Bacteria","Verrucomicrobiota","Lentisphaeria","Victivallales","Arctic95B-14",NA,NA,NA
"3793","sq6360","E8",0.0001063578,"E8","TM3 26E1","TM","External",26,1.169005,NA,0.034,FALSE,"Bacteria","Proteobacteria","Gammaproteobacteria","Pseudomonadales","Halomonadaceae",NA,NA,NA
"3794","sq7099","E8",0.0001063578,"E8","TM3 26E1","TM","External",26,1.169005,NA,0.034,FALSE,"Bacteria","Firmicutes","Thermoanaerobacteria","Thermoanaerobacterales","Thermoanaerobacteraceae",NA,NA,NA
"3795","sq2050","D9",0.0001062751,"D9","SB4 4N1","SB","Internal",4,1.337103,1.856,NA,FALSE,"Bacteria","Proteobacteria","Gammaproteobacteria","Pseudomonadales","Oleiphilaceae",NA,NA,NA
"3796","sq1114","D10",0.0001059547,"D10","SB4 4E1","SB","External",4,0.9473753,0.459,NA,FALSE,"Bacteria","Bacteroidota","Bacteroidia","Sphingobacteriales","ST-12K33",NA,NA,NA
"3797","sq2823","D10",0.0001059547,"D10","SB4 4E1","SB","External",4,0.9473753,0.459,NA,FALSE,"Bacteria","Proteobacteria","Alphaproteobacteria","Rhizobiales","Stappiaceae",NA,NA,NA
"3798","sq2330","D10",0.0001059547,"D10","SB4 4E1","SB","External",4,0.9473753,0.459,NA,FALSE,"Bacteria","Planctomycetota","Phycisphaerae","MSBL9","ST-NAGAB-D1",NA,NA,NA
"3799","sq7304","D10",0.0001059547,"D10","SB4 4E1","SB","External",4,0.9473753,0.459,NA,FALSE,"Bacteria","Fusobacteriota","Fusobacteriia","Fusobacteriales","Leptotrichiaceae",NA,NA,NA
"3800","sq560","E6",0.0001055944,"E6","TM2 23E1","TM","External",23,1.016192,0.102,0,FALSE,"Bacteria","Verrucomicrobiota","Verrucomicrobiae","Methylacidiphilales","Methylacidiphilaceae",NA,NA,NA
"3801","sq198","E4",0.0001053418,"E4","TM2 22E1","TM","External",22,1.310616,0.595,NA,FALSE,"Bacteria","Bacteroidota","Bacteroidia","Bacteroidales","ML635J-40 aquatic group",NA,NA,NA
"3802","sq2280","E4",0.0001053418,"E4","TM2 22E1","TM","External",22,1.310616,0.595,NA,FALSE,"Bacteria","Proteobacteria","Gammaproteobacteria","Ectothiorhodospirales","Thioalkalispiraceae",NA,NA,NA
"3803","sq2645","E4",0.0001053418,"E4","TM2 22E1","TM","External",22,1.310616,0.595,NA,FALSE,"Bacteria","Proteobacteria","Gammaproteobacteria","Pseudomonadales","Spongiibacteraceae",NA,NA,NA
"3804","sq3931","E4",0.0001053418,"E4","TM2 22E1","TM","External",22,1.310616,0.595,NA,FALSE,"Bacteria","Bacteroidota","Bacteroidia","Sphingobacteriales","SBYC-2600",NA,NA,NA
"3805","sq165","D12",0.0001050776,"D12","SB4 5E1","SB","External",5,0.8975208,0.4,0,FALSE,"Bacteria","Proteobacteria","Gammaproteobacteria","Chromatiales","Sedimenticolaceae",NA,NA,NA
"3806","sq393","D12",0.0001050776,"D12","SB4 5E1","SB","External",5,0.8975208,0.4,0,FALSE,"Bacteria","Proteobacteria","Gammaproteobacteria","Burkholderiales","Nitrosomonadaceae",NA,NA,NA
"3807","sq1599","D12",0.0001050776,"D12","SB4 5E1","SB","External",5,0.8975208,0.4,0,FALSE,"Bacteria","Myxococcota","Polyangia","Polyangiales","BIrii41",NA,NA,NA
"3808","sq165","D2",0.0001049267,"D2","SB3 1E2","SB","External",1,0.9945908,NA,0,FALSE,"Bacteria","Proteobacteria","Gammaproteobacteria","Chromatiales","Sedimenticolaceae",NA,NA,NA
"3809","sq2355","D2",0.0001049267,"D2","SB3 1E2","SB","External",1,0.9945908,NA,0,FALSE,"Bacteria","Verrucomicrobiota","Lentisphaeria","Victivallales","BD2-3",NA,NA,NA
"3810","sq3330","D2",0.0001049267,"D2","SB3 1E2","SB","External",1,0.9945908,NA,0,FALSE,"Bacteria","Fibrobacterota","Fibrobacteria","Fibrobacterales","SBYZ-1017",NA,NA,NA
"3811","sq418","D2",0.0001049267,"D2","SB3 1E2","SB","External",1,0.9945908,NA,0,FALSE,"Bacteria","Planctomycetota","Phycisphaerae","Phycisphaerales","AKAU3564 sediment group",NA,NA,NA
"3812","sq2158","D2",0.0001049267,"D2","SB3 1E2","SB","External",1,0.9945908,NA,0,FALSE,"Bacteria","Actinobacteriota","Acidimicrobiia","Microtrichales","Microtrichaceae",NA,NA,NA
"3813","sq280","D1",0.0001047491,"D1","SB3 1N1 ","SB","Internal",1,1.016766,NA,0,FALSE,"Bacteria","Proteobacteria","Alphaproteobacteria","Defluviicoccales","Defluviicoccaceae",NA,NA,NA
"3814","sq2088","D4",0.0001046413,"D4","SB3 2E1","SB","External",2,0.6529851,0.136,NA,FALSE,"Bacteria","Proteobacteria","Alphaproteobacteria","Rhizobiales","Beijerinckiaceae",NA,NA,NA
"3815","sq2193","D4",0.0001046413,"D4","SB3 2E1","SB","External",2,0.6529851,0.136,NA,FALSE,"Bacteria","Campylobacterota","Campylobacteria","Campylobacterales","Rs-M59 termite group",NA,NA,NA
"3816","sq2951","D4",0.0001046413,"D4","SB3 2E1","SB","External",2,0.6529851,0.136,NA,FALSE,"Bacteria","Verrucomicrobiota","Chlamydiae","Chlamydiales","Chlamydiaceae",NA,NA,NA
"3817","sq3076","D4",0.0001046413,"D4","SB3 2E1","SB","External",2,0.6529851,0.136,NA,FALSE,"Bacteria","Bacteroidota","Bacteroidia","Cytophagales","Bernardetiaceae",NA,NA,NA
"3818","sq391","D4",0.0001046413,"D4","SB3 2E1","SB","External",2,0.6529851,0.136,NA,FALSE,"Bacteria","Proteobacteria","Gammaproteobacteria","Beggiatoales","Beggiatoaceae",NA,NA,NA
"3819","sq1730","E11",0.0001036957,"E11","TM3 28N1","TM","Internal",28,1.477156,2.427,0.039,FALSE,"Bacteria","Planctomycetota","Phycisphaerae","MSBL9","KCLunmb-38-53",NA,NA,NA
"3820","sq3215","E11",0.0001036957,"E11","TM3 28N1","TM","Internal",28,1.477156,2.427,0.039,FALSE,"Bacteria","Proteobacteria","Alphaproteobacteria","Rickettsiales","SM2D12",NA,NA,NA
"3821","sq4777","E11",0.0001036957,"E11","TM3 28N1","TM","Internal",28,1.477156,2.427,0.039,FALSE,"Bacteria","Fibrobacterota","Fibrobacteria","Fibrobacterales","SBXY-748",NA,NA,NA
"3822","sq578","E11",0.0001036957,"E11","TM3 28N1","TM","Internal",28,1.477156,2.427,0.039,FALSE,"Bacteria","Fibrobacterota","Fibrobacteria","Fibrobacterales","Fibrobacteraceae",NA,NA,NA
"3823","sq378","E3",0.0001033184,"E3","TM2 22N1","TM","Internal",22,1.027042,1.612,NA,FALSE,"Bacteria","Proteobacteria","Gammaproteobacteria","Enterobacterales","Pseudoalteromonadaceae",NA,NA,NA
"3824","sq3921","E3",0.0001033184,"E3","TM2 22N1","TM","Internal",22,1.027042,1.612,NA,FALSE,"Bacteria","Proteobacteria","Gammaproteobacteria","Diplorickettsiales","Diplorickettsiaceae",NA,NA,NA
"3825","sq7337","E3",0.0001033184,"E3","TM2 22N1","TM","Internal",22,1.027042,1.612,NA,FALSE,"Bacteria","Proteobacteria","Gammaproteobacteria","Ectothiorhodospirales","Acidihalobacteraceae",NA,NA,NA
"3826","sq1300","D3",0.0001023681,"D3","SB3 2N1","SB","Internal",2,0.7753723,0.11,NA,FALSE,"Bacteria","Deferrisomatota","Defferrisomatia","Defferrisomatales","Defferrisomataceae",NA,NA,NA
"3827","sq210","D3",0.0001023681,"D3","SB3 2N1","SB","Internal",2,0.7753723,0.11,NA,FALSE,"Bacteria","Calditrichota","Calditrichia","Calditrichales","Calditrichaceae",NA,NA,NA
"3828","sq4266","D3",0.0001023681,"D3","SB3 2N1","SB","Internal",2,0.7753723,0.11,NA,FALSE,"Bacteria","Bacteroidota","Bacteroidia","Sphingobacteriales","LiUU-11-161",NA,NA,NA
"3829","sq5222","D3",0.0001023681,"D3","SB3 2N1","SB","Internal",2,0.7753723,0.11,NA,FALSE,"Bacteria","Verrucomicrobiota","Verrucomicrobiae","Verrucomicrobiales","Verrucomicrobiaceae",NA,NA,NA
"3830","sq953","D3",0.0001023681,"D3","SB3 2N1","SB","Internal",2,0.7753723,0.11,NA,FALSE,"Bacteria","Bdellovibrionota","Oligoflexia","Silvanigrellales","Silvanigrellaceae",NA,NA,NA
"3831","sq3076","D7",0.0001021829,"D7","SB4 3N1","SB","Internal",3,0.9474643,NA,0,FALSE,"Bacteria","Bacteroidota","Bacteroidia","Cytophagales","Bernardetiaceae",NA,NA,NA
"3832","sq405","D7",0.0001021829,"D7","SB4 3N1","SB","Internal",3,0.9474643,NA,0,FALSE,"Bacteria","Firmicutes","Bacilli","Izemoplasmatales","Izemoplasmataceae",NA,NA,NA
"3833","sq4372","D7",0.0001021829,"D7","SB4 3N1","SB","Internal",3,0.9474643,NA,0,FALSE,"Bacteria","Firmicutes","Clostridia","Peptostreptococcales-Tissierellales","Caminicellaceae",NA,NA,NA
"3834","sq7161","D7",0.0001021829,"D7","SB4 3N1","SB","Internal",3,0.9474643,NA,0,FALSE,"Bacteria","Proteobacteria","Alphaproteobacteria","Tistrellales","Tistrellaceae",NA,NA,NA
"3835","sq7443","D7",0.0001021829,"D7","SB4 3N1","SB","Internal",3,0.9474643,NA,0,FALSE,"Bacteria","Proteobacteria","Gammaproteobacteria","Salinisphaerales","Algiphilaceae",NA,NA,NA
"3836","sq9623","D7",0.0001021829,"D7","SB4 3N1","SB","Internal",3,0.9474643,NA,0,FALSE,"Bacteria","Actinobacteriota","Thermoleophilia","Solirubrobacterales","67-14",NA,NA,NA
"3837","sq11898","D5",0.0001016871,"D5","SB3 3N1","SB","Internal",3,0.4562304,0,0,FALSE,"Bacteria","Verrucomicrobiota","Chlamydiae","Chlamydiales","Parachlamydiaceae",NA,NA,NA
"3838","sq989","D5",0.0001016871,"D5","SB3 3N1","SB","Internal",3,0.4562304,0,0,FALSE,"Bacteria","Myxococcota","Polyangia","Haliangiales","Haliangiaceae",NA,NA,NA
"3839","sq171","E9",0.0001002991,"E9","TM3 27N1","TM","Internal",27,1.647955,2.235,NA,FALSE,"Bacteria","Fibrobacterota","Fibrobacteria","Fibrobacterales","MAT-CR-H6-H10",NA,NA,NA
"3840","sq2581","E9",0.0001002991,"E9","TM3 27N1","TM","Internal",27,1.647955,2.235,NA,FALSE,"Bacteria","Cyanobacteria","Cyanobacteriia","Thermosynechococcales","Thermosynechococcaceae",NA,NA,NA
"3841","sq5869","E9",0.0001002991,"E9","TM3 27N1","TM","Internal",27,1.647955,2.235,NA,FALSE,"Bacteria","Proteobacteria","Alphaproteobacteria","Parvibaculales","Parvibaculaceae",NA,NA,NA
"3842","sq8014","E9",0.0001002991,"E9","TM3 27N1","TM","Internal",27,1.647955,2.235,NA,FALSE,"Bacteria","Cyanobacteria","Cyanobacteriia","Synechococcales","Prochlorotrichaceae",NA,NA,NA
"3843","sq2536","E10",0.0001002448,"E10","TM3 27E1","TM","External",27,0.830019,0.233,NA,FALSE,"Bacteria","Planctomycetota","Planctomycetes","Gemmatales","Gemmataceae",NA,NA,NA
"3844","sq2938","E10",0.0001002448,"E10","TM3 27E1","TM","External",27,0.830019,0.233,NA,FALSE,"Bacteria","Proteobacteria","Gammaproteobacteria","Francisellales","Francisellaceae",NA,NA,NA
"3845","sq7337","E10",0.0001002448,"E10","TM3 27E1","TM","External",27,0.830019,0.233,NA,FALSE,"Bacteria","Proteobacteria","Gammaproteobacteria","Ectothiorhodospirales","Acidihalobacteraceae",NA,NA,NA
"3846","sq1254","D6",0.0001001432,"D6","SB3 3E1","SB","External",3,0.7111695,0.121,0,FALSE,"Bacteria","Proteobacteria","Gammaproteobacteria","Competibacterales","Competibacteraceae",NA,NA,NA
"3847","sq2497","D11",0.0001001232,"D11","SB4 5N1","SB","Internal",5,1.132759,0.701,0,FALSE,"Bacteria","Latescibacterota","Latescibacteria","Latescibacterales","Latescibacteraceae",NA,NA,NA
"3848","sq251","D11",0.0001001232,"D11","SB4 5N1","SB","Internal",5,1.132759,0.701,0,FALSE,"Bacteria","Proteobacteria","Gammaproteobacteria","Pseudomonadales","Pseudomonadaceae",NA,NA,NA
"3849","sq8025","D11",0.0001001232,"D11","SB4 5N1","SB","Internal",5,1.132759,0.701,0,FALSE,"Bacteria","Proteobacteria","Gammaproteobacteria","Burkholderiales","TRA3-20",NA,NA,NA
"3850","sq2522","E12",9.882009e-05,"E12","TM3 28E1","TM","External",28,1.516085,1.023,0,FALSE,"Bacteria","Bacteroidota","Ignavibacteria","Ignavibacteriales","PHOS-HE36",NA,NA,NA
"3851","sq3643","E12",9.882009e-05,"E12","TM3 28E1","TM","External",28,1.516085,1.023,0,FALSE,"Bacteria","Planctomycetota","Phycisphaerae","MSBL9","SM23-30",NA,NA,NA
"3852","sq4825","E12",9.882009e-05,"E12","TM3 28E1","TM","External",28,1.516085,1.023,0,FALSE,"Bacteria","Fibrobacterota","Fibrobacteria","Fibrobacterales","Candidatus Raymondbacteria",NA,NA,NA
"3853","sq9098","E12",9.882009e-05,"E12","TM3 28E1","TM","External",28,1.516085,1.023,0,FALSE,"Bacteria","Proteobacteria","Alphaproteobacteria","SAR11 clade","Clade II",NA,NA,NA
"3854","sq2088","D1",9.820224e-05,"D1","SB3 1N1 ","SB","Internal",1,1.016766,NA,0,FALSE,"Bacteria","Proteobacteria","Alphaproteobacteria","Rhizobiales","Beijerinckiaceae",NA,NA,NA
"3855","sq5842","D1",9.820224e-05,"D1","SB3 1N1 ","SB","Internal",1,1.016766,NA,0,FALSE,"Bacteria","Armatimonadota","Fimbriimonadia","Fimbriimonadales","Fimbriimonadaceae",NA,NA,NA
"3856","sq11768","D1",9.820224e-05,"D1","SB3 1N1 ","SB","Internal",1,1.016766,NA,0,FALSE,"Bacteria","Fibrobacterota","Fibrobacteria","Fibrobacterales","B122",NA,NA,NA
"3857","sq1841","D9",9.810013e-05,"D9","SB4 4N1","SB","Internal",4,1.337103,1.856,NA,FALSE,"Bacteria","Desulfobacterota","Desulfuromonadia","Desulfuromonadales","Desulfuromonadaceae",NA,NA,NA
"3858","sq2644","D9",9.810013e-05,"D9","SB4 4N1","SB","Internal",4,1.337103,1.856,NA,FALSE,"Bacteria","Proteobacteria","Gammaproteobacteria","Burkholderiales","Comamonadaceae",NA,NA,NA
"3859","sq269","D9",9.810013e-05,"D9","SB4 4N1","SB","Internal",4,1.337103,1.856,NA,FALSE,"Bacteria","Desulfobacterota","Desulfuromonadia","Desulfuromonadales","Sva1033",NA,NA,NA
"3860","sq4446","D9",9.810013e-05,"D9","SB4 4N1","SB","Internal",4,1.337103,1.856,NA,FALSE,"Bacteria","Proteobacteria","Alphaproteobacteria","Kiloniellales","Fodinicurvataceae",NA,NA,NA
"3861","sq7869","D9",9.810013e-05,"D9","SB4 4N1","SB","Internal",4,1.337103,1.856,NA,FALSE,"Bacteria","Proteobacteria","Alphaproteobacteria","Rickettsiales","Fokiniaceae",NA,NA,NA
"3862","sq12011","E2",9.785334e-05,"E2","TM2 21E1","TM","External",21,3.767123,NA,0,FALSE,"Bacteria","Firmicutes","Bacilli","Mycoplasmatales","Mycoplasmataceae",NA,NA,NA
"3863","sq1338","E2",9.785334e-05,"E2","TM2 21E1","TM","External",21,3.767123,NA,0,FALSE,"Bacteria","Proteobacteria","Gammaproteobacteria","Pseudomonadales","P13-46",NA,NA,NA
"3864","sq2138","E2",9.785334e-05,"E2","TM2 21E1","TM","External",21,3.767123,NA,0,FALSE,"Bacteria","Cloacimonadota","Cloacimonadia","Cloacimonadales","MSBL8",NA,NA,NA
"3865","sq4562","E2",9.785334e-05,"E2","TM2 21E1","TM","External",21,3.767123,NA,0,FALSE,"Bacteria","Proteobacteria","Gammaproteobacteria","Salinisphaerales","Solimonadaceae",NA,NA,NA
"3866","sq821","E2",9.785334e-05,"E2","TM2 21E1","TM","External",21,3.767123,NA,0,FALSE,"Bacteria","Bacteroidota","Bacteroidia","Flavobacteriales","NS9 marine group",NA,NA,NA
"3867","sq98","E2",9.785334e-05,"E2","TM2 21E1","TM","External",21,3.767123,NA,0,FALSE,"Bacteria","Proteobacteria","Gammaproteobacteria","Pseudomonadales","Alcanivoracaceae1",NA,NA,NA
"3868","sq1324","D10",9.780429e-05,"D10","SB4 4E1","SB","External",4,0.9473753,0.459,NA,FALSE,"Bacteria","Planctomycetota","Phycisphaerae","MSBL9","4572-13",NA,NA,NA
"3869","sq251","D10",9.780429e-05,"D10","SB4 4E1","SB","External",4,0.9473753,0.459,NA,FALSE,"Bacteria","Proteobacteria","Gammaproteobacteria","Pseudomonadales","Pseudomonadaceae",NA,NA,NA
"3870","sq3554","D10",9.780429e-05,"D10","SB4 4E1","SB","External",4,0.9473753,0.459,NA,FALSE,"Bacteria","Nitrospirota","Nitrospiria","Nitrospirales","Nitrospiraceae",NA,NA,NA
"3871","sq4359","D10",9.780429e-05,"D10","SB4 4E1","SB","External",4,0.9473753,0.459,NA,FALSE,"Bacteria","Proteobacteria","Alphaproteobacteria","Thalassobaculales","Thalassobaculaceae",NA,NA,NA
"3872","sq7184","D10",9.780429e-05,"D10","SB4 4E1","SB","External",4,0.9473753,0.459,NA,FALSE,"Bacteria","Firmicutes","Clostridia","Clostridiales","Clostridiaceae",NA,NA,NA
"3873","sq7329","D10",9.780429e-05,"D10","SB4 4E1","SB","External",4,0.9473753,0.459,NA,FALSE,"Bacteria","Chloroflexi","Chloroflexia","Thermomicrobiales","AKYG1722",NA,NA,NA
"3874","sq2047","E7",9.705628e-05,"E7","TM3 26N1","TM","Internal",26,1.910828,NA,0.056,FALSE,"Bacteria","Proteobacteria","Gammaproteobacteria","Pseudomonadales","OM182 clade",NA,NA,NA
"3875","sq2359","E7",9.705628e-05,"E7","TM3 26N1","TM","Internal",26,1.910828,NA,0.056,FALSE,"Bacteria","Proteobacteria","Gammaproteobacteria","Enterobacterales","Kangiellaceae",NA,NA,NA
"3876","sq75","E7",9.705628e-05,"E7","TM3 26N1","TM","Internal",26,1.910828,NA,0.056,FALSE,"Bacteria","Acidobacteriota","Holophagae","Acanthopleuribacterales","Acanthopleuribacteraceae",NA,NA,NA
"3877","sq9020","E7",9.705628e-05,"E7","TM3 26N1","TM","Internal",26,1.910828,NA,0.056,FALSE,"Bacteria","Spirochaetota","Brevinematia","Brevinematales","Brevinemataceae",NA,NA,NA
"3878","sq9963","E7",9.705628e-05,"E7","TM3 26N1","TM","Internal",26,1.910828,NA,0.056,FALSE,"Bacteria","Fibrobacterota","Chitinivibrionia","Chitinivibrionales","Chitinivibrionaceae",NA,NA,NA
"3879","sq2644","D2",9.685543e-05,"D2","SB3 1E2","SB","External",1,0.9945908,NA,0,FALSE,"Bacteria","Proteobacteria","Gammaproteobacteria","Burkholderiales","Comamonadaceae",NA,NA,NA
"3880","sq391","D2",9.685543e-05,"D2","SB3 1E2","SB","External",1,0.9945908,NA,0,FALSE,"Bacteria","Proteobacteria","Gammaproteobacteria","Beggiatoales","Beggiatoaceae",NA,NA,NA
"3881","sq8296","D2",9.685543e-05,"D2","SB3 1E2","SB","External",1,0.9945908,NA,0,FALSE,"Bacteria","Proteobacteria","Magnetococcia","Magnetococcales","Magnetococcaceae",NA,NA,NA
"3882","sq985","D2",9.685543e-05,"D2","SB3 1E2","SB","External",1,0.9945908,NA,0,FALSE,"Bacteria","Firmicutes","Clostridia","Christensenellales","Christensenellaceae",NA,NA,NA
"3883","sq2415","E4",9.576526e-05,"E4","TM2 22E1","TM","External",22,1.310616,0.595,NA,FALSE,"Bacteria","Desulfobacterota","Desulfobacteria","Desulfobacterales","Desulfolunaceae",NA,NA,NA
"3884","sq2951","E4",9.576526e-05,"E4","TM2 22E1","TM","External",22,1.310616,0.595,NA,FALSE,"Bacteria","Verrucomicrobiota","Chlamydiae","Chlamydiales","Chlamydiaceae",NA,NA,NA
"3885","sq3237","E4",9.576526e-05,"E4","TM2 22E1","TM","External",22,1.310616,0.595,NA,FALSE,"Bacteria","Desulfobacterota","Desulfuromonadia","Desulfuromonadales","Geothermobacteraceae",NA,NA,NA
"3886","sq3360","E4",9.576526e-05,"E4","TM2 22E1","TM","External",22,1.310616,0.595,NA,FALSE,"Bacteria","Firmicutes","Clostridia","Peptostreptococcales-Tissierellales","Peptostreptococcaceae",NA,NA,NA
"3887","sq1046","E5",9.575059e-05,"E5","TM2 23N1","TM","Internal",23,1.04109,0.484,0,FALSE,"Bacteria","Firmicutes","Clostridia","Peptostreptococcales-Tissierellales","Fusibacteraceae",NA,NA,NA
"3888","sq11060","E5",9.575059e-05,"E5","TM2 23N1","TM","Internal",23,1.04109,0.484,0,FALSE,"Bacteria","Proteobacteria","Alphaproteobacteria","Caedibacterales","Caedibacteraceae",NA,NA,NA
"3889","sq10884","D4",9.512847e-05,"D4","SB3 2E1","SB","External",2,0.6529851,0.136,NA,FALSE,"Bacteria","Proteobacteria","Gammaproteobacteria","Pseudomonadales","Oceanospirillaceae",NA,NA,NA
"3890","sq1860","D4",9.512847e-05,"D4","SB3 2E1","SB","External",2,0.6529851,0.136,NA,FALSE,"Bacteria","Bacteroidota","Bacteroidia","Chitinophagales","Chitinophagaceae",NA,NA,NA
"3891","sq2536","E6",9.503495e-05,"E6","TM2 23E1","TM","External",23,1.016192,0.102,0,FALSE,"Bacteria","Planctomycetota","Planctomycetes","Gemmatales","Gemmataceae",NA,NA,NA
"3892","sq3213","E6",9.503495e-05,"E6","TM2 23E1","TM","External",23,1.016192,0.102,0,FALSE,"Bacteria","Proteobacteria","Alphaproteobacteria","Rickettsiales","AB1",NA,NA,NA
"3893","sq4679","E6",9.503495e-05,"E6","TM2 23E1","TM","External",23,1.016192,0.102,0,FALSE,"Bacteria","Fibrobacterota","Fibrobacteria","Fibrobacterales","SBYC",NA,NA,NA
"3894","sq393","E8",9.45403e-05,"E8","TM3 26E1","TM","External",26,1.169005,NA,0.034,FALSE,"Bacteria","Proteobacteria","Gammaproteobacteria","Burkholderiales","Nitrosomonadaceae",NA,NA,NA
"3895","sq578","E8",9.45403e-05,"E8","TM3 26E1","TM","External",26,1.169005,NA,0.034,FALSE,"Bacteria","Fibrobacterota","Fibrobacteria","Fibrobacterales","Fibrobacteraceae",NA,NA,NA
"3896","sq8303","E8",9.45403e-05,"E8","TM3 26E1","TM","External",26,1.169005,NA,0.034,FALSE,"Bacteria","Proteobacteria","Gammaproteobacteria","Enterobacterales","Idiomarinaceae",NA,NA,NA
"3897","sq8451","E8",9.45403e-05,"E8","TM3 26E1","TM","External",26,1.169005,NA,0.034,FALSE,"Bacteria","Campylobacterota","Campylobacteria","Campylobacterales","Sulfurospirillaceae",NA,NA,NA
"3898","sq2645","D8",9.397361e-05,"D8","SB4 3E1","SB","External",3,0.7979979,NA,0,FALSE,"Bacteria","Proteobacteria","Gammaproteobacteria","Pseudomonadales","Spongiibacteraceae",NA,NA,NA
"3899","sq6244","D8",9.397361e-05,"D8","SB4 3E1","SB","External",3,0.7979979,NA,0,FALSE,"Bacteria","Verrucomicrobiota","Lentisphaeria","Victivallales","Arctic95B-14",NA,NA,NA
"3900","sq3467","E3",9.392582e-05,"E3","TM2 22N1","TM","Internal",22,1.027042,1.612,NA,FALSE,"Bacteria","Bacteroidota","Bacteroidia","Bacteroidales","Marinilabiliaceae",NA,NA,NA
"3901","sq1010","D12",9.34023e-05,"D12","SB4 5E1","SB","External",5,0.8975208,0.4,0,FALSE,"Bacteria","Proteobacteria","Alphaproteobacteria","Rhizobiales","Methyloligellaceae",NA,NA,NA
"3902","sq405","D12",9.34023e-05,"D12","SB4 5E1","SB","External",5,0.8975208,0.4,0,FALSE,"Bacteria","Firmicutes","Bacilli","Izemoplasmatales","Izemoplasmataceae",NA,NA,NA
"3903","sq4899","D12",9.34023e-05,"D12","SB4 5E1","SB","External",5,0.8975208,0.4,0,FALSE,"Bacteria","Desulfobacterota","Desulfuromonadia","Bradymonadales","Bradymonadaceae",NA,NA,NA
"3904","sq997","D12",9.34023e-05,"D12","SB4 5E1","SB","External",5,0.8975208,0.4,0,FALSE,"Bacteria","Verrucomicrobiota","Lentisphaeria","Oligosphaerales","Lenti-02",NA,NA,NA
"3905","sq1518","E11",9.332614e-05,"E11","TM3 28N1","TM","Internal",28,1.477156,2.427,0.039,FALSE,"Bacteria","Planctomycetota","Planctomycetes","Planctomycetales","Schlesneriaceae",NA,NA,NA
"3906","sq4084","E11",9.332614e-05,"E11","TM3 28N1","TM","Internal",28,1.477156,2.427,0.039,FALSE,"Bacteria","Verrucomicrobiota","Chlamydiae","Chlamydiales","Simkaniaceae",NA,NA,NA
"3907","sq2047","D5",9.24428e-05,"D5","SB3 3N1","SB","Internal",3,0.4562304,0,0,FALSE,"Bacteria","Proteobacteria","Gammaproteobacteria","Pseudomonadales","OM182 clade",NA,NA,NA
"3908","sq3047","D5",9.24428e-05,"D5","SB3 3N1","SB","Internal",3,0.4562304,0,0,FALSE,"Bacteria","Proteobacteria","Gammaproteobacteria","Pseudomonadales","211ds20",NA,NA,NA
"3909","sq4359","D5",9.24428e-05,"D5","SB3 3N1","SB","Internal",3,0.4562304,0,0,FALSE,"Bacteria","Proteobacteria","Alphaproteobacteria","Thalassobaculales","Thalassobaculaceae",NA,NA,NA
"3910","sq3699","E10",9.189103e-05,"E10","TM3 27E1","TM","External",27,0.830019,0.233,NA,FALSE,"Bacteria","Proteobacteria","Gammaproteobacteria","Pseudomonadales","MBAE14",NA,NA,NA
"3911","sq6126","E10",9.189103e-05,"E10","TM3 27E1","TM","External",27,0.830019,0.233,NA,FALSE,"Bacteria","Firmicutes","Clostridia","Peptostreptococcales-Tissierellales","GoM-GC232-4463-Bac1",NA,NA,NA
"3912","sq65","E10",9.189103e-05,"E10","TM3 27E1","TM","External",27,0.830019,0.233,NA,FALSE,"Bacteria","Cyanobacteria","Cyanobacteriia","Cyanobacteriales","Oscillatoriaceae",NA,NA,NA
"3913","sq9343","E10",9.189103e-05,"E10","TM3 27E1","TM","External",27,0.830019,0.233,NA,FALSE,"Bacteria","Verrucomicrobiota","Omnitrophia","Omnitrophales","koll11",NA,NA,NA
"3914","sq1316","D1",9.165543e-05,"D1","SB3 1N1 ","SB","Internal",1,1.016766,NA,0,FALSE,"Bacteria","Firmicutes","Clostridia","Lachnospirales","Lachnospiraceae",NA,NA,NA
"3915","sq3790","D1",9.165543e-05,"D1","SB3 1N1 ","SB","Internal",1,1.016766,NA,0,FALSE,"Bacteria","Planctomycetota","Planctomycetes","Isosphaerales","Isosphaeraceae",NA,NA,NA
"3916","sq4446","E9",9.118098e-05,"E9","TM3 27N1","TM","Internal",27,1.647955,2.235,NA,FALSE,"Bacteria","Proteobacteria","Alphaproteobacteria","Kiloniellales","Fodinicurvataceae",NA,NA,NA
"3917","sq446","E9",9.118098e-05,"E9","TM3 27N1","TM","Internal",27,1.647955,2.235,NA,FALSE,"Bacteria","Campylobacterota","Campylobacteria","Campylobacterales","Arcobacteraceae",NA,NA,NA
"3918","sq534","E9",9.118098e-05,"E9","TM3 27N1","TM","Internal",27,1.647955,2.235,NA,FALSE,"Bacteria","Cyanobacteria","Cyanobacteriia","Cyanobacteriales","Paraspirulinaceae",NA,NA,NA
"3919","sq9343","E9",9.118098e-05,"E9","TM3 27N1","TM","Internal",27,1.647955,2.235,NA,FALSE,"Bacteria","Verrucomicrobiota","Omnitrophia","Omnitrophales","koll11",NA,NA,NA
"3920","sq1719","D3",9.099388e-05,"D3","SB3 2N1","SB","Internal",2,0.7753723,0.11,NA,FALSE,"Bacteria","Actinobacteriota","Acidimicrobiia","Microtrichales","Ilumatobacteraceae",NA,NA,NA
"3921","sq3001","D3",9.099388e-05,"D3","SB3 2N1","SB","Internal",2,0.7753723,0.11,NA,FALSE,"Bacteria","Proteobacteria","Gammaproteobacteria","Coxiellales","Coxiellaceae",NA,NA,NA
"3922","sq4084","D3",9.099388e-05,"D3","SB3 2N1","SB","Internal",2,0.7753723,0.11,NA,FALSE,"Bacteria","Verrucomicrobiota","Chlamydiae","Chlamydiales","Simkaniaceae",NA,NA,NA
"3923","sq4117","D3",9.099388e-05,"D3","SB3 2N1","SB","Internal",2,0.7753723,0.11,NA,FALSE,"Bacteria","Proteobacteria","Alphaproteobacteria","Rhizobiales","C2U",NA,NA,NA
"3924","sq1818","D6",9.012888e-05,"D6","SB3 3E1","SB","External",3,0.7111695,0.121,0,FALSE,"Bacteria","Chloroflexi","Anaerolineae","Caldilineales","Caldilineaceae",NA,NA,NA
"3925","sq2415","D6",9.012888e-05,"D6","SB3 3E1","SB","External",3,0.7111695,0.121,0,FALSE,"Bacteria","Desulfobacterota","Desulfobacteria","Desulfobacterales","Desulfolunaceae",NA,NA,NA
"3926","sq2951","D6",9.012888e-05,"D6","SB3 3E1","SB","External",3,0.7111695,0.121,0,FALSE,"Bacteria","Verrucomicrobiota","Chlamydiae","Chlamydiales","Chlamydiaceae",NA,NA,NA
"3927","sq4006","D6",9.012888e-05,"D6","SB3 3E1","SB","External",3,0.7111695,0.121,0,FALSE,"Bacteria","Dependentiae","Babeliae","Babeliales","Vermiphilaceae",NA,NA,NA
"3928","sq1473","D11",9.011084e-05,"D11","SB4 5N1","SB","Internal",5,1.132759,0.701,0,FALSE,"Bacteria","Bacteroidota","Bacteroidia","Sphingobacteriales","Lentimicrobiaceae",NA,NA,NA
"3929","sq3554","D11",9.011084e-05,"D11","SB4 5N1","SB","Internal",5,1.132759,0.701,0,FALSE,"Bacteria","Nitrospirota","Nitrospiria","Nitrospirales","Nitrospiraceae",NA,NA,NA
"3930","sq3731","D11",9.011084e-05,"D11","SB4 5N1","SB","Internal",5,1.132759,0.701,0,FALSE,"Bacteria","Cyanobacteria","Cyanobacteriia","Cyanobacteriales","Xenococcaceae",NA,NA,NA
"3931","sq4899","D11",9.011084e-05,"D11","SB4 5N1","SB","Internal",5,1.132759,0.701,0,FALSE,"Bacteria","Desulfobacterota","Desulfuromonadia","Bradymonadales","Bradymonadaceae",NA,NA,NA
"3932","sq902","D11",9.011084e-05,"D11","SB4 5N1","SB","Internal",5,1.132759,0.701,0,FALSE,"Bacteria","Proteobacteria","Gammaproteobacteria","Pseudomonadales","Nitrincolaceae",NA,NA,NA
"3933","sq985","D11",9.011084e-05,"D11","SB4 5N1","SB","Internal",5,1.132759,0.701,0,FALSE,"Bacteria","Firmicutes","Clostridia","Christensenellales","Christensenellaceae",NA,NA,NA
"3934","sq170","D9",8.992512e-05,"D9","SB4 4N1","SB","Internal",4,1.337103,1.856,NA,FALSE,"Bacteria","Desulfobacterota","Desulfobacteria","Desulfatiglandales","Desulfatiglandaceae",NA,NA,NA
"3935","sq4084","D9",8.992512e-05,"D9","SB4 4N1","SB","Internal",4,1.337103,1.856,NA,FALSE,"Bacteria","Verrucomicrobiota","Chlamydiae","Chlamydiales","Simkaniaceae",NA,NA,NA
"3936","sq7443","D9",8.992512e-05,"D9","SB4 4N1","SB","Internal",4,1.337103,1.856,NA,FALSE,"Bacteria","Proteobacteria","Gammaproteobacteria","Salinisphaerales","Algiphilaceae",NA,NA,NA
"3937","sq997","D9",8.992512e-05,"D9","SB4 4N1","SB","Internal",4,1.337103,1.856,NA,FALSE,"Bacteria","Verrucomicrobiota","Lentisphaeria","Oligosphaerales","Lenti-02",NA,NA,NA
"3938","sq2355","D10",8.965394e-05,"D10","SB4 4E1","SB","External",4,0.9473753,0.459,NA,FALSE,"Bacteria","Verrucomicrobiota","Lentisphaeria","Victivallales","BD2-3",NA,NA,NA
"3939","sq4446","D10",8.965394e-05,"D10","SB4 4E1","SB","External",4,0.9473753,0.459,NA,FALSE,"Bacteria","Proteobacteria","Alphaproteobacteria","Kiloniellales","Fodinicurvataceae",NA,NA,NA
"3940","sq4927","D10",8.965394e-05,"D10","SB4 4E1","SB","External",4,0.9473753,0.459,NA,FALSE,"Bacteria","Gemmatimonadota","Gemmatimonadetes","Gemmatimonadales","Gemmatimonadaceae",NA,NA,NA
"3941","sq10583","D7",8.941002e-05,"D7","SB4 3N1","SB","Internal",3,0.9474643,NA,0,FALSE,"Bacteria","Firmicutes","Clostridia","Clostridiales","Caloramatoraceae",NA,NA,NA
"3942","sq171","D7",8.941002e-05,"D7","SB4 3N1","SB","Internal",3,0.9474643,NA,0,FALSE,"Bacteria","Fibrobacterota","Fibrobacteria","Fibrobacterales","MAT-CR-H6-H10",NA,NA,NA
"3943","sq2046","D7",8.941002e-05,"D7","SB4 3N1","SB","Internal",3,0.9474643,NA,0,FALSE,"Bacteria","Fibrobacterota","Fibrobacteria","Fibrobacterales","TG3",NA,NA,NA
"3944","sq2247","D7",8.941002e-05,"D7","SB4 3N1","SB","Internal",3,0.9474643,NA,0,FALSE,"Bacteria","Firmicutes","Bacilli","Brevibacillales","Brevibacillaceae",NA,NA,NA
"3945","sq3738","D7",8.941002e-05,"D7","SB4 3N1","SB","Internal",3,0.9474643,NA,0,FALSE,"Bacteria","Bacteroidota","Bacteroidia","Sphingobacteriales","NS11-12 marine group",NA,NA,NA
"3946","sq4181","D7",8.941002e-05,"D7","SB4 3N1","SB","Internal",3,0.9474643,NA,0,FALSE,"Bacteria","Firmicutes","Bacilli","Alicyclobacillales","Alicyclobacillaceae",NA,NA,NA
"3947","sq713","D7",8.941002e-05,"D7","SB4 3N1","SB","Internal",3,0.9474643,NA,0,FALSE,"Bacteria","Cyanobacteria","Cyanobacteriia","Synechococcales","Cyanobiaceae",NA,NA,NA
"3948","sq2054","E12",8.893808e-05,"E12","TM3 28E1","TM","External",28,1.516085,1.023,0,FALSE,"Bacteria","Halanaerobiaeota","Halanaerobiia","Halanaerobiales","Halobacteroidaceae",NA,NA,NA
"3949","sq2193","E12",8.893808e-05,"E12","TM3 28E1","TM","External",28,1.516085,1.023,0,FALSE,"Bacteria","Campylobacterota","Campylobacteria","Campylobacterales","Rs-M59 termite group",NA,NA,NA
"3950","sq2355","E12",8.893808e-05,"E12","TM3 28E1","TM","External",28,1.516085,1.023,0,FALSE,"Bacteria","Verrucomicrobiota","Lentisphaeria","Victivallales","BD2-3",NA,NA,NA
"3951","sq1794","D2",8.878414e-05,"D2","SB3 1E2","SB","External",1,0.9945908,NA,0,FALSE,"Bacteria","Desulfobacterota","Desulfarculia","Desulfarculales","Desulfarculaceae",NA,NA,NA
"3952","sq1860","D2",8.878414e-05,"D2","SB3 1E2","SB","External",1,0.9945908,NA,0,FALSE,"Bacteria","Bacteroidota","Bacteroidia","Chitinophagales","Chitinophagaceae",NA,NA,NA
"3953","sq251","D2",8.878414e-05,"D2","SB3 1E2","SB","External",1,0.9945908,NA,0,FALSE,"Bacteria","Proteobacteria","Gammaproteobacteria","Pseudomonadales","Pseudomonadaceae",NA,NA,NA
"3954","sq2581","D2",8.878414e-05,"D2","SB3 1E2","SB","External",1,0.9945908,NA,0,FALSE,"Bacteria","Cyanobacteria","Cyanobacteriia","Thermosynechococcales","Thermosynechococcaceae",NA,NA,NA
"3955","sq4825","E7",8.735065e-05,"E7","TM3 26N1","TM","Internal",26,1.910828,NA,0.056,FALSE,"Bacteria","Fibrobacterota","Fibrobacteria","Fibrobacterales","Candidatus Raymondbacteria",NA,NA,NA
"3956","sq5032","E7",8.735065e-05,"E7","TM3 26N1","TM","Internal",26,1.910828,NA,0.056,FALSE,"Bacteria","Desulfobacterota","Desulfomonilia","Desulfomonilales","Desulfomonilaceae",NA,NA,NA
"3957","sq6126","E7",8.735065e-05,"E7","TM3 26N1","TM","Internal",26,1.910828,NA,0.056,FALSE,"Bacteria","Firmicutes","Clostridia","Peptostreptococcales-Tissierellales","GoM-GC232-4463-Bac1",NA,NA,NA
"3958","sq7304","E7",8.735065e-05,"E7","TM3 26N1","TM","Internal",26,1.910828,NA,0.056,FALSE,"Bacteria","Fusobacteriota","Fusobacteriia","Fusobacteriales","Leptotrichiaceae",NA,NA,NA
"3959","sq731","E7",8.735065e-05,"E7","TM3 26N1","TM","Internal",26,1.910828,NA,0.056,FALSE,"Bacteria","Myxococcota","Polyangia","Polyangiales","Eel-36e1D6",NA,NA,NA
"3960","sq14847","E1",8.722452e-05,"E1","TM2 21N1","TM","Internal",21,0.6326758,NA,0,FALSE,"Bacteria","Firmicutes","Bacilli","Lactobacillales","Streptococcaceae",NA,NA,NA
"3961","sq2046","E1",8.722452e-05,"E1","TM2 21N1","TM","Internal",21,0.6326758,NA,0,FALSE,"Bacteria","Fibrobacterota","Fibrobacteria","Fibrobacterales","TG3",NA,NA,NA
"3962","sq2293","E1",8.722452e-05,"E1","TM2 21N1","TM","Internal",21,0.6326758,NA,0,FALSE,"Bacteria","Thermotogota","Thermotogae","Petrotogales","Petrotogaceae",NA,NA,NA
"3963","sq4927","E4",8.618873e-05,"E4","TM2 22E1","TM","External",22,1.310616,0.595,NA,FALSE,"Bacteria","Gemmatimonadota","Gemmatimonadetes","Gemmatimonadales","Gemmatimonadaceae",NA,NA,NA
"3964","sq560","E4",8.618873e-05,"E4","TM2 22E1","TM","External",22,1.310616,0.595,NA,FALSE,"Bacteria","Verrucomicrobiota","Verrucomicrobiae","Methylacidiphilales","Methylacidiphilaceae",NA,NA,NA
"3965","sq731","E4",8.618873e-05,"E4","TM2 22E1","TM","External",22,1.310616,0.595,NA,FALSE,"Bacteria","Myxococcota","Polyangia","Polyangiales","Eel-36e1D6",NA,NA,NA
"3966","sq10002","E2",8.562167e-05,"E2","TM2 21E1","TM","External",21,3.767123,NA,0,FALSE,"Bacteria","Proteobacteria","Gammaproteobacteria","Pseudomonadales","Gven-F17",NA,NA,NA
"3967","sq12509","E2",8.562167e-05,"E2","TM2 21E1","TM","External",21,3.767123,NA,0,FALSE,"Bacteria","Actinobacteriota","Actinobacteria","Euzebyales","Euzebyaceae",NA,NA,NA
"3968","sq3699","E2",8.562167e-05,"E2","TM2 21E1","TM","External",21,3.767123,NA,0,FALSE,"Bacteria","Proteobacteria","Gammaproteobacteria","Pseudomonadales","MBAE14",NA,NA,NA
"3969","sq3921","E2",8.562167e-05,"E2","TM2 21E1","TM","External",21,3.767123,NA,0,FALSE,"Bacteria","Proteobacteria","Gammaproteobacteria","Diplorickettsiales","Diplorickettsiaceae",NA,NA,NA
"3970","sq2114","D4",8.561562e-05,"D4","SB3 2E1","SB","External",2,0.6529851,0.136,NA,FALSE,"Bacteria","Planctomycetota","Phycisphaerae","MSBL9","SG8-4",NA,NA,NA
"3971","sq3921","D4",8.561562e-05,"D4","SB3 2E1","SB","External",2,0.6529851,0.136,NA,FALSE,"Bacteria","Proteobacteria","Gammaproteobacteria","Diplorickettsiales","Diplorickettsiaceae",NA,NA,NA
"3972","sq4117","D4",8.561562e-05,"D4","SB3 2E1","SB","External",2,0.6529851,0.136,NA,FALSE,"Bacteria","Proteobacteria","Alphaproteobacteria","Rhizobiales","C2U",NA,NA,NA
"3973","sq7691","D4",8.561562e-05,"D4","SB3 2E1","SB","External",2,0.6529851,0.136,NA,FALSE,"Bacteria","Verrucomicrobiota","Verrucomicrobiae","Opitutales","Opitutaceae",NA,NA,NA
"3974","sq2634","D4",8.561562e-05,"D4","SB3 2E1","SB","External",2,0.6529851,0.136,NA,FALSE,"Bacteria","Proteobacteria","Gammaproteobacteria","Legionellales","Legionellaceae",NA,NA,NA
"3975","sq1410","D1",8.510861e-05,"D1","SB3 1N1 ","SB","Internal",1,1.016766,NA,0,FALSE,"Bacteria","Cyanobacteria","Cyanobacteriia","Leptolyngbyales","Leptolyngbyaceae",NA,NA,NA
"3976","sq2644","D1",8.510861e-05,"D1","SB3 1N1 ","SB","Internal",1,1.016766,NA,0,FALSE,"Bacteria","Proteobacteria","Gammaproteobacteria","Burkholderiales","Comamonadaceae",NA,NA,NA
"3977","sq6328","D1",8.510861e-05,"D1","SB3 1N1 ","SB","Internal",1,1.016766,NA,0,FALSE,"Bacteria","Firmicutes","Clostridia","Monoglobales","Monoglobaceae",NA,NA,NA
"3978","sq7662","D1",8.510861e-05,"D1","SB3 1N1 ","SB","Internal",1,1.016766,NA,0,FALSE,"Bacteria","Proteobacteria","Gammaproteobacteria","Cardiobacteriales","Cardiobacteriaceae",NA,NA,NA
"3979","sq4927","E3",8.453324e-05,"E3","TM2 22N1","TM","Internal",22,1.027042,1.612,NA,FALSE,"Bacteria","Gemmatimonadota","Gemmatimonadetes","Gemmatimonadales","Gemmatimonadaceae",NA,NA,NA
"3980","sq1766","E6",8.447551e-05,"E6","TM2 23E1","TM","External",23,1.016192,0.102,0,FALSE,"Bacteria","Fermentibacterota","Fermentibacteria","Fermentibacterales","Fermentibacteraceae",NA,NA,NA
"3981","sq5217","E6",8.447551e-05,"E6","TM2 23E1","TM","External",23,1.016192,0.102,0,FALSE,"Bacteria","Dependentiae","Babeliae","Babeliales","UBA12409",NA,NA,NA
"3982","sq4689","E10",8.35373e-05,"E10","TM3 27E1","TM","External",27,0.830019,0.233,NA,FALSE,"Bacteria","Proteobacteria","Gammaproteobacteria","Enterobacterales","Psychromonadaceae",NA,NA,NA
"3983","sq4899","E10",8.35373e-05,"E10","TM3 27E1","TM","External",27,0.830019,0.233,NA,FALSE,"Bacteria","Desulfobacterota","Desulfuromonadia","Bradymonadales","Bradymonadaceae",NA,NA,NA
"3984","sq9072","E10",8.35373e-05,"E10","TM3 27E1","TM","External",27,0.830019,0.233,NA,FALSE,"Bacteria","Acidobacteriota","Acidobacteriae","Bryobacterales","Bryobacteraceae",NA,NA,NA
"3985","sq1300","D5",8.319852e-05,"D5","SB3 3N1","SB","Internal",3,0.4562304,0,0,FALSE,"Bacteria","Deferrisomatota","Defferrisomatia","Defferrisomatales","Defferrisomataceae",NA,NA,NA
"3986","sq2823","D5",8.319852e-05,"D5","SB3 3N1","SB","Internal",3,0.4562304,0,0,FALSE,"Bacteria","Proteobacteria","Alphaproteobacteria","Rhizobiales","Stappiaceae",NA,NA,NA
"3987","sq3486","D5",8.319852e-05,"D5","SB3 3N1","SB","Internal",3,0.4562304,0,0,FALSE,"Bacteria","Firmicutes","Clostridia","Peptococcales","Peptococcaceae",NA,NA,NA
"3988","sq6474","D5",8.319852e-05,"D5","SB3 3N1","SB","Internal",3,0.4562304,0,0,FALSE,"Bacteria","Fibrobacterota","Fibrobacteria","Fibrobacterales","B5-096",NA,NA,NA
"3989","sq2415","E11",8.295657e-05,"E11","TM3 28N1","TM","Internal",28,1.477156,2.427,0.039,FALSE,"Bacteria","Desulfobacterota","Desulfobacteria","Desulfobacterales","Desulfolunaceae",NA,NA,NA
"3990","sq3486","E8",8.272276e-05,"E8","TM3 26E1","TM","External",26,1.169005,NA,0.034,FALSE,"Bacteria","Firmicutes","Clostridia","Peptococcales","Peptococcaceae",NA,NA,NA
"3991","sq3630","E8",8.272276e-05,"E8","TM3 26E1","TM","External",26,1.169005,NA,0.034,FALSE,"Bacteria","Proteobacteria","Alphaproteobacteria","Parvibaculales","PS1 clade",NA,NA,NA
"3992","sq3793","E8",8.272276e-05,"E8","TM3 26E1","TM","External",26,1.169005,NA,0.034,FALSE,"Bacteria","Firmicutes","Clostridia","Lachnospirales","Defluviitaleaceae",NA,NA,NA
"3993","sq6364","E8",8.272276e-05,"E8","TM3 26E1","TM","External",26,1.169005,NA,0.034,FALSE,"Bacteria","Verrucomicrobiota","Lentisphaeria","Victivallales","PRD18C08",NA,NA,NA
"3994","sq9020","E8",8.272276e-05,"E8","TM3 26E1","TM","External",26,1.169005,NA,0.034,FALSE,"Bacteria","Spirochaetota","Brevinematia","Brevinematales","Brevinemataceae",NA,NA,NA
"3995","sq4927","E9",8.206288e-05,"E9","TM3 27N1","TM","Internal",27,1.647955,2.235,NA,FALSE,"Bacteria","Gemmatimonadota","Gemmatimonadetes","Gemmatimonadales","Gemmatimonadaceae",NA,NA,NA
"3996","sq1518","D9",8.175011e-05,"D9","SB4 4N1","SB","Internal",4,1.337103,1.856,NA,FALSE,"Bacteria","Planctomycetota","Planctomycetes","Planctomycetales","Schlesneriaceae",NA,NA,NA
"3997","sq2415","D9",8.175011e-05,"D9","SB4 4N1","SB","Internal",4,1.337103,1.856,NA,FALSE,"Bacteria","Desulfobacterota","Desulfobacteria","Desulfobacterales","Desulfolunaceae",NA,NA,NA
"3998","sq7662","D9",8.175011e-05,"D9","SB4 4N1","SB","Internal",4,1.337103,1.856,NA,FALSE,"Bacteria","Proteobacteria","Gammaproteobacteria","Cardiobacteriales","Cardiobacteriaceae",NA,NA,NA
"3999","sq1473","D12",8.172701e-05,"D12","SB4 5E1","SB","External",5,0.8975208,0.4,0,FALSE,"Bacteria","Bacteroidota","Bacteroidia","Sphingobacteriales","Lentimicrobiaceae",NA,NA,NA
"4000","sq1719","D12",8.172701e-05,"D12","SB4 5E1","SB","External",5,0.8975208,0.4,0,FALSE,"Bacteria","Actinobacteriota","Acidimicrobiia","Microtrichales","Ilumatobacteraceae",NA,NA,NA
"4001","sq3076","D12",8.172701e-05,"D12","SB4 5E1","SB","External",5,0.8975208,0.4,0,FALSE,"Bacteria","Bacteroidota","Bacteroidia","Cytophagales","Bernardetiaceae",NA,NA,NA
"4002","sq11898","D10",8.150358e-05,"D10","SB4 4E1","SB","External",4,0.9473753,0.459,NA,FALSE,"Bacteria","Verrucomicrobiota","Chlamydiae","Chlamydiales","Parachlamydiaceae",NA,NA,NA
"4003","sq6474","D10",8.150358e-05,"D10","SB4 4E1","SB","External",4,0.9473753,0.459,NA,FALSE,"Bacteria","Fibrobacterota","Fibrobacteria","Fibrobacterales","B5-096",NA,NA,NA
"4004","sq210","D2",8.071286e-05,"D2","SB3 1E2","SB","External",1,0.9945908,NA,0,FALSE,"Bacteria","Calditrichota","Calditrichia","Calditrichales","Calditrichaceae",NA,NA,NA
"4005","sq5842","D2",8.071286e-05,"D2","SB3 1E2","SB","External",1,0.9945908,NA,0,FALSE,"Bacteria","Armatimonadota","Fimbriimonadia","Fimbriimonadales","Fimbriimonadaceae",NA,NA,NA
"4006","sq5869","D2",8.071286e-05,"D2","SB3 1E2","SB","External",1,0.9945908,NA,0,FALSE,"Bacteria","Proteobacteria","Alphaproteobacteria","Parvibaculales","Parvibaculaceae",NA,NA,NA
"4007","sq6007","D2",8.071286e-05,"D2","SB3 1E2","SB","External",1,0.9945908,NA,0,FALSE,"Bacteria","Proteobacteria","Alphaproteobacteria","Rickettsiales","Candidatus Jidaibacter",NA,NA,NA
"4008","sq6244","D2",8.071286e-05,"D2","SB3 1E2","SB","External",1,0.9945908,NA,0,FALSE,"Bacteria","Verrucomicrobiota","Lentisphaeria","Victivallales","Arctic95B-14",NA,NA,NA
"4009","sq12897","D8",8.054881e-05,"D8","SB4 3E1","SB","External",3,0.7979979,NA,0,FALSE,"Bacteria","Proteobacteria","Gammaproteobacteria","Enterobacterales","Shewanellaceae",NA,NA,NA
"4010","sq3001","D8",8.054881e-05,"D8","SB4 3E1","SB","External",3,0.7979979,NA,0,FALSE,"Bacteria","Proteobacteria","Gammaproteobacteria","Coxiellales","Coxiellaceae",NA,NA,NA
"4011","sq3699","D8",8.054881e-05,"D8","SB4 3E1","SB","External",3,0.7979979,NA,0,FALSE,"Bacteria","Proteobacteria","Gammaproteobacteria","Pseudomonadales","MBAE14",NA,NA,NA
"4012","sq4266","D8",8.054881e-05,"D8","SB4 3E1","SB","External",3,0.7979979,NA,0,FALSE,"Bacteria","Bacteroidota","Bacteroidia","Sphingobacteriales","LiUU-11-161",NA,NA,NA
"4013","sq4899","D8",8.054881e-05,"D8","SB4 3E1","SB","External",3,0.7979979,NA,0,FALSE,"Bacteria","Desulfobacterota","Desulfuromonadia","Bradymonadales","Bradymonadaceae",NA,NA,NA
"4014","sq4927","D8",8.054881e-05,"D8","SB4 3E1","SB","External",3,0.7979979,NA,0,FALSE,"Bacteria","Gemmatimonadota","Gemmatimonadetes","Gemmatimonadales","Gemmatimonadaceae",NA,NA,NA
"4015","sq6023","D8",8.054881e-05,"D8","SB4 3E1","SB","External",3,0.7979979,NA,0,FALSE,"Bacteria","Bacteroidota","Bacteroidia","Cytophagales","Microscillaceae",NA,NA,NA
"4016","sq8303","D8",8.054881e-05,"D8","SB4 3E1","SB","External",3,0.7979979,NA,0,FALSE,"Bacteria","Proteobacteria","Gammaproteobacteria","Enterobacterales","Idiomarinaceae",NA,NA,NA
"4017","sq2644","D6",8.011456e-05,"D6","SB3 3E1","SB","External",3,0.7111695,0.121,0,FALSE,"Bacteria","Proteobacteria","Gammaproteobacteria","Burkholderiales","Comamonadaceae",NA,NA,NA
"4018","sq4266","D6",8.011456e-05,"D6","SB3 3E1","SB","External",3,0.7111695,0.121,0,FALSE,"Bacteria","Bacteroidota","Bacteroidia","Sphingobacteriales","LiUU-11-161",NA,NA,NA
"4019","sq7662","D6",8.011456e-05,"D6","SB3 3E1","SB","External",3,0.7111695,0.121,0,FALSE,"Bacteria","Proteobacteria","Gammaproteobacteria","Cardiobacteriales","Cardiobacteriaceae",NA,NA,NA
"4020","sq12008","D11",8.009852e-05,"D11","SB4 5N1","SB","Internal",5,1.132759,0.701,0,FALSE,"Bacteria","Dependentiae","Babeliae","Babeliales","Babeliaceae",NA,NA,NA
"4021","sq1324","D11",8.009852e-05,"D11","SB4 5N1","SB","Internal",5,1.132759,0.701,0,FALSE,"Bacteria","Planctomycetota","Phycisphaerae","MSBL9","4572-13",NA,NA,NA
"4022","sq1792","D11",8.009852e-05,"D11","SB4 5N1","SB","Internal",5,1.132759,0.701,0,FALSE,"Bacteria","Bacteroidota","Bacteroidia","Bacteroidales","Salinivirgaceae",NA,NA,NA
"4023","sq2355","D11",8.009852e-05,"D11","SB4 5N1","SB","Internal",5,1.132759,0.701,0,FALSE,"Bacteria","Verrucomicrobiota","Lentisphaeria","Victivallales","BD2-3",NA,NA,NA
"4024","sq5842","D11",8.009852e-05,"D11","SB4 5N1","SB","Internal",5,1.132759,0.701,0,FALSE,"Bacteria","Armatimonadota","Fimbriimonadia","Fimbriimonadales","Fimbriimonadaceae",NA,NA,NA
"4025","sq2158","D3",7.961965e-05,"D3","SB3 2N1","SB","Internal",2,0.7753723,0.11,NA,FALSE,"Bacteria","Actinobacteriota","Acidimicrobiia","Microtrichales","Microtrichaceae",NA,NA,NA
"4026","sq11981","E12",7.905607e-05,"E12","TM3 28E1","TM","External",28,1.516085,1.023,0,FALSE,"Bacteria","Actinobacteriota","Actinobacteria","Propionibacteriales","Propionibacteriaceae",NA,NA,NA
"4027","sq2722","E12",7.905607e-05,"E12","TM3 28E1","TM","External",28,1.516085,1.023,0,FALSE,"Bacteria","Verrucomicrobiota","Verrucomicrobiae","Chthoniobacterales","01D2Z36",NA,NA,NA
"4028","sq3486","E12",7.905607e-05,"E12","TM3 28E1","TM","External",28,1.516085,1.023,0,FALSE,"Bacteria","Firmicutes","Clostridia","Peptococcales","Peptococcaceae",NA,NA,NA
"4029","sq4372","E12",7.905607e-05,"E12","TM3 28E1","TM","External",28,1.516085,1.023,0,FALSE,"Bacteria","Firmicutes","Clostridia","Peptostreptococcales-Tissierellales","Caminicellaceae",NA,NA,NA
"4030","sq6474","E12",7.905607e-05,"E12","TM3 28E1","TM","External",28,1.516085,1.023,0,FALSE,"Bacteria","Fibrobacterota","Fibrobacteria","Fibrobacterales","B5-096",NA,NA,NA
"4031","sq1766","D1",7.85618e-05,"D1","SB3 1N1 ","SB","Internal",1,1.016766,NA,0,FALSE,"Bacteria","Fermentibacterota","Fermentibacteria","Fermentibacterales","Fermentibacteraceae",NA,NA,NA
"4032","sq2503","D1",7.85618e-05,"D1","SB3 1N1 ","SB","Internal",1,1.016766,NA,0,FALSE,"Bacteria","Firmicutes","Bacilli","Bacillales","Bacillaceae",NA,NA,NA
"4033","sq2814","D1",7.85618e-05,"D1","SB3 1N1 ","SB","Internal",1,1.016766,NA,0,FALSE,"Bacteria","Verrucomicrobiota","Lentisphaeria","Oligosphaerales","Oligosphaeraceae",NA,NA,NA
"4034","sq4562","D1",7.85618e-05,"D1","SB3 1N1 ","SB","Internal",1,1.016766,NA,0,FALSE,"Bacteria","Proteobacteria","Gammaproteobacteria","Salinisphaerales","Solimonadaceae",NA,NA,NA
"4035","sq2037","E7",7.764503e-05,"E7","TM3 26N1","TM","Internal",26,1.910828,NA,0.056,FALSE,"Bacteria","Acidobacteriota","Blastocatellia","Blastocatellales","Blastocatellaceae",NA,NA,NA
"4036","sq3921","E7",7.764503e-05,"E7","TM3 26N1","TM","Internal",26,1.910828,NA,0.056,FALSE,"Bacteria","Proteobacteria","Gammaproteobacteria","Diplorickettsiales","Diplorickettsiaceae",NA,NA,NA
"4037","sq1410","D7",7.663716e-05,"D7","SB4 3N1","SB","Internal",3,0.9474643,NA,0,FALSE,"Bacteria","Cyanobacteria","Cyanobacteriia","Leptolyngbyales","Leptolyngbyaceae",NA,NA,NA
"4038","sq1792","D7",7.663716e-05,"D7","SB4 3N1","SB","Internal",3,0.9474643,NA,0,FALSE,"Bacteria","Bacteroidota","Bacteroidia","Bacteroidales","Salinivirgaceae",NA,NA,NA
"4039","sq3213","D7",7.663716e-05,"D7","SB4 3N1","SB","Internal",3,0.9474643,NA,0,FALSE,"Bacteria","Proteobacteria","Alphaproteobacteria","Rickettsiales","AB1",NA,NA,NA
"4040","sq3554","D7",7.663716e-05,"D7","SB4 3N1","SB","Internal",3,0.9474643,NA,0,FALSE,"Bacteria","Nitrospirota","Nitrospiria","Nitrospirales","Nitrospiraceae",NA,NA,NA
"4041","sq4891","D7",7.663716e-05,"D7","SB4 3N1","SB","Internal",3,0.9474643,NA,0,FALSE,"Bacteria","Proteobacteria","Gammaproteobacteria","Pseudomonadales","Moraxellaceae",NA,NA,NA
"4042","sq8303","D7",7.663716e-05,"D7","SB4 3N1","SB","Internal",3,0.9474643,NA,0,FALSE,"Bacteria","Proteobacteria","Gammaproteobacteria","Enterobacterales","Idiomarinaceae",NA,NA,NA
"4043","sq12050","E4",7.661221e-05,"E4","TM2 22E1","TM","External",22,1.310616,0.595,NA,FALSE,"Bacteria","Verrucomicrobiota","Lentisphaeria","Victivallales","SBYX-4944",NA,NA,NA
"4044","sq1518","E4",7.661221e-05,"E4","TM2 22E1","TM","External",22,1.310616,0.595,NA,FALSE,"Bacteria","Planctomycetota","Planctomycetes","Planctomycetales","Schlesneriaceae",NA,NA,NA
"4045","sq2634","E4",7.661221e-05,"E4","TM2 22E1","TM","External",22,1.310616,0.595,NA,FALSE,"Bacteria","Proteobacteria","Gammaproteobacteria","Legionellales","Legionellaceae",NA,NA,NA
"4046","sq3738","E4",7.661221e-05,"E4","TM2 22E1","TM","External",22,1.310616,0.595,NA,FALSE,"Bacteria","Bacteroidota","Bacteroidia","Sphingobacteriales","NS11-12 marine group",NA,NA,NA
"4047","sq9072","E4",7.661221e-05,"E4","TM2 22E1","TM","External",22,1.310616,0.595,NA,FALSE,"Bacteria","Acidobacteriota","Acidobacteriae","Bryobacterales","Bryobacteraceae",NA,NA,NA
"4048","sq14416","E5",7.660047e-05,"E5","TM2 23N1","TM","Internal",23,1.04109,0.484,0,FALSE,"Bacteria","Verrucomicrobiota","Lentisphaeria","Lentisphaerales","Lentisphaeraceae",NA,NA,NA
"4049","sq2536","E5",7.660047e-05,"E5","TM2 23N1","TM","Internal",23,1.04109,0.484,0,FALSE,"Bacteria","Planctomycetota","Planctomycetes","Gemmatales","Gemmataceae",NA,NA,NA
"4050","sq3216","E5",7.660047e-05,"E5","TM2 23N1","TM","Internal",23,1.04109,0.484,0,FALSE,"Bacteria","Nitrospinota","Nitrospinia","Nitrospinales","Nitrospinaceae",NA,NA,NA
"4051","sq3486","E5",7.660047e-05,"E5","TM2 23N1","TM","Internal",23,1.04109,0.484,0,FALSE,"Bacteria","Firmicutes","Clostridia","Peptococcales","Peptococcaceae",NA,NA,NA
"4052","sq6","E5",7.660047e-05,"E5","TM2 23N1","TM","Internal",23,1.04109,0.484,0,FALSE,"Bacteria","Cyanobacteria","Cyanobacteriia","Cyanobacteriales","Desertifilaceae",NA,NA,NA
"4053","sq9621","E5",7.660047e-05,"E5","TM2 23N1","TM","Internal",23,1.04109,0.484,0,FALSE,"Bacteria","Bacteroidota","Bacteroidia","Flavobacteriales","NS7 marine group",NA,NA,NA
"4054","sq4535","D4",7.610278e-05,"D4","SB3 2E1","SB","External",2,0.6529851,0.136,NA,FALSE,"Bacteria","Proteobacteria","Alphaproteobacteria","Rickettsiales","Rickettsiaceae",NA,NA,NA
"4055","sq7662","D4",7.610278e-05,"D4","SB3 2E1","SB","External",2,0.6529851,0.136,NA,FALSE,"Bacteria","Proteobacteria","Gammaproteobacteria","Cardiobacteriales","Cardiobacteriaceae",NA,NA,NA
"4056","sq12955","E10",7.518357e-05,"E10","TM3 27E1","TM","External",27,0.830019,0.233,NA,FALSE,"Bacteria","Patescibacteria","Saccharimonadia","Saccharimonadales","LWQ8",NA,NA,NA
"4057","sq1414","E10",7.518357e-05,"E10","TM3 27E1","TM","External",27,0.830019,0.233,NA,FALSE,"Bacteria","Cyanobacteria","Cyanobacteriia","Cyanobacteriales","Geitlerinemaceae",NA,NA,NA
"4058","sq2330","E10",7.518357e-05,"E10","TM3 27E1","TM","External",27,0.830019,0.233,NA,FALSE,"Bacteria","Planctomycetota","Phycisphaerae","MSBL9","ST-NAGAB-D1",NA,NA,NA
"4059","sq4825","E10",7.518357e-05,"E10","TM3 27E1","TM","External",27,0.830019,0.233,NA,FALSE,"Bacteria","Fibrobacterota","Fibrobacteria","Fibrobacterales","Candidatus Raymondbacteria",NA,NA,NA
"4060","sq5593","E10",7.518357e-05,"E10","TM3 27E1","TM","External",27,0.830019,0.233,NA,FALSE,"Bacteria","Bacteroidota","Bacteroidia","Bacteroidales","Rs-E47 termite group",NA,NA,NA
"4061","sq6","E10",7.518357e-05,"E10","TM3 27E1","TM","External",27,0.830019,0.233,NA,FALSE,"Bacteria","Cyanobacteria","Cyanobacteriia","Cyanobacteriales","Desertifilaceae",NA,NA,NA
"4062","sq9623","E10",7.518357e-05,"E10","TM3 27E1","TM","External",27,0.830019,0.233,NA,FALSE,"Bacteria","Actinobacteriota","Thermoleophilia","Solirubrobacterales","67-14",NA,NA,NA
"4063","sq222","E3",7.514065e-05,"E3","TM2 22N1","TM","Internal",22,1.027042,1.612,NA,FALSE,"Bacteria","Proteobacteria","Gammaproteobacteria","Enterobacterales","Vibrionaceae",NA,NA,NA
"4064","sq2516","E3",7.514065e-05,"E3","TM2 22N1","TM","Internal",22,1.027042,1.612,NA,FALSE,"Bacteria","Proteobacteria","Gammaproteobacteria","Pseudomonadales","Porticoccaceae",NA,NA,NA
"4065","sq7329","E3",7.514065e-05,"E3","TM2 22N1","TM","Internal",22,1.027042,1.612,NA,FALSE,"Bacteria","Chloroflexi","Chloroflexia","Thermomicrobiales","AKYG1722",NA,NA,NA
"4066","sq11814","D5",7.395424e-05,"D5","SB3 3N1","SB","Internal",3,0.4562304,0,0,FALSE,"Bacteria","Firmicutes","Bacilli","Acholeplasmatales","Acholeplasmataceae",NA,NA,NA
"4067","sq11835","D5",7.395424e-05,"D5","SB3 3N1","SB","Internal",3,0.4562304,0,0,FALSE,"Bacteria","Verrucomicrobiota","Lentisphaeria","Victivallales","SBZC-4624",NA,NA,NA
"4068","sq1518","D5",7.395424e-05,"D5","SB3 3N1","SB","Internal",3,0.4562304,0,0,FALSE,"Bacteria","Planctomycetota","Planctomycetes","Planctomycetales","Schlesneriaceae",NA,NA,NA
"4069","sq1557","D5",7.395424e-05,"D5","SB3 3N1","SB","Internal",3,0.4562304,0,0,FALSE,"Bacteria","Bacteroidota","Ignavibacteria","Ignavibacteriales","Ignavibacteriaceae",NA,NA,NA
"4070","sq2536","D5",7.395424e-05,"D5","SB3 3N1","SB","Internal",3,0.4562304,0,0,FALSE,"Bacteria","Planctomycetota","Planctomycetes","Gemmatales","Gemmataceae",NA,NA,NA
"4071","sq2722","D5",7.395424e-05,"D5","SB3 3N1","SB","Internal",3,0.4562304,0,0,FALSE,"Bacteria","Verrucomicrobiota","Verrucomicrobiae","Chthoniobacterales","01D2Z36",NA,NA,NA
"4072","sq4117","D5",7.395424e-05,"D5","SB3 3N1","SB","Internal",3,0.4562304,0,0,FALSE,"Bacteria","Proteobacteria","Alphaproteobacteria","Rhizobiales","C2U",NA,NA,NA
"4073","sq5593","D5",7.395424e-05,"D5","SB3 3N1","SB","Internal",3,0.4562304,0,0,FALSE,"Bacteria","Bacteroidota","Bacteroidia","Bacteroidales","Rs-E47 termite group",NA,NA,NA
"4074","sq5842","D5",7.395424e-05,"D5","SB3 3N1","SB","Internal",3,0.4562304,0,0,FALSE,"Bacteria","Armatimonadota","Fimbriimonadia","Fimbriimonadales","Fimbriimonadaceae",NA,NA,NA
"4075","sq9020","D5",7.395424e-05,"D5","SB3 3N1","SB","Internal",3,0.4562304,0,0,FALSE,"Bacteria","Spirochaetota","Brevinematia","Brevinematales","Brevinemataceae",NA,NA,NA
"4076","sq2047","E6",7.391607e-05,"E6","TM2 23E1","TM","External",23,1.016192,0.102,0,FALSE,"Bacteria","Proteobacteria","Gammaproteobacteria","Pseudomonadales","OM182 clade",NA,NA,NA
"4077","sq2193","E6",7.391607e-05,"E6","TM2 23E1","TM","External",23,1.016192,0.102,0,FALSE,"Bacteria","Campylobacterota","Campylobacteria","Campylobacterales","Rs-M59 termite group",NA,NA,NA
"4078","sq4372","E6",7.391607e-05,"E6","TM2 23E1","TM","External",23,1.016192,0.102,0,FALSE,"Bacteria","Firmicutes","Clostridia","Peptostreptococcales-Tissierellales","Caminicellaceae",NA,NA,NA
"4079","sq2814","D9",7.35751e-05,"D9","SB4 4N1","SB","Internal",4,1.337103,1.856,NA,FALSE,"Bacteria","Verrucomicrobiota","Lentisphaeria","Oligosphaerales","Oligosphaeraceae",NA,NA,NA
"4080","sq3213","D9",7.35751e-05,"D9","SB4 4N1","SB","Internal",4,1.337103,1.856,NA,FALSE,"Bacteria","Proteobacteria","Alphaproteobacteria","Rickettsiales","AB1",NA,NA,NA
"4081","sq3467","E2",7.339001e-05,"E2","TM2 21E1","TM","External",21,3.767123,NA,0,FALSE,"Bacteria","Bacteroidota","Bacteroidia","Bacteroidales","Marinilabiliaceae",NA,NA,NA
"4082","sq4117","E2",7.339001e-05,"E2","TM2 21E1","TM","External",21,3.767123,NA,0,FALSE,"Bacteria","Proteobacteria","Alphaproteobacteria","Rhizobiales","C2U",NA,NA,NA
"4083","sq6244","E2",7.339001e-05,"E2","TM2 21E1","TM","External",21,3.767123,NA,0,FALSE,"Bacteria","Verrucomicrobiota","Lentisphaeria","Victivallales","Arctic95B-14",NA,NA,NA
"4084","sq11256","D10",7.335322e-05,"D10","SB4 4E1","SB","External",4,0.9473753,0.459,NA,FALSE,"Bacteria","Actinobacteriota","Actinobacteria","Micrococcales","Intrasporangiaceae",NA,NA,NA
"4085","sq2722","D10",7.335322e-05,"D10","SB4 4E1","SB","External",4,0.9473753,0.459,NA,FALSE,"Bacteria","Verrucomicrobiota","Verrucomicrobiae","Chthoniobacterales","01D2Z36",NA,NA,NA
"4086","sq14416","E9",7.294478e-05,"E9","TM3 27N1","TM","Internal",27,1.647955,2.235,NA,FALSE,"Bacteria","Verrucomicrobiota","Lentisphaeria","Lentisphaerales","Lentisphaeraceae",NA,NA,NA
"4087","sq2454","D2",7.264157e-05,"D2","SB3 1E2","SB","External",1,0.9945908,NA,0,FALSE,"Bacteria","Proteobacteria","Alphaproteobacteria","Alphaproteobacteria Incertae Sedis","Unknown Family",NA,NA,NA
"4088","sq2938","D2",7.264157e-05,"D2","SB3 1E2","SB","External",1,0.9945908,NA,0,FALSE,"Bacteria","Proteobacteria","Gammaproteobacteria","Francisellales","Francisellaceae",NA,NA,NA
"4089","sq3001","D2",7.264157e-05,"D2","SB3 1E2","SB","External",1,0.9945908,NA,0,FALSE,"Bacteria","Proteobacteria","Gammaproteobacteria","Coxiellales","Coxiellaceae",NA,NA,NA
"4090","sq5217","D2",7.264157e-05,"D2","SB3 1E2","SB","External",1,0.9945908,NA,0,FALSE,"Bacteria","Dependentiae","Babeliae","Babeliales","UBA12409",NA,NA,NA
"4091","sq3486","E11",7.2587e-05,"E11","TM3 28N1","TM","Internal",28,1.477156,2.427,0.039,FALSE,"Bacteria","Firmicutes","Clostridia","Peptococcales","Peptococcaceae",NA,NA,NA
"4092","sq560","E11",7.2587e-05,"E11","TM3 28N1","TM","Internal",28,1.477156,2.427,0.039,FALSE,"Bacteria","Verrucomicrobiota","Verrucomicrobiae","Methylacidiphilales","Methylacidiphilaceae",NA,NA,NA
"4093","sq6137","E11",7.2587e-05,"E11","TM3 28N1","TM","Internal",28,1.477156,2.427,0.039,FALSE,"Bacteria","Proteobacteria","Alphaproteobacteria","SAR11 clade","Clade I",NA,NA,NA
"4094","sq8451","E11",7.2587e-05,"E11","TM3 28N1","TM","Internal",28,1.477156,2.427,0.039,FALSE,"Bacteria","Campylobacterota","Campylobacteria","Campylobacterales","Sulfurospirillaceae",NA,NA,NA
"4095","sq9261","D1",7.201498e-05,"D1","SB3 1N1 ","SB","Internal",1,1.016766,NA,0,FALSE,"Bacteria","Proteobacteria","Alphaproteobacteria","Thalassobaculales","Nisaeaceae",NA,NA,NA
"4096","sq13163","E8",7.090522e-05,"E8","TM3 26E1","TM","External",26,1.169005,NA,0.034,FALSE,"Bacteria","Deferribacterota","Deferribacteres","Deferribacterales","Deferribacteraceae",NA,NA,NA
"4097","sq1338","E8",7.090522e-05,"E8","TM3 26E1","TM","External",26,1.169005,NA,0.034,FALSE,"Bacteria","Proteobacteria","Gammaproteobacteria","Pseudomonadales","P13-46",NA,NA,NA
"4098","sq3215","E8",7.090522e-05,"E8","TM3 26E1","TM","External",26,1.169005,NA,0.034,FALSE,"Bacteria","Proteobacteria","Alphaproteobacteria","Rickettsiales","SM2D12",NA,NA,NA
"4099","sq5217","E8",7.090522e-05,"E8","TM3 26E1","TM","External",26,1.169005,NA,0.034,FALSE,"Bacteria","Dependentiae","Babeliae","Babeliales","UBA12409",NA,NA,NA
"4100","sq731","E8",7.090522e-05,"E8","TM3 26E1","TM","External",26,1.169005,NA,0.034,FALSE,"Bacteria","Myxococcota","Polyangia","Polyangiales","Eel-36e1D6",NA,NA,NA
"4101","sq1300","D6",7.010024e-05,"D6","SB3 3E1","SB","External",3,0.7111695,0.121,0,FALSE,"Bacteria","Deferrisomatota","Defferrisomatia","Defferrisomatales","Defferrisomataceae",NA,NA,NA
"4102","sq4562","D6",7.010024e-05,"D6","SB3 3E1","SB","External",3,0.7111695,0.121,0,FALSE,"Bacteria","Proteobacteria","Gammaproteobacteria","Salinisphaerales","Solimonadaceae",NA,NA,NA
"4103","sq405","D11",7.008621e-05,"D11","SB4 5N1","SB","Internal",5,1.132759,0.701,0,FALSE,"Bacteria","Firmicutes","Bacilli","Izemoplasmatales","Izemoplasmataceae",NA,NA,NA
"4104","sq6244","D11",7.008621e-05,"D11","SB4 5N1","SB","Internal",5,1.132759,0.701,0,FALSE,"Bacteria","Verrucomicrobiota","Lentisphaeria","Victivallales","Arctic95B-14",NA,NA,NA
"4105","sq10482","D12",7.005172e-05,"D12","SB4 5E1","SB","External",5,0.8975208,0.4,0,FALSE,"Bacteria","Proteobacteria","Alphaproteobacteria","Acetobacterales","Acetobacteraceae",NA,NA,NA
"4106","sq1114","D12",7.005172e-05,"D12","SB4 5E1","SB","External",5,0.8975208,0.4,0,FALSE,"Bacteria","Bacteroidota","Bacteroidia","Sphingobacteriales","ST-12K33",NA,NA,NA
"4107","sq1300","D12",7.005172e-05,"D12","SB4 5E1","SB","External",5,0.8975208,0.4,0,FALSE,"Bacteria","Deferrisomatota","Defferrisomatia","Defferrisomatales","Defferrisomataceae",NA,NA,NA
"4108","sq2158","D12",7.005172e-05,"D12","SB4 5E1","SB","External",5,0.8975208,0.4,0,FALSE,"Bacteria","Actinobacteriota","Acidimicrobiia","Microtrichales","Microtrichaceae",NA,NA,NA
"4109","sq3213","D12",7.005172e-05,"D12","SB4 5E1","SB","External",5,0.8975208,0.4,0,FALSE,"Bacteria","Proteobacteria","Alphaproteobacteria","Rickettsiales","AB1",NA,NA,NA
"4110","sq391","D12",7.005172e-05,"D12","SB4 5E1","SB","External",5,0.8975208,0.4,0,FALSE,"Bacteria","Proteobacteria","Gammaproteobacteria","Beggiatoales","Beggiatoaceae",NA,NA,NA
"4111","sq3215","E12",6.917406e-05,"E12","TM3 28E1","TM","External",28,1.516085,1.023,0,FALSE,"Bacteria","Proteobacteria","Alphaproteobacteria","Rickettsiales","SM2D12",NA,NA,NA
"4112","sq3554","E12",6.917406e-05,"E12","TM3 28E1","TM","External",28,1.516085,1.023,0,FALSE,"Bacteria","Nitrospirota","Nitrospiria","Nitrospirales","Nitrospiraceae",NA,NA,NA
"4113","sq578","E12",6.917406e-05,"E12","TM3 28E1","TM","External",28,1.516085,1.023,0,FALSE,"Bacteria","Fibrobacterota","Fibrobacteria","Fibrobacterales","Fibrobacteraceae",NA,NA,NA
"4114","sq7099","E12",6.917406e-05,"E12","TM3 28E1","TM","External",28,1.516085,1.023,0,FALSE,"Bacteria","Firmicutes","Thermoanaerobacteria","Thermoanaerobacterales","Thermoanaerobacteraceae",NA,NA,NA
"4115","sq9072","E12",6.917406e-05,"E12","TM3 28E1","TM","External",28,1.516085,1.023,0,FALSE,"Bacteria","Acidobacteriota","Acidobacteriae","Bryobacterales","Bryobacteraceae",NA,NA,NA
"4116","sq1513","D3",6.824541e-05,"D3","SB3 2N1","SB","Internal",2,0.7753723,0.11,NA,FALSE,"Bacteria","Campylobacterota","Campylobacteria","Campylobacterales","Helicobacteraceae",NA,NA,NA
"4117","sq1818","D3",6.824541e-05,"D3","SB3 2N1","SB","Internal",2,0.7753723,0.11,NA,FALSE,"Bacteria","Chloroflexi","Anaerolineae","Caldilineales","Caldilineaceae",NA,NA,NA
"4118","sq391","D3",6.824541e-05,"D3","SB3 2N1","SB","Internal",2,0.7753723,0.11,NA,FALSE,"Bacteria","Proteobacteria","Gammaproteobacteria","Beggiatoales","Beggiatoaceae",NA,NA,NA
"4119","sq3921","D3",6.824541e-05,"D3","SB3 2N1","SB","Internal",2,0.7753723,0.11,NA,FALSE,"Bacteria","Proteobacteria","Gammaproteobacteria","Diplorickettsiales","Diplorickettsiaceae",NA,NA,NA
"4120","sq5217","E7",6.79394e-05,"E7","TM3 26N1","TM","Internal",26,1.910828,NA,0.056,FALSE,"Bacteria","Dependentiae","Babeliae","Babeliales","UBA12409",NA,NA,NA
"4121","sq11256","D8",6.7124e-05,"D8","SB4 3E1","SB","External",3,0.7979979,NA,0,FALSE,"Bacteria","Actinobacteriota","Actinobacteria","Micrococcales","Intrasporangiaceae",NA,NA,NA
"4122","sq13462","D8",6.7124e-05,"D8","SB4 3E1","SB","External",3,0.7979979,NA,0,FALSE,"Bacteria","Proteobacteria","Gammaproteobacteria","Piscirickettsiales","Piscirickettsiaceae",NA,NA,NA
"4123","sq2355","D8",6.7124e-05,"D8","SB4 3E1","SB","External",3,0.7979979,NA,0,FALSE,"Bacteria","Verrucomicrobiota","Lentisphaeria","Victivallales","BD2-3",NA,NA,NA
"4124","sq2415","D8",6.7124e-05,"D8","SB4 3E1","SB","External",3,0.7979979,NA,0,FALSE,"Bacteria","Desulfobacterota","Desulfobacteria","Desulfobacterales","Desulfolunaceae",NA,NA,NA
"4125","sq5697","D8",6.7124e-05,"D8","SB4 3E1","SB","External",3,0.7979979,NA,0,FALSE,"Bacteria","Proteobacteria","Gammaproteobacteria","Acidiferrobacterales","Acidiferrobacteraceae",NA,NA,NA
"4126","sq6360","D8",6.7124e-05,"D8","SB4 3E1","SB","External",3,0.7979979,NA,0,FALSE,"Bacteria","Proteobacteria","Gammaproteobacteria","Pseudomonadales","Halomonadaceae",NA,NA,NA
"4127","sq7841","D8",6.7124e-05,"D8","SB4 3E1","SB","External",3,0.7979979,NA,0,FALSE,"Bacteria","Cyanobacteria","Cyanobacteriia","Cyanobacteriales","Cyanobacteriaceae",NA,NA,NA
"4128","sq11898","E4",6.703568e-05,"E4","TM2 22E1","TM","External",22,1.310616,0.595,NA,FALSE,"Bacteria","Verrucomicrobiota","Chlamydiae","Chlamydiales","Parachlamydiaceae",NA,NA,NA
"4129","sq378","E4",6.703568e-05,"E4","TM2 22E1","TM","External",22,1.310616,0.595,NA,FALSE,"Bacteria","Proteobacteria","Gammaproteobacteria","Enterobacterales","Pseudoalteromonadaceae",NA,NA,NA
"4130","sq4688","E4",6.703568e-05,"E4","TM2 22E1","TM","External",22,1.310616,0.595,NA,FALSE,"Bacteria","Proteobacteria","Alphaproteobacteria","Rickettsiales","Anaplasmataceae",NA,NA,NA
"4131","sq10633","E10",6.682984e-05,"E10","TM3 27E1","TM","External",27,0.830019,0.233,NA,FALSE,"Bacteria","Proteobacteria","Alphaproteobacteria","Rhizobiales","KF-JG30-B3",NA,NA,NA
"4132","sq5109","E10",6.682984e-05,"E10","TM3 27E1","TM","External",27,0.830019,0.233,NA,FALSE,"Bacteria","Cyanobacteria","Vampirivibrionia","Obscuribacterales","Obscuribacteraceae",NA,NA,NA
"4133","sq8820","E10",6.682984e-05,"E10","TM3 27E1","TM","External",27,0.830019,0.233,NA,FALSE,"Bacteria","Proteobacteria","Alphaproteobacteria","Paracaedibacterales","Paracaedibacteraceae",NA,NA,NA
"4134","sq9020","E10",6.682984e-05,"E10","TM3 27E1","TM","External",27,0.830019,0.233,NA,FALSE,"Bacteria","Spirochaetota","Brevinematia","Brevinematales","Brevinemataceae",NA,NA,NA
"4135","sq1300","D4",6.658993e-05,"D4","SB3 2E1","SB","External",2,0.6529851,0.136,NA,FALSE,"Bacteria","Deferrisomatota","Defferrisomatia","Defferrisomatales","Defferrisomataceae",NA,NA,NA
"4136","sq1338","D4",6.658993e-05,"D4","SB3 2E1","SB","External",2,0.6529851,0.136,NA,FALSE,"Bacteria","Proteobacteria","Gammaproteobacteria","Pseudomonadales","P13-46",NA,NA,NA
"4137","sq1794","D4",6.658993e-05,"D4","SB3 2E1","SB","External",2,0.6529851,0.136,NA,FALSE,"Bacteria","Desulfobacterota","Desulfarculia","Desulfarculales","Desulfarculaceae",NA,NA,NA
"4138","sq418","D4",6.658993e-05,"D4","SB3 2E1","SB","External",2,0.6529851,0.136,NA,FALSE,"Bacteria","Planctomycetota","Phycisphaerae","Phycisphaerales","AKAU3564 sediment group",NA,NA,NA
"4139","sq6254","D4",6.658993e-05,"D4","SB3 2E1","SB","External",2,0.6529851,0.136,NA,FALSE,"Bacteria","Spirochaetota","Brachyspirae","Brachyspirales","LH041",NA,NA,NA
"4140","sq11898","E3",6.574807e-05,"E3","TM2 22N1","TM","Internal",22,1.027042,1.612,NA,FALSE,"Bacteria","Verrucomicrobiota","Chlamydiae","Chlamydiales","Parachlamydiaceae",NA,NA,NA
"4141","sq2722","E3",6.574807e-05,"E3","TM2 22N1","TM","Internal",22,1.027042,1.612,NA,FALSE,"Bacteria","Verrucomicrobiota","Verrucomicrobiae","Chthoniobacterales","01D2Z36",NA,NA,NA
"4142","sq283","E3",6.574807e-05,"E3","TM2 22N1","TM","Internal",22,1.027042,1.612,NA,FALSE,"Bacteria","Cyanobacteria","Cyanobacteriia","Oxyphotobacteria Incertae Sedis","Unknown Family",NA,NA,NA
"4143","sq3213","E3",6.574807e-05,"E3","TM2 22N1","TM","Internal",22,1.027042,1.612,NA,FALSE,"Bacteria","Proteobacteria","Alphaproteobacteria","Rickettsiales","AB1",NA,NA,NA
"4144","sq352","E3",6.574807e-05,"E3","TM2 22N1","TM","Internal",22,1.027042,1.612,NA,FALSE,"Bacteria","Proteobacteria","Gammaproteobacteria","Enterobacterales","Alteromonadaceae",NA,NA,NA
"4145","sq3790","E3",6.574807e-05,"E3","TM2 22N1","TM","Internal",22,1.027042,1.612,NA,FALSE,"Bacteria","Planctomycetota","Planctomycetes","Isosphaerales","Isosphaeraceae",NA,NA,NA
"4146","sq6254","E3",6.574807e-05,"E3","TM2 22N1","TM","Internal",22,1.027042,1.612,NA,FALSE,"Bacteria","Spirochaetota","Brachyspirae","Brachyspirales","LH041",NA,NA,NA
"4147","sq12897","D1",6.546816e-05,"D1","SB3 1N1 ","SB","Internal",1,1.016766,NA,0,FALSE,"Bacteria","Proteobacteria","Gammaproteobacteria","Enterobacterales","Shewanellaceae",NA,NA,NA
"4148","sq5222","D1",6.546816e-05,"D1","SB3 1N1 ","SB","Internal",1,1.016766,NA,0,FALSE,"Bacteria","Verrucomicrobiota","Verrucomicrobiae","Verrucomicrobiales","Verrucomicrobiaceae",NA,NA,NA
"4149","sq405","D9",6.540009e-05,"D9","SB4 4N1","SB","Internal",4,1.337103,1.856,NA,FALSE,"Bacteria","Firmicutes","Bacilli","Izemoplasmatales","Izemoplasmataceae",NA,NA,NA
"4150","sq2193","D10",6.520286e-05,"D10","SB4 4E1","SB","External",4,0.9473753,0.459,NA,FALSE,"Bacteria","Campylobacterota","Campylobacteria","Campylobacterales","Rs-M59 termite group",NA,NA,NA
"4151","sq3330","D10",6.520286e-05,"D10","SB4 4E1","SB","External",4,0.9473753,0.459,NA,FALSE,"Bacteria","Fibrobacterota","Fibrobacteria","Fibrobacterales","SBYZ-1017",NA,NA,NA
"4152","sq4899","D10",6.520286e-05,"D10","SB4 4E1","SB","External",4,0.9473753,0.459,NA,FALSE,"Bacteria","Desulfobacterota","Desulfuromonadia","Bradymonadales","Bradymonadaceae",NA,NA,NA
"4153","sq5217","D10",6.520286e-05,"D10","SB4 4E1","SB","External",4,0.9473753,0.459,NA,FALSE,"Bacteria","Dependentiae","Babeliae","Babeliales","UBA12409",NA,NA,NA
"4154","sq5842","D10",6.520286e-05,"D10","SB4 4E1","SB","External",4,0.9473753,0.459,NA,FALSE,"Bacteria","Armatimonadota","Fimbriimonadia","Fimbriimonadales","Fimbriimonadaceae",NA,NA,NA
"4155","sq8012","D10",6.520286e-05,"D10","SB4 4E1","SB","External",4,0.9473753,0.459,NA,FALSE,"Bacteria","Proteobacteria","Gammaproteobacteria","Xanthomonadales","Xanthomonadaceae",NA,NA,NA
"4156","sq1818","D5",6.470996e-05,"D5","SB3 3N1","SB","Internal",3,0.4562304,0,0,FALSE,"Bacteria","Chloroflexi","Anaerolineae","Caldilineales","Caldilineaceae",NA,NA,NA
"4157","sq2644","D5",6.470996e-05,"D5","SB3 3N1","SB","Internal",3,0.4562304,0,0,FALSE,"Bacteria","Proteobacteria","Gammaproteobacteria","Burkholderiales","Comamonadaceae",NA,NA,NA
"4158","sq1719","D2",6.457028e-05,"D2","SB3 1E2","SB","External",1,0.9945908,NA,0,FALSE,"Bacteria","Actinobacteriota","Acidimicrobiia","Microtrichales","Ilumatobacteraceae",NA,NA,NA
"4159","sq4084","D2",6.457028e-05,"D2","SB3 1E2","SB","External",1,0.9945908,NA,0,FALSE,"Bacteria","Verrucomicrobiota","Chlamydiae","Chlamydiales","Simkaniaceae",NA,NA,NA
"4160","sq52","D2",6.457028e-05,"D2","SB3 1E2","SB","External",1,0.9945908,NA,0,FALSE,"Bacteria","Proteobacteria","Gammaproteobacteria","Thiotrichales","Thiotrichaceae",NA,NA,NA
"4161","sq5222","D2",6.457028e-05,"D2","SB3 1E2","SB","External",1,0.9945908,NA,0,FALSE,"Bacteria","Verrucomicrobiota","Verrucomicrobiae","Verrucomicrobiales","Verrucomicrobiaceae",NA,NA,NA
"4162","sq9020","D2",6.457028e-05,"D2","SB3 1E2","SB","External",1,0.9945908,NA,0,FALSE,"Bacteria","Spirochaetota","Brevinematia","Brevinematales","Brevinemataceae",NA,NA,NA
"4163","sq13459","D7",6.38643e-05,"D7","SB4 3N1","SB","Internal",3,0.9474643,NA,0,FALSE,"Bacteria","Firmicutes","Bacilli","Paenibacillales","Paenibacillaceae",NA,NA,NA
"4164","sq2355","D7",6.38643e-05,"D7","SB4 3N1","SB","Internal",3,0.9474643,NA,0,FALSE,"Bacteria","Verrucomicrobiota","Lentisphaeria","Victivallales","BD2-3",NA,NA,NA
"4165","sq390","D7",6.38643e-05,"D7","SB4 3N1","SB","Internal",3,0.9474643,NA,0,FALSE,"Bacteria","Bacteroidota","Bacteroidia","Bacteroidales","Marinifilaceae",NA,NA,NA
"4166","sq6186","D7",6.38643e-05,"D7","SB4 3N1","SB","Internal",3,0.9474643,NA,0,FALSE,"Bacteria","Planctomycetota","Phycisphaerae","Tepidisphaerales","Tepidisphaeraceae",NA,NA,NA
"4167","sq6364","D7",6.38643e-05,"D7","SB4 3N1","SB","Internal",3,0.9474643,NA,0,FALSE,"Bacteria","Verrucomicrobiota","Lentisphaeria","Victivallales","PRD18C08",NA,NA,NA
"4168","sq9072","D7",6.38643e-05,"D7","SB4 3N1","SB","Internal",3,0.9474643,NA,0,FALSE,"Bacteria","Acidobacteriota","Acidobacteriae","Bryobacterales","Bryobacteraceae",NA,NA,NA
"4169","sq2866","E9",6.382668e-05,"E9","TM3 27N1","TM","Internal",27,1.647955,2.235,NA,FALSE,"Bacteria","Cyanobacteria","Cyanobacteriia","Cyanobacteriales","Nostocaceae",NA,NA,NA
"4170","sq7714","E9",6.382668e-05,"E9","TM3 27N1","TM","Internal",27,1.647955,2.235,NA,FALSE,"Bacteria","Proteobacteria","Gammaproteobacteria","Enterobacterales","Aeromonadaceae",NA,NA,NA
"4171","sq9621","E9",6.382668e-05,"E9","TM3 27N1","TM","Internal",27,1.647955,2.235,NA,FALSE,"Bacteria","Bacteroidota","Bacteroidia","Flavobacteriales","NS7 marine group",NA,NA,NA
"4172","sq2951","E6",6.335663e-05,"E6","TM2 23E1","TM","External",23,1.016192,0.102,0,FALSE,"Bacteria","Verrucomicrobiota","Chlamydiae","Chlamydiales","Chlamydiaceae",NA,NA,NA
"4173","sq4825","E6",6.335663e-05,"E6","TM2 23E1","TM","External",23,1.016192,0.102,0,FALSE,"Bacteria","Fibrobacterota","Fibrobacteria","Fibrobacterales","Candidatus Raymondbacteria",NA,NA,NA
"4174","sq12980","E11",6.221743e-05,"E11","TM3 28N1","TM","Internal",28,1.477156,2.427,0.039,FALSE,"Bacteria","Desulfobacterota","Desulfobaccia","Desulfobaccales","Desulfobaccaceae",NA,NA,NA
"4175","sq2938","E11",6.221743e-05,"E11","TM3 28N1","TM","Internal",28,1.477156,2.427,0.039,FALSE,"Bacteria","Proteobacteria","Gammaproteobacteria","Francisellales","Francisellaceae",NA,NA,NA
"4176","sq9963","E11",6.221743e-05,"E11","TM3 28N1","TM","Internal",28,1.477156,2.427,0.039,FALSE,"Bacteria","Fibrobacterota","Chitinivibrionia","Chitinivibrionales","Chitinivibrionaceae",NA,NA,NA
"4177","sq1518","E2",6.115834e-05,"E2","TM2 21E1","TM","External",21,3.767123,NA,0,FALSE,"Bacteria","Planctomycetota","Planctomycetes","Planctomycetales","Schlesneriaceae",NA,NA,NA
"4178","sq2047","E2",6.115834e-05,"E2","TM2 21E1","TM","External",21,3.767123,NA,0,FALSE,"Bacteria","Proteobacteria","Gammaproteobacteria","Pseudomonadales","OM182 clade",NA,NA,NA
"4179","sq3213","E2",6.115834e-05,"E2","TM2 21E1","TM","External",21,3.767123,NA,0,FALSE,"Bacteria","Proteobacteria","Alphaproteobacteria","Rickettsiales","AB1",NA,NA,NA
"4180","sq350","E2",6.115834e-05,"E2","TM2 21E1","TM","External",21,3.767123,NA,0,FALSE,"Bacteria","Bacteroidota","Bacteroidia","Cytophagales","Amoebophilaceae",NA,NA,NA
"4181","sq4540","E2",6.115834e-05,"E2","TM2 21E1","TM","External",21,3.767123,NA,0,FALSE,"Bacteria","Bacteroidota","Bacteroidia","Bacteroidales","Bacteroidetes vadinHA17",NA,NA,NA
"4182","sq5869","D6",6.008592e-05,"D6","SB3 3E1","SB","External",3,0.7111695,0.121,0,FALSE,"Bacteria","Proteobacteria","Alphaproteobacteria","Parvibaculales","Parvibaculaceae",NA,NA,NA
"4183","sq7443","D6",6.008592e-05,"D6","SB3 3E1","SB","External",3,0.7111695,0.121,0,FALSE,"Bacteria","Proteobacteria","Gammaproteobacteria","Salinisphaerales","Algiphilaceae",NA,NA,NA
"4184","sq2114","D11",6.007389e-05,"D11","SB4 5N1","SB","Internal",5,1.132759,0.701,0,FALSE,"Bacteria","Planctomycetota","Phycisphaerae","MSBL9","SG8-4",NA,NA,NA
"4185","sq600","D11",6.007389e-05,"D11","SB4 5N1","SB","Internal",5,1.132759,0.701,0,FALSE,"Bacteria","Proteobacteria","Gammaproteobacteria","Enterobacterales","Colwelliaceae",NA,NA,NA
"4186","sq6007","D11",6.007389e-05,"D11","SB4 5N1","SB","Internal",5,1.132759,0.701,0,FALSE,"Bacteria","Proteobacteria","Alphaproteobacteria","Rickettsiales","Candidatus Jidaibacter",NA,NA,NA
"4187","sq6360","D11",6.007389e-05,"D11","SB4 5N1","SB","Internal",5,1.132759,0.701,0,FALSE,"Bacteria","Proteobacteria","Gammaproteobacteria","Pseudomonadales","Halomonadaceae",NA,NA,NA
"4188","sq6474","D11",6.007389e-05,"D11","SB4 5N1","SB","Internal",5,1.132759,0.701,0,FALSE,"Bacteria","Fibrobacterota","Fibrobacteria","Fibrobacterales","B5-096",NA,NA,NA
"4189","sq7304","D11",6.007389e-05,"D11","SB4 5N1","SB","Internal",5,1.132759,0.701,0,FALSE,"Bacteria","Fusobacteriota","Fusobacteriia","Fusobacteriales","Leptotrichiaceae",NA,NA,NA
"4190","sq8296","D11",6.007389e-05,"D11","SB4 5N1","SB","Internal",5,1.132759,0.701,0,FALSE,"Bacteria","Proteobacteria","Magnetococcia","Magnetococcales","Magnetococcaceae",NA,NA,NA
"4191","sq3793","E12",5.929205e-05,"E12","TM3 28E1","TM","External",28,1.516085,1.023,0,FALSE,"Bacteria","Firmicutes","Clostridia","Lachnospirales","Defluviitaleaceae",NA,NA,NA
"4192","sq11898","E8",5.908769e-05,"E8","TM3 26E1","TM","External",26,1.169005,NA,0.034,FALSE,"Bacteria","Verrucomicrobiota","Chlamydiae","Chlamydiales","Parachlamydiaceae",NA,NA,NA
"4193","sq1300","E8",5.908769e-05,"E8","TM3 26E1","TM","External",26,1.169005,NA,0.034,FALSE,"Bacteria","Deferrisomatota","Defferrisomatia","Defferrisomatales","Defferrisomataceae",NA,NA,NA
"4194","sq2047","E8",5.908769e-05,"E8","TM3 26E1","TM","External",26,1.169005,NA,0.034,FALSE,"Bacteria","Proteobacteria","Gammaproteobacteria","Pseudomonadales","OM182 clade",NA,NA,NA
"4195","sq2066","E8",5.908769e-05,"E8","TM3 26E1","TM","External",26,1.169005,NA,0.034,FALSE,"Bacteria","Verrucomicrobiota","Verrucomicrobiae","Pedosphaerales","Pedosphaeraceae",NA,NA,NA
"4196","sq5593","E8",5.908769e-05,"E8","TM3 26E1","TM","External",26,1.169005,NA,0.034,FALSE,"Bacteria","Bacteroidota","Bacteroidia","Bacteroidales","Rs-E47 termite group",NA,NA,NA
"4197","sq1046","D1",5.892135e-05,"D1","SB3 1N1 ","SB","Internal",1,1.016766,NA,0,FALSE,"Bacteria","Firmicutes","Clostridia","Peptostreptococcales-Tissierellales","Fusibacteraceae",NA,NA,NA
"4198","sq4113","D1",5.892135e-05,"D1","SB3 1N1 ","SB","Internal",1,1.016766,NA,0,FALSE,"Bacteria","Bacteroidota","Bacteroidia","Sphingobacteriales","E6aC02",NA,NA,NA
"4199","sq8296","D1",5.892135e-05,"D1","SB3 1N1 ","SB","Internal",1,1.016766,NA,0,FALSE,"Bacteria","Proteobacteria","Magnetococcia","Magnetococcales","Magnetococcaceae",NA,NA,NA
"4200","sq1513","E10",5.847611e-05,"E10","TM3 27E1","TM","External",27,0.830019,0.233,NA,FALSE,"Bacteria","Campylobacterota","Campylobacteria","Campylobacterales","Helicobacteraceae",NA,NA,NA
"4201","sq9621","E10",5.847611e-05,"E10","TM3 27E1","TM","External",27,0.830019,0.233,NA,FALSE,"Bacteria","Bacteroidota","Bacteroidia","Flavobacteriales","NS7 marine group",NA,NA,NA
"4202","sq9963","E10",5.847611e-05,"E10","TM3 27E1","TM","External",27,0.830019,0.233,NA,FALSE,"Bacteria","Fibrobacterota","Chitinivibrionia","Chitinivibrionales","Chitinivibrionaceae",NA,NA,NA
"4203","sq1518","D12",5.837643e-05,"D12","SB4 5E1","SB","External",5,0.8975208,0.4,0,FALSE,"Bacteria","Planctomycetota","Planctomycetes","Planctomycetales","Schlesneriaceae",NA,NA,NA
"4204","sq578","D12",5.837643e-05,"D12","SB4 5E1","SB","External",5,0.8975208,0.4,0,FALSE,"Bacteria","Fibrobacterota","Fibrobacteria","Fibrobacterales","Fibrobacteraceae",NA,NA,NA
"4205","sq682","D12",5.837643e-05,"D12","SB4 5E1","SB","External",5,0.8975208,0.4,0,FALSE,"Bacteria","Proteobacteria","Gammaproteobacteria","Pseudomonadales","Saccharospirillaceae",NA,NA,NA
"4206","sq7304","D12",5.837643e-05,"D12","SB4 5E1","SB","External",5,0.8975208,0.4,0,FALSE,"Bacteria","Fusobacteriota","Fusobacteriia","Fusobacteriales","Leptotrichiaceae",NA,NA,NA
"4207","sq989","D12",5.837643e-05,"D12","SB4 5E1","SB","External",5,0.8975208,0.4,0,FALSE,"Bacteria","Myxococcota","Polyangia","Haliangiales","Haliangiaceae",NA,NA,NA
"4208","sq3215","E7",5.823377e-05,"E7","TM3 26N1","TM","Internal",26,1.910828,NA,0.056,FALSE,"Bacteria","Proteobacteria","Alphaproteobacteria","Rickettsiales","SM2D12",NA,NA,NA
"4209","sq6137","E7",5.823377e-05,"E7","TM3 26N1","TM","Internal",26,1.910828,NA,0.056,FALSE,"Bacteria","Proteobacteria","Alphaproteobacteria","SAR11 clade","Clade I",NA,NA,NA
"4210","sq6254","E7",5.823377e-05,"E7","TM3 26N1","TM","Internal",26,1.910828,NA,0.056,FALSE,"Bacteria","Spirochaetota","Brachyspirae","Brachyspirales","LH041",NA,NA,NA
"4211","sq7299","E7",5.823377e-05,"E7","TM3 26N1","TM","Internal",26,1.910828,NA,0.056,FALSE,"Bacteria","Bacteroidota","Bacteroidia","Bacteroidales","LKC2.127-25",NA,NA,NA
"4212","sq75","E1",5.814968e-05,"E1","TM2 21N1","TM","Internal",21,0.6326758,NA,0,FALSE,"Bacteria","Acidobacteriota","Holophagae","Acanthopleuribacterales","Acanthopleuribacteraceae",NA,NA,NA
"4213","sq953","E1",5.814968e-05,"E1","TM2 21N1","TM","Internal",21,0.6326758,NA,0,FALSE,"Bacteria","Bdellovibrionota","Oligoflexia","Silvanigrellales","Silvanigrellaceae",NA,NA,NA
"4214","sq1316","E4",5.745916e-05,"E4","TM2 22E1","TM","External",22,1.310616,0.595,NA,FALSE,"Bacteria","Firmicutes","Clostridia","Lachnospirales","Lachnospiraceae",NA,NA,NA
"4215","sq2193","E4",5.745916e-05,"E4","TM2 22E1","TM","External",22,1.310616,0.595,NA,FALSE,"Bacteria","Campylobacterota","Campylobacteria","Campylobacterales","Rs-M59 termite group",NA,NA,NA
"4216","sq2536","E4",5.745916e-05,"E4","TM2 22E1","TM","External",22,1.310616,0.595,NA,FALSE,"Bacteria","Planctomycetota","Planctomycetes","Gemmatales","Gemmataceae",NA,NA,NA
"4217","sq6474","E4",5.745916e-05,"E4","TM2 22E1","TM","External",22,1.310616,0.595,NA,FALSE,"Bacteria","Fibrobacterota","Fibrobacteria","Fibrobacterales","B5-096",NA,NA,NA
"4218","sq10633","E5",5.745035e-05,"E5","TM2 23N1","TM","Internal",23,1.04109,0.484,0,FALSE,"Bacteria","Proteobacteria","Alphaproteobacteria","Rhizobiales","KF-JG30-B3",NA,NA,NA
"4219","sq1719","D9",5.722507e-05,"D9","SB4 4N1","SB","Internal",4,1.337103,1.856,NA,FALSE,"Bacteria","Actinobacteriota","Acidimicrobiia","Microtrichales","Ilumatobacteraceae",NA,NA,NA
"4220","sq5842","D9",5.722507e-05,"D9","SB4 4N1","SB","Internal",4,1.337103,1.856,NA,FALSE,"Bacteria","Armatimonadota","Fimbriimonadia","Fimbriimonadales","Fimbriimonadaceae",NA,NA,NA
"4221","sq6023","D9",5.722507e-05,"D9","SB4 4N1","SB","Internal",4,1.337103,1.856,NA,FALSE,"Bacteria","Bacteroidota","Bacteroidia","Cytophagales","Microscillaceae",NA,NA,NA
"4222","sq7329","D9",5.722507e-05,"D9","SB4 4N1","SB","Internal",4,1.337103,1.856,NA,FALSE,"Bacteria","Chloroflexi","Chloroflexia","Thermomicrobiales","AKYG1722",NA,NA,NA
"4223","sq985","D9",5.722507e-05,"D9","SB4 4N1","SB","Internal",4,1.337103,1.856,NA,FALSE,"Bacteria","Firmicutes","Clostridia","Christensenellales","Christensenellaceae",NA,NA,NA
"4224","sq2644","D4",5.707708e-05,"D4","SB3 2E1","SB","External",2,0.6529851,0.136,NA,FALSE,"Bacteria","Proteobacteria","Gammaproteobacteria","Burkholderiales","Comamonadaceae",NA,NA,NA
"4225","sq6244","D4",5.707708e-05,"D4","SB3 2E1","SB","External",2,0.6529851,0.136,NA,FALSE,"Bacteria","Verrucomicrobiota","Lentisphaeria","Victivallales","Arctic95B-14",NA,NA,NA
"4226","sq997","D4",5.707708e-05,"D4","SB3 2E1","SB","External",2,0.6529851,0.136,NA,FALSE,"Bacteria","Verrucomicrobiota","Lentisphaeria","Oligosphaerales","Lenti-02",NA,NA,NA
"4227","sq1316","D10",5.70525e-05,"D10","SB4 4E1","SB","External",4,0.9473753,0.459,NA,FALSE,"Bacteria","Firmicutes","Clostridia","Lachnospirales","Lachnospiraceae",NA,NA,NA
"4228","sq2893","D10",5.70525e-05,"D10","SB4 4E1","SB","External",4,0.9473753,0.459,NA,FALSE,"Bacteria","Bacteroidota","Bacteroidia","Flavobacteriales","Weeksellaceae",NA,NA,NA
"4229","sq4562","D10",5.70525e-05,"D10","SB4 4E1","SB","External",4,0.9473753,0.459,NA,FALSE,"Bacteria","Proteobacteria","Gammaproteobacteria","Salinisphaerales","Solimonadaceae",NA,NA,NA
"4230","sq4777","D10",5.70525e-05,"D10","SB4 4E1","SB","External",4,0.9473753,0.459,NA,FALSE,"Bacteria","Fibrobacterota","Fibrobacteria","Fibrobacterales","SBXY-748",NA,NA,NA
"4231","sq4359","D3",5.687118e-05,"D3","SB3 2N1","SB","Internal",2,0.7753723,0.11,NA,FALSE,"Bacteria","Proteobacteria","Alphaproteobacteria","Thalassobaculales","Thalassobaculaceae",NA,NA,NA
"4232","sq3738","D2",5.6499e-05,"D2","SB3 1E2","SB","External",1,0.9945908,NA,0,FALSE,"Bacteria","Bacteroidota","Bacteroidia","Sphingobacteriales","NS11-12 marine group",NA,NA,NA
"4233","sq2193","E3",5.635549e-05,"E3","TM2 22N1","TM","Internal",22,1.027042,1.612,NA,FALSE,"Bacteria","Campylobacterota","Campylobacteria","Campylobacterales","Rs-M59 termite group",NA,NA,NA
"4234","sq391","E3",5.635549e-05,"E3","TM2 22N1","TM","Internal",22,1.027042,1.612,NA,FALSE,"Bacteria","Proteobacteria","Gammaproteobacteria","Beggiatoales","Beggiatoaceae",NA,NA,NA
"4235","sq5611","E3",5.635549e-05,"E3","TM2 22N1","TM","Internal",22,1.027042,1.612,NA,FALSE,"Bacteria","Dependentiae","Babeliae","Babeliales","UBA12411",NA,NA,NA
"4236","sq902","D5",5.546568e-05,"D5","SB3 3N1","SB","Internal",3,0.4562304,0,0,FALSE,"Bacteria","Proteobacteria","Gammaproteobacteria","Pseudomonadales","Nitrincolaceae",NA,NA,NA
"4237","sq10002","E9",5.470859e-05,"E9","TM3 27N1","TM","Internal",27,1.647955,2.235,NA,FALSE,"Bacteria","Proteobacteria","Gammaproteobacteria","Pseudomonadales","Gven-F17",NA,NA,NA
"4238","sq13183","E9",5.470859e-05,"E9","TM3 27N1","TM","Internal",27,1.647955,2.235,NA,FALSE,"Bacteria","Proteobacteria","Gammaproteobacteria","Nitrosococcales","Methylophagaceae",NA,NA,NA
"4239","sq13195","E9",5.470859e-05,"E9","TM3 27N1","TM","Internal",27,1.647955,2.235,NA,FALSE,"Bacteria","Proteobacteria","Alphaproteobacteria","Thalassobaculales","Oceanibaculaceae",NA,NA,NA
"4240","sq1518","E9",5.470859e-05,"E9","TM3 27N1","TM","Internal",27,1.647955,2.235,NA,FALSE,"Bacteria","Planctomycetota","Planctomycetes","Planctomycetales","Schlesneriaceae",NA,NA,NA
"4241","sq953","E9",5.470859e-05,"E9","TM3 27N1","TM","Internal",27,1.647955,2.235,NA,FALSE,"Bacteria","Bdellovibrionota","Oligoflexia","Silvanigrellales","Silvanigrellaceae",NA,NA,NA
"4242","sq11898","D8",5.36992e-05,"D8","SB4 3E1","SB","External",3,0.7979979,NA,0,FALSE,"Bacteria","Verrucomicrobiota","Chlamydiae","Chlamydiales","Parachlamydiaceae",NA,NA,NA
"4243","sq2193","D8",5.36992e-05,"D8","SB4 3E1","SB","External",3,0.7979979,NA,0,FALSE,"Bacteria","Campylobacterota","Campylobacteria","Campylobacterales","Rs-M59 termite group",NA,NA,NA
"4244","sq2497","D8",5.36992e-05,"D8","SB4 3E1","SB","External",3,0.7979979,NA,0,FALSE,"Bacteria","Latescibacterota","Latescibacteria","Latescibacterales","Latescibacteraceae",NA,NA,NA
"4245","sq3486","D8",5.36992e-05,"D8","SB4 3E1","SB","External",3,0.7979979,NA,0,FALSE,"Bacteria","Firmicutes","Clostridia","Peptococcales","Peptococcaceae",NA,NA,NA
"4246","sq4688","D8",5.36992e-05,"D8","SB4 3E1","SB","External",3,0.7979979,NA,0,FALSE,"Bacteria","Proteobacteria","Alphaproteobacteria","Rickettsiales","Anaplasmataceae",NA,NA,NA
"4247","sq5842","D8",5.36992e-05,"D8","SB4 3E1","SB","External",3,0.7979979,NA,0,FALSE,"Bacteria","Armatimonadota","Fimbriimonadia","Fimbriimonadales","Fimbriimonadaceae",NA,NA,NA
"4248","sq8012","D8",5.36992e-05,"D8","SB4 3E1","SB","External",3,0.7979979,NA,0,FALSE,"Bacteria","Proteobacteria","Gammaproteobacteria","Xanthomonadales","Xanthomonadaceae",NA,NA,NA
"4249","sq11835","E6",5.27972e-05,"E6","TM2 23E1","TM","External",23,1.016192,0.102,0,FALSE,"Bacteria","Verrucomicrobiota","Lentisphaeria","Victivallales","SBZC-4624",NA,NA,NA
"4250","sq11898","E6",5.27972e-05,"E6","TM2 23E1","TM","External",23,1.016192,0.102,0,FALSE,"Bacteria","Verrucomicrobiota","Chlamydiae","Chlamydiales","Parachlamydiaceae",NA,NA,NA
"4251","sq3486","E6",5.27972e-05,"E6","TM2 23E1","TM","External",23,1.016192,0.102,0,FALSE,"Bacteria","Firmicutes","Clostridia","Peptococcales","Peptococcaceae",NA,NA,NA
"4252","sq3738","E6",5.27972e-05,"E6","TM2 23E1","TM","External",23,1.016192,0.102,0,FALSE,"Bacteria","Bacteroidota","Bacteroidia","Sphingobacteriales","NS11-12 marine group",NA,NA,NA
"4253","sq390","E6",5.27972e-05,"E6","TM2 23E1","TM","External",23,1.016192,0.102,0,FALSE,"Bacteria","Bacteroidota","Bacteroidia","Bacteroidales","Marinifilaceae",NA,NA,NA
"4254","sq4117","E6",5.27972e-05,"E6","TM2 23E1","TM","External",23,1.016192,0.102,0,FALSE,"Bacteria","Proteobacteria","Alphaproteobacteria","Rhizobiales","C2U",NA,NA,NA
"4255","sq6474","E6",5.27972e-05,"E6","TM2 23E1","TM","External",23,1.016192,0.102,0,FALSE,"Bacteria","Fibrobacterota","Fibrobacteria","Fibrobacterales","B5-096",NA,NA,NA
"4256","sq9623","E6",5.27972e-05,"E6","TM2 23E1","TM","External",23,1.016192,0.102,0,FALSE,"Bacteria","Actinobacteriota","Thermoleophilia","Solirubrobacterales","67-14",NA,NA,NA
"4257","sq11692","D1",5.237453e-05,"D1","SB3 1N1 ","SB","Internal",1,1.016766,NA,0,FALSE,"Bacteria","Firmicutes","Bacilli","Exiguobacterales","Exiguobacteraceae",NA,NA,NA
"4258","sq11898","D1",5.237453e-05,"D1","SB3 1N1 ","SB","Internal",1,1.016766,NA,0,FALSE,"Bacteria","Verrucomicrobiota","Chlamydiae","Chlamydiales","Parachlamydiaceae",NA,NA,NA
"4259","sq1338","D1",5.237453e-05,"D1","SB3 1N1 ","SB","Internal",1,1.016766,NA,0,FALSE,"Bacteria","Proteobacteria","Gammaproteobacteria","Pseudomonadales","P13-46",NA,NA,NA
"4260","sq2050","D1",5.237453e-05,"D1","SB3 1N1 ","SB","Internal",1,1.016766,NA,0,FALSE,"Bacteria","Proteobacteria","Gammaproteobacteria","Pseudomonadales","Oleiphilaceae",NA,NA,NA
"4261","sq5046","D1",5.237453e-05,"D1","SB3 1N1 ","SB","Internal",1,1.016766,NA,0,FALSE,"Bacteria","Bacteroidota","Bacteroidia","Bacteroidales","Williamwhitmaniaceae",NA,NA,NA
"4262","sq600","D1",5.237453e-05,"D1","SB3 1N1 ","SB","Internal",1,1.016766,NA,0,FALSE,"Bacteria","Proteobacteria","Gammaproteobacteria","Enterobacterales","Colwelliaceae",NA,NA,NA
"4263","sq11835","E11",5.184786e-05,"E11","TM3 28N1","TM","Internal",28,1.477156,2.427,0.039,FALSE,"Bacteria","Verrucomicrobiota","Lentisphaeria","Victivallales","SBZC-4624",NA,NA,NA
"4264","sq1410","E11",5.184786e-05,"E11","TM3 28N1","TM","Internal",28,1.477156,2.427,0.039,FALSE,"Bacteria","Cyanobacteria","Cyanobacteriia","Leptolyngbyales","Leptolyngbyaceae",NA,NA,NA
"4265","sq2193","E11",5.184786e-05,"E11","TM3 28N1","TM","Internal",28,1.477156,2.427,0.039,FALSE,"Bacteria","Campylobacterota","Campylobacteria","Campylobacterales","Rs-M59 termite group",NA,NA,NA
"4266","sq3643","E11",5.184786e-05,"E11","TM3 28N1","TM","Internal",28,1.477156,2.427,0.039,FALSE,"Bacteria","Planctomycetota","Phycisphaerae","MSBL9","SM23-30",NA,NA,NA
"4267","sq8296","E11",5.184786e-05,"E11","TM3 28N1","TM","Internal",28,1.477156,2.427,0.039,FALSE,"Bacteria","Proteobacteria","Magnetococcia","Magnetococcales","Magnetococcaceae",NA,NA,NA
"4268","sq11768","D7",5.109144e-05,"D7","SB4 3N1","SB","Internal",3,0.9474643,NA,0,FALSE,"Bacteria","Fibrobacterota","Fibrobacteria","Fibrobacterales","B122",NA,NA,NA
"4269","sq198","D7",5.109144e-05,"D7","SB4 3N1","SB","Internal",3,0.9474643,NA,0,FALSE,"Bacteria","Bacteroidota","Bacteroidia","Bacteroidales","ML635J-40 aquatic group",NA,NA,NA
"4270","sq2138","D7",5.109144e-05,"D7","SB4 3N1","SB","Internal",3,0.9474643,NA,0,FALSE,"Bacteria","Cloacimonadota","Cloacimonadia","Cloacimonadales","MSBL8",NA,NA,NA
"4271","sq3630","D7",5.109144e-05,"D7","SB4 3N1","SB","Internal",3,0.9474643,NA,0,FALSE,"Bacteria","Proteobacteria","Alphaproteobacteria","Parvibaculales","PS1 clade",NA,NA,NA
"4272","sq3699","D7",5.109144e-05,"D7","SB4 3N1","SB","Internal",3,0.9474643,NA,0,FALSE,"Bacteria","Proteobacteria","Gammaproteobacteria","Pseudomonadales","MBAE14",NA,NA,NA
"4273","sq5697","D7",5.109144e-05,"D7","SB4 3N1","SB","Internal",3,0.9474643,NA,0,FALSE,"Bacteria","Proteobacteria","Gammaproteobacteria","Acidiferrobacterales","Acidiferrobacteraceae",NA,NA,NA
"4274","sq6254","D7",5.109144e-05,"D7","SB4 3N1","SB","Internal",3,0.9474643,NA,0,FALSE,"Bacteria","Spirochaetota","Brachyspirae","Brachyspirales","LH041",NA,NA,NA
"4275","sq7329","D7",5.109144e-05,"D7","SB4 3N1","SB","Internal",3,0.9474643,NA,0,FALSE,"Bacteria","Chloroflexi","Chloroflexia","Thermomicrobiales","AKYG1722",NA,NA,NA
"4276","sq7841","E10",5.012238e-05,"E10","TM3 27E1","TM","External",27,0.830019,0.233,NA,FALSE,"Bacteria","Cyanobacteria","Cyanobacteriia","Cyanobacteriales","Cyanobacteriaceae",NA,NA,NA
"4277","sq9098","E10",5.012238e-05,"E10","TM3 27E1","TM","External",27,0.830019,0.233,NA,FALSE,"Bacteria","Proteobacteria","Alphaproteobacteria","SAR11 clade","Clade II",NA,NA,NA
"4278","sq953","E10",5.012238e-05,"E10","TM3 27E1","TM","External",27,0.830019,0.233,NA,FALSE,"Bacteria","Bdellovibrionota","Oligoflexia","Silvanigrellales","Silvanigrellaceae",NA,NA,NA
"4279","sq11386","D6",5.00716e-05,"D6","SB3 3E1","SB","External",3,0.7111695,0.121,0,FALSE,"Bacteria","Proteobacteria","Alphaproteobacteria","Dongiales","Dongiaceae",NA,NA,NA
"4280","sq2088","D6",5.00716e-05,"D6","SB3 3E1","SB","External",3,0.7111695,0.121,0,FALSE,"Bacteria","Proteobacteria","Alphaproteobacteria","Rhizobiales","Beijerinckiaceae",NA,NA,NA
"4281","sq2330","D6",5.00716e-05,"D6","SB3 3E1","SB","External",3,0.7111695,0.121,0,FALSE,"Bacteria","Planctomycetota","Phycisphaerae","MSBL9","ST-NAGAB-D1",NA,NA,NA
"4282","sq5046","D6",5.00716e-05,"D6","SB3 3E1","SB","External",3,0.7111695,0.121,0,FALSE,"Bacteria","Bacteroidota","Bacteroidia","Bacteroidales","Williamwhitmaniaceae",NA,NA,NA
"4283","sq5222","D6",5.00716e-05,"D6","SB3 3E1","SB","External",3,0.7111695,0.121,0,FALSE,"Bacteria","Verrucomicrobiota","Verrucomicrobiae","Verrucomicrobiales","Verrucomicrobiaceae",NA,NA,NA
"4284","sq6244","D6",5.00716e-05,"D6","SB3 3E1","SB","External",3,0.7111695,0.121,0,FALSE,"Bacteria","Verrucomicrobiota","Lentisphaeria","Victivallales","Arctic95B-14",NA,NA,NA
"4285","sq11898","D11",5.006158e-05,"D11","SB4 5N1","SB","Internal",5,1.132759,0.701,0,FALSE,"Bacteria","Verrucomicrobiota","Chlamydiae","Chlamydiales","Parachlamydiaceae",NA,NA,NA
"4286","sq1338","D11",5.006158e-05,"D11","SB4 5N1","SB","Internal",5,1.132759,0.701,0,FALSE,"Bacteria","Proteobacteria","Gammaproteobacteria","Pseudomonadales","P13-46",NA,NA,NA
"4287","sq1719","D11",5.006158e-05,"D11","SB4 5N1","SB","Internal",5,1.132759,0.701,0,FALSE,"Bacteria","Actinobacteriota","Acidimicrobiia","Microtrichales","Ilumatobacteraceae",NA,NA,NA
"4288","sq2866","D11",5.006158e-05,"D11","SB4 5N1","SB","Internal",5,1.132759,0.701,0,FALSE,"Bacteria","Cyanobacteria","Cyanobacteriia","Cyanobacteriales","Nostocaceae",NA,NA,NA
"4289","sq4540","D11",5.006158e-05,"D11","SB4 5N1","SB","Internal",5,1.132759,0.701,0,FALSE,"Bacteria","Bacteroidota","Bacteroidia","Bacteroidales","Bacteroidetes vadinHA17",NA,NA,NA
"4290","sq7161","D11",5.006158e-05,"D11","SB4 5N1","SB","Internal",5,1.132759,0.701,0,FALSE,"Bacteria","Proteobacteria","Alphaproteobacteria","Tistrellales","Tistrellaceae",NA,NA,NA
"4291","sq11060","E12",4.941004e-05,"E12","TM3 28E1","TM","External",28,1.516085,1.023,0,FALSE,"Bacteria","Proteobacteria","Alphaproteobacteria","Caedibacterales","Caedibacteraceae",NA,NA,NA
"4292","sq11898","E12",4.941004e-05,"E12","TM3 28E1","TM","External",28,1.516085,1.023,0,FALSE,"Bacteria","Verrucomicrobiota","Chlamydiae","Chlamydiales","Parachlamydiaceae",NA,NA,NA
"4293","sq1513","E12",4.941004e-05,"E12","TM3 28E1","TM","External",28,1.516085,1.023,0,FALSE,"Bacteria","Campylobacterota","Campylobacteria","Campylobacterales","Helicobacteraceae",NA,NA,NA
"4294","sq5593","E12",4.941004e-05,"E12","TM3 28E1","TM","External",28,1.516085,1.023,0,FALSE,"Bacteria","Bacteroidota","Bacteroidia","Bacteroidales","Rs-E47 termite group",NA,NA,NA
"4295","sq1338","D9",4.905006e-05,"D9","SB4 4N1","SB","Internal",4,1.337103,1.856,NA,FALSE,"Bacteria","Proteobacteria","Gammaproteobacteria","Pseudomonadales","P13-46",NA,NA,NA
"4296","sq2138","D9",4.905006e-05,"D9","SB4 4N1","SB","Internal",4,1.337103,1.856,NA,FALSE,"Bacteria","Cloacimonadota","Cloacimonadia","Cloacimonadales","MSBL8",NA,NA,NA
"4297","sq2951","D9",4.905006e-05,"D9","SB4 4N1","SB","Internal",4,1.337103,1.856,NA,FALSE,"Bacteria","Verrucomicrobiota","Chlamydiae","Chlamydiales","Chlamydiaceae",NA,NA,NA
"4298","sq8296","D9",4.905006e-05,"D9","SB4 4N1","SB","Internal",4,1.337103,1.856,NA,FALSE,"Bacteria","Proteobacteria","Magnetococcia","Magnetococcales","Magnetococcaceae",NA,NA,NA
"4299","sq8977","D9",4.905006e-05,"D9","SB4 4N1","SB","Internal",4,1.337103,1.856,NA,FALSE,"Bacteria","Proteobacteria","Alphaproteobacteria","Holosporales","Holosporaceae",NA,NA,NA
"4300","sq14332","E2",4.892667e-05,"E2","TM2 21E1","TM","External",21,3.767123,NA,0,FALSE,"Bacteria","Firmicutes","Clostridia","Peptostreptococcales-Tissierellales","Clostridiisalibacter",NA,NA,NA
"4301","sq1730","E2",4.892667e-05,"E2","TM2 21E1","TM","External",21,3.767123,NA,0,FALSE,"Bacteria","Planctomycetota","Phycisphaerae","MSBL9","KCLunmb-38-53",NA,NA,NA
"4302","sq3790","E2",4.892667e-05,"E2","TM2 21E1","TM","External",21,3.767123,NA,0,FALSE,"Bacteria","Planctomycetota","Planctomycetes","Isosphaerales","Isosphaeraceae",NA,NA,NA
"4303","sq390","E2",4.892667e-05,"E2","TM2 21E1","TM","External",21,3.767123,NA,0,FALSE,"Bacteria","Bacteroidota","Bacteroidia","Bacteroidales","Marinifilaceae",NA,NA,NA
"4304","sq1557","D10",4.890215e-05,"D10","SB4 4E1","SB","External",4,0.9473753,0.459,NA,FALSE,"Bacteria","Bacteroidota","Ignavibacteria","Ignavibacteriales","Ignavibacteriaceae",NA,NA,NA
"4305","sq4825","D10",4.890215e-05,"D10","SB4 4E1","SB","External",4,0.9473753,0.459,NA,FALSE,"Bacteria","Fibrobacterota","Fibrobacteria","Fibrobacterales","Candidatus Raymondbacteria",NA,NA,NA
"4306","sq7691","D10",4.890215e-05,"D10","SB4 4E1","SB","External",4,0.9473753,0.459,NA,FALSE,"Bacteria","Verrucomicrobiota","Verrucomicrobiae","Opitutales","Opitutaceae",NA,NA,NA
"4307","sq8014","D10",4.890215e-05,"D10","SB4 4E1","SB","External",4,0.9473753,0.459,NA,FALSE,"Bacteria","Cyanobacteria","Cyanobacteriia","Synechococcales","Prochlorotrichaceae",NA,NA,NA
"4308","sq8303","D10",4.890215e-05,"D10","SB4 4E1","SB","External",4,0.9473753,0.459,NA,FALSE,"Bacteria","Proteobacteria","Gammaproteobacteria","Enterobacterales","Idiomarinaceae",NA,NA,NA
"4309","sq4375","E7",4.852814e-05,"E7","TM3 26N1","TM","Internal",26,1.910828,NA,0.056,FALSE,"Bacteria","Thermotogota","Thermotogae","Kosmotogales","Kosmotogaceae",NA,NA,NA
"4310","sq1300","D2",4.842771e-05,"D2","SB3 1E2","SB","External",1,0.9945908,NA,0,FALSE,"Bacteria","Deferrisomatota","Defferrisomatia","Defferrisomatales","Defferrisomataceae",NA,NA,NA
"4311","sq2415","D2",4.842771e-05,"D2","SB3 1E2","SB","External",1,0.9945908,NA,0,FALSE,"Bacteria","Desulfobacterota","Desulfobacteria","Desulfobacterales","Desulfolunaceae",NA,NA,NA
"4312","sq2951","D2",4.842771e-05,"D2","SB3 1E2","SB","External",1,0.9945908,NA,0,FALSE,"Bacteria","Verrucomicrobiota","Chlamydiae","Chlamydiales","Chlamydiaceae",NA,NA,NA
"4313","sq4006","D2",4.842771e-05,"D2","SB3 1E2","SB","External",1,0.9945908,NA,0,FALSE,"Bacteria","Dependentiae","Babeliae","Babeliales","Vermiphilaceae",NA,NA,NA
"4314","sq4266","D2",4.842771e-05,"D2","SB3 1E2","SB","External",1,0.9945908,NA,0,FALSE,"Bacteria","Bacteroidota","Bacteroidia","Sphingobacteriales","LiUU-11-161",NA,NA,NA
"4315","sq4397","E4",4.788263e-05,"E4","TM2 22E1","TM","External",22,1.310616,0.595,NA,FALSE,"Bacteria","Planctomycetota","Phycisphaerae","MSBL9","L21-RPul-D3",NA,NA,NA
"4316","sq4562","E4",4.788263e-05,"E4","TM2 22E1","TM","External",22,1.310616,0.595,NA,FALSE,"Bacteria","Proteobacteria","Gammaproteobacteria","Salinisphaerales","Solimonadaceae",NA,NA,NA
"4317","sq5593","E4",4.788263e-05,"E4","TM2 22E1","TM","External",22,1.310616,0.595,NA,FALSE,"Bacteria","Bacteroidota","Bacteroidia","Bacteroidales","Rs-E47 termite group",NA,NA,NA
"4318","sq7184","E4",4.788263e-05,"E4","TM2 22E1","TM","External",22,1.310616,0.595,NA,FALSE,"Bacteria","Firmicutes","Clostridia","Clostridiales","Clostridiaceae",NA,NA,NA
"4319","sq1346","D4",4.756424e-05,"D4","SB3 2E1","SB","External",2,0.6529851,0.136,NA,FALSE,"Bacteria","Desulfobacterota","Desulfobulbia","Desulfobulbales","Desulfurivibrionaceae",NA,NA,NA
"4320","sq210","D4",4.756424e-05,"D4","SB3 2E1","SB","External",2,0.6529851,0.136,NA,FALSE,"Bacteria","Calditrichota","Calditrichia","Calditrichales","Calditrichaceae",NA,NA,NA
"4321","sq2645","D4",4.756424e-05,"D4","SB3 2E1","SB","External",2,0.6529851,0.136,NA,FALSE,"Bacteria","Proteobacteria","Gammaproteobacteria","Pseudomonadales","Spongiibacteraceae",NA,NA,NA
"4322","sq3790","D4",4.756424e-05,"D4","SB3 2E1","SB","External",2,0.6529851,0.136,NA,FALSE,"Bacteria","Planctomycetota","Planctomycetes","Isosphaerales","Isosphaeraceae",NA,NA,NA
"4323","sq7184","D4",4.756424e-05,"D4","SB3 2E1","SB","External",2,0.6529851,0.136,NA,FALSE,"Bacteria","Firmicutes","Clostridia","Clostridiales","Clostridiaceae",NA,NA,NA
"4324","sq3921","E8",4.727015e-05,"E8","TM3 26E1","TM","External",26,1.169005,NA,0.034,FALSE,"Bacteria","Proteobacteria","Gammaproteobacteria","Diplorickettsiales","Diplorickettsiaceae",NA,NA,NA
"4325","sq442","E8",4.727015e-05,"E8","TM3 26E1","TM","External",26,1.169005,NA,0.034,FALSE,"Bacteria","Bacteroidota","Bacteroidia","Flavobacteriales","Schleiferiaceae",NA,NA,NA
"4326","sq11060","E3",4.696291e-05,"E3","TM2 22N1","TM","Internal",22,1.027042,1.612,NA,FALSE,"Bacteria","Proteobacteria","Alphaproteobacteria","Caedibacterales","Caedibacteraceae",NA,NA,NA
"4327","sq1410","E3",4.696291e-05,"E3","TM2 22N1","TM","Internal",22,1.027042,1.612,NA,FALSE,"Bacteria","Cyanobacteria","Cyanobacteriia","Leptolyngbyales","Leptolyngbyaceae",NA,NA,NA
"4328","sq3486","E3",4.696291e-05,"E3","TM2 22N1","TM","Internal",22,1.027042,1.612,NA,FALSE,"Bacteria","Firmicutes","Clostridia","Peptococcales","Peptococcaceae",NA,NA,NA
"4329","sq4825","E3",4.696291e-05,"E3","TM2 22N1","TM","Internal",22,1.027042,1.612,NA,FALSE,"Bacteria","Fibrobacterota","Fibrobacteria","Fibrobacterales","Candidatus Raymondbacteria",NA,NA,NA
"4330","sq9892","E3",4.696291e-05,"E3","TM2 22N1","TM","Internal",22,1.027042,1.612,NA,FALSE,"Bacteria","Proteobacteria","Alphaproteobacteria","Kordiimonadales","Kordiimonadaceae",NA,NA,NA
"4331","sq2722","D12",4.670115e-05,"D12","SB4 5E1","SB","External",5,0.8975208,0.4,0,FALSE,"Bacteria","Verrucomicrobiota","Verrucomicrobiae","Chthoniobacterales","01D2Z36",NA,NA,NA
"4332","sq4084","D12",4.670115e-05,"D12","SB4 5E1","SB","External",5,0.8975208,0.4,0,FALSE,"Bacteria","Verrucomicrobiota","Chlamydiae","Chlamydiales","Simkaniaceae",NA,NA,NA
"4333","sq4117","D12",4.670115e-05,"D12","SB4 5E1","SB","External",5,0.8975208,0.4,0,FALSE,"Bacteria","Proteobacteria","Alphaproteobacteria","Rhizobiales","C2U",NA,NA,NA
"4334","sq4891","D12",4.670115e-05,"D12","SB4 5E1","SB","External",5,0.8975208,0.4,0,FALSE,"Bacteria","Proteobacteria","Gammaproteobacteria","Pseudomonadales","Moraxellaceae",NA,NA,NA
"4335","sq7161","D12",4.670115e-05,"D12","SB4 5E1","SB","External",5,0.8975208,0.4,0,FALSE,"Bacteria","Proteobacteria","Alphaproteobacteria","Tistrellales","Tistrellaceae",NA,NA,NA
"4336","sq13388","D5",4.62214e-05,"D5","SB3 3N1","SB","Internal",3,0.4562304,0,0,FALSE,"Bacteria","Acidobacteriota","Blastocatellia","Pyrinomonadales","Pyrinomonadaceae",NA,NA,NA
"4337","sq1410","D5",4.62214e-05,"D5","SB3 3N1","SB","Internal",3,0.4562304,0,0,FALSE,"Bacteria","Cyanobacteria","Cyanobacteriia","Leptolyngbyales","Leptolyngbyaceae",NA,NA,NA
"4338","sq5217","D5",4.62214e-05,"D5","SB3 3N1","SB","Internal",3,0.4562304,0,0,FALSE,"Bacteria","Dependentiae","Babeliae","Babeliales","UBA12409",NA,NA,NA
"4339","sq534","D5",4.62214e-05,"D5","SB3 3N1","SB","Internal",3,0.4562304,0,0,FALSE,"Bacteria","Cyanobacteria","Cyanobacteriia","Cyanobacteriales","Paraspirulinaceae",NA,NA,NA
"4340","sq4266","D1",4.582771e-05,"D1","SB3 1N1 ","SB","Internal",1,1.016766,NA,0,FALSE,"Bacteria","Bacteroidota","Bacteroidia","Sphingobacteriales","LiUU-11-161",NA,NA,NA
"4341","sq5869","D1",4.582771e-05,"D1","SB3 1N1 ","SB","Internal",1,1.016766,NA,0,FALSE,"Bacteria","Proteobacteria","Alphaproteobacteria","Parvibaculales","Parvibaculaceae",NA,NA,NA
"4342","sq6007","D1",4.582771e-05,"D1","SB3 1N1 ","SB","Internal",1,1.016766,NA,0,FALSE,"Bacteria","Proteobacteria","Alphaproteobacteria","Rickettsiales","Candidatus Jidaibacter",NA,NA,NA
"4343","sq6254","D1",4.582771e-05,"D1","SB3 1N1 ","SB","Internal",1,1.016766,NA,0,FALSE,"Bacteria","Spirochaetota","Brachyspirae","Brachyspirales","LH041",NA,NA,NA
"4344","sq9963","D1",4.582771e-05,"D1","SB3 1N1 ","SB","Internal",1,1.016766,NA,0,FALSE,"Bacteria","Fibrobacterota","Chitinivibrionia","Chitinivibrionales","Chitinivibrionaceae",NA,NA,NA
"4345","sq1046","E9",4.559049e-05,"E9","TM3 27N1","TM","Internal",27,1.647955,2.235,NA,FALSE,"Bacteria","Firmicutes","Clostridia","Peptostreptococcales-Tissierellales","Fusibacteraceae",NA,NA,NA
"4346","sq2503","E9",4.559049e-05,"E9","TM3 27N1","TM","Internal",27,1.647955,2.235,NA,FALSE,"Bacteria","Firmicutes","Bacilli","Bacillales","Bacillaceae",NA,NA,NA
"4347","sq3330","E9",4.559049e-05,"E9","TM3 27N1","TM","Internal",27,1.647955,2.235,NA,FALSE,"Bacteria","Fibrobacterota","Fibrobacteria","Fibrobacterales","SBYZ-1017",NA,NA,NA
"4348","sq390","E9",4.559049e-05,"E9","TM3 27N1","TM","Internal",27,1.647955,2.235,NA,FALSE,"Bacteria","Bacteroidota","Bacteroidia","Bacteroidales","Marinifilaceae",NA,NA,NA
"4349","sq4359","E9",4.559049e-05,"E9","TM3 27N1","TM","Internal",27,1.647955,2.235,NA,FALSE,"Bacteria","Proteobacteria","Alphaproteobacteria","Thalassobaculales","Thalassobaculaceae",NA,NA,NA
"4350","sq1410","D3",4.549694e-05,"D3","SB3 2N1","SB","Internal",2,0.7753723,0.11,NA,FALSE,"Bacteria","Cyanobacteria","Cyanobacteriia","Leptolyngbyales","Leptolyngbyaceae",NA,NA,NA
"4351","sq1860","D3",4.549694e-05,"D3","SB3 2N1","SB","Internal",2,0.7753723,0.11,NA,FALSE,"Bacteria","Bacteroidota","Bacteroidia","Chitinophagales","Chitinophagaceae",NA,NA,NA
"4352","sq2814","D3",4.549694e-05,"D3","SB3 2N1","SB","Internal",2,0.7753723,0.11,NA,FALSE,"Bacteria","Verrucomicrobiota","Lentisphaeria","Oligosphaerales","Oligosphaeraceae",NA,NA,NA
"4353","sq4927","D3",4.549694e-05,"D3","SB3 2N1","SB","Internal",2,0.7753723,0.11,NA,FALSE,"Bacteria","Gemmatimonadota","Gemmatimonadetes","Gemmatimonadales","Gemmatimonadaceae",NA,NA,NA
"4354","sq6364","E6",4.223776e-05,"E6","TM2 23E1","TM","External",23,1.016192,0.102,0,FALSE,"Bacteria","Verrucomicrobiota","Lentisphaeria","Victivallales","PRD18C08",NA,NA,NA
"4355","sq8014","E6",4.223776e-05,"E6","TM2 23E1","TM","External",23,1.016192,0.102,0,FALSE,"Bacteria","Cyanobacteria","Cyanobacteriia","Synechococcales","Prochlorotrichaceae",NA,NA,NA
"4356","sq2722","E10",4.176865e-05,"E10","TM3 27E1","TM","External",27,0.830019,0.233,NA,FALSE,"Bacteria","Verrucomicrobiota","Verrucomicrobiae","Chthoniobacterales","01D2Z36",NA,NA,NA
"4357","sq5842","E10",4.176865e-05,"E10","TM3 27E1","TM","External",27,0.830019,0.233,NA,FALSE,"Bacteria","Armatimonadota","Fimbriimonadia","Fimbriimonadales","Fimbriimonadaceae",NA,NA,NA
"4358","sq7876","E10",4.176865e-05,"E10","TM3 27E1","TM","External",27,0.830019,0.233,NA,FALSE,"Bacteria","Firmicutes","Clostridia","Peptostreptococcales-Tissierellales","Dethiosulfatibacteraceae",NA,NA,NA
"4359","sq8296","E10",4.176865e-05,"E10","TM3 27E1","TM","External",27,0.830019,0.233,NA,FALSE,"Bacteria","Proteobacteria","Magnetococcia","Magnetococcales","Magnetococcaceae",NA,NA,NA
"4360","sq9892","E10",4.176865e-05,"E10","TM3 27E1","TM","External",27,0.830019,0.233,NA,FALSE,"Bacteria","Proteobacteria","Alphaproteobacteria","Kordiimonadales","Kordiimonadaceae",NA,NA,NA
"4361","sq1046","E11",4.147829e-05,"E11","TM3 28N1","TM","Internal",28,1.477156,2.427,0.039,FALSE,"Bacteria","Firmicutes","Clostridia","Peptostreptococcales-Tissierellales","Fusibacteraceae",NA,NA,NA
"4362","sq1792","E11",4.147829e-05,"E11","TM3 28N1","TM","Internal",28,1.477156,2.427,0.039,FALSE,"Bacteria","Bacteroidota","Bacteroidia","Bacteroidales","Salinivirgaceae",NA,NA,NA
"4363","sq2016","E11",4.147829e-05,"E11","TM3 28N1","TM","Internal",28,1.477156,2.427,0.039,FALSE,"Bacteria","Chloroflexi","Chloroflexia","Chloroflexales","Chloroflexaceae",NA,NA,NA
"4364","sq4117","E11",4.147829e-05,"E11","TM3 28N1","TM","Internal",28,1.477156,2.427,0.039,FALSE,"Bacteria","Proteobacteria","Alphaproteobacteria","Rhizobiales","C2U",NA,NA,NA
"4365","sq442","E11",4.147829e-05,"E11","TM3 28N1","TM","Internal",28,1.477156,2.427,0.039,FALSE,"Bacteria","Bacteroidota","Bacteroidia","Flavobacteriales","Schleiferiaceae",NA,NA,NA
"4366","sq3738","D9",4.087505e-05,"D9","SB4 4N1","SB","Internal",4,1.337103,1.856,NA,FALSE,"Bacteria","Bacteroidota","Bacteroidia","Sphingobacteriales","NS11-12 marine group",NA,NA,NA
"4367","sq6007","D9",4.087505e-05,"D9","SB4 4N1","SB","Internal",4,1.337103,1.856,NA,FALSE,"Bacteria","Proteobacteria","Alphaproteobacteria","Rickettsiales","Candidatus Jidaibacter",NA,NA,NA
"4368","sq7161","D9",4.087505e-05,"D9","SB4 4N1","SB","Internal",4,1.337103,1.856,NA,FALSE,"Bacteria","Proteobacteria","Alphaproteobacteria","Tistrellales","Tistrellaceae",NA,NA,NA
"4369","sq10482","D10",4.075179e-05,"D10","SB4 4E1","SB","External",4,0.9473753,0.459,NA,FALSE,"Bacteria","Proteobacteria","Alphaproteobacteria","Acetobacterales","Acetobacteraceae",NA,NA,NA
"4370","sq1766","D10",4.075179e-05,"D10","SB4 4E1","SB","External",4,0.9473753,0.459,NA,FALSE,"Bacteria","Fermentibacterota","Fermentibacteria","Fermentibacterales","Fermentibacteraceae",NA,NA,NA
"4371","sq4397","D10",4.075179e-05,"D10","SB4 4E1","SB","External",4,0.9473753,0.459,NA,FALSE,"Bacteria","Planctomycetota","Phycisphaerae","MSBL9","L21-RPul-D3",NA,NA,NA
"4372","sq6186","D10",4.075179e-05,"D10","SB4 4E1","SB","External",4,0.9473753,0.459,NA,FALSE,"Bacteria","Planctomycetota","Phycisphaerae","Tepidisphaerales","Tepidisphaeraceae",NA,NA,NA
"4373","sq1301","D2",4.035643e-05,"D2","SB3 1E2","SB","External",1,0.9945908,NA,0,FALSE,"Bacteria","Modulibacteria","Moduliflexia","Moduliflexales","Moduliflexaceae",NA,NA,NA
"4374","sq3213","D2",4.035643e-05,"D2","SB3 1E2","SB","External",1,0.9945908,NA,0,FALSE,"Bacteria","Proteobacteria","Alphaproteobacteria","Rickettsiales","AB1",NA,NA,NA
"4375","sq4679","D2",4.035643e-05,"D2","SB3 1E2","SB","External",1,0.9945908,NA,0,FALSE,"Bacteria","Fibrobacterota","Fibrobacteria","Fibrobacterales","SBYC",NA,NA,NA
"4376","sq5939","D2",4.035643e-05,"D2","SB3 1E2","SB","External",1,0.9945908,NA,0,FALSE,"Bacteria","Firmicutes","Clostridia","Peptostreptococcales-Tissierellales","Sporosalibacterium",NA,NA,NA
"4377","sq2016","D8",4.02744e-05,"D8","SB4 3E1","SB","External",3,0.7979979,NA,0,FALSE,"Bacteria","Chloroflexi","Chloroflexia","Chloroflexales","Chloroflexaceae",NA,NA,NA
"4378","sq4006","D8",4.02744e-05,"D8","SB4 3E1","SB","External",3,0.7979979,NA,0,FALSE,"Bacteria","Dependentiae","Babeliae","Babeliales","Vermiphilaceae",NA,NA,NA
"4379","sq4084","D8",4.02744e-05,"D8","SB4 3E1","SB","External",3,0.7979979,NA,0,FALSE,"Bacteria","Verrucomicrobiota","Chlamydiae","Chlamydiales","Simkaniaceae",NA,NA,NA
"4380","sq6007","D8",4.02744e-05,"D8","SB4 3E1","SB","External",3,0.7979979,NA,0,FALSE,"Bacteria","Proteobacteria","Alphaproteobacteria","Rickettsiales","Candidatus Jidaibacter",NA,NA,NA
"4381","sq1410","D6",4.005728e-05,"D6","SB3 3E1","SB","External",3,0.7111695,0.121,0,FALSE,"Bacteria","Cyanobacteria","Cyanobacteriia","Leptolyngbyales","Leptolyngbyaceae",NA,NA,NA
"4382","sq2581","D6",4.005728e-05,"D6","SB3 3E1","SB","External",3,0.7111695,0.121,0,FALSE,"Bacteria","Cyanobacteria","Cyanobacteriia","Thermosynechococcales","Thermosynechococcaceae",NA,NA,NA
"4383","sq2634","D6",4.005728e-05,"D6","SB3 3E1","SB","External",3,0.7111695,0.121,0,FALSE,"Bacteria","Proteobacteria","Gammaproteobacteria","Legionellales","Legionellaceae",NA,NA,NA
"4384","sq4679","D6",4.005728e-05,"D6","SB3 3E1","SB","External",3,0.7111695,0.121,0,FALSE,"Bacteria","Fibrobacterota","Fibrobacteria","Fibrobacterales","SBYC",NA,NA,NA
"4385","sq4688","D6",4.005728e-05,"D6","SB3 3E1","SB","External",3,0.7111695,0.121,0,FALSE,"Bacteria","Proteobacteria","Alphaproteobacteria","Rickettsiales","Anaplasmataceae",NA,NA,NA
"4386","sq5611","D6",4.005728e-05,"D6","SB3 3E1","SB","External",3,0.7111695,0.121,0,FALSE,"Bacteria","Dependentiae","Babeliae","Babeliales","UBA12411",NA,NA,NA
"4387","sq989","D6",4.005728e-05,"D6","SB3 3E1","SB","External",3,0.7111695,0.121,0,FALSE,"Bacteria","Myxococcota","Polyangia","Haliangiales","Haliangiaceae",NA,NA,NA
"4388","sq11768","D11",4.004926e-05,"D11","SB4 5N1","SB","Internal",5,1.132759,0.701,0,FALSE,"Bacteria","Fibrobacterota","Fibrobacteria","Fibrobacterales","B122",NA,NA,NA
"4389","sq13462","D11",4.004926e-05,"D11","SB4 5N1","SB","Internal",5,1.132759,0.701,0,FALSE,"Bacteria","Proteobacteria","Gammaproteobacteria","Piscirickettsiales","Piscirickettsiaceae",NA,NA,NA
"4390","sq13965","D11",4.004926e-05,"D11","SB4 5N1","SB","Internal",5,1.132759,0.701,0,FALSE,"Bacteria","Planctomycetota","Phycisphaerae","Tepidisphaerales","WD2101 soil group",NA,NA,NA
"4391","sq2951","D11",4.004926e-05,"D11","SB4 5N1","SB","Internal",5,1.132759,0.701,0,FALSE,"Bacteria","Verrucomicrobiota","Chlamydiae","Chlamydiales","Chlamydiaceae",NA,NA,NA
"4392","sq4562","D11",4.004926e-05,"D11","SB4 5N1","SB","Internal",5,1.132759,0.701,0,FALSE,"Bacteria","Proteobacteria","Gammaproteobacteria","Salinisphaerales","Solimonadaceae",NA,NA,NA
"4393","sq6254","D11",4.004926e-05,"D11","SB4 5N1","SB","Internal",5,1.132759,0.701,0,FALSE,"Bacteria","Spirochaetota","Brachyspirae","Brachyspirales","LH041",NA,NA,NA
"4394","sq8889","D11",4.004926e-05,"D11","SB4 5N1","SB","Internal",5,1.132759,0.701,0,FALSE,"Bacteria","Verrucomicrobiota","Verrucomicrobiae","Chthoniobacterales","Chthoniobacteraceae",NA,NA,NA
"4395","sq9343","D11",4.004926e-05,"D11","SB4 5N1","SB","Internal",5,1.132759,0.701,0,FALSE,"Bacteria","Verrucomicrobiota","Omnitrophia","Omnitrophales","koll11",NA,NA,NA
"4396","sq104","E12",3.952804e-05,"E12","TM3 28E1","TM","External",28,1.516085,1.023,0,FALSE,"Bacteria","Cyanobacteria","Cyanobacteriia","Phormidesmiales","Nodosilineaceae",NA,NA,NA
"4397","sq1518","E12",3.952804e-05,"E12","TM3 28E1","TM","External",28,1.516085,1.023,0,FALSE,"Bacteria","Planctomycetota","Planctomycetes","Planctomycetales","Schlesneriaceae",NA,NA,NA
"4398","sq4359","E12",3.952804e-05,"E12","TM3 28E1","TM","External",28,1.516085,1.023,0,FALSE,"Bacteria","Proteobacteria","Alphaproteobacteria","Thalassobaculales","Thalassobaculaceae",NA,NA,NA
"4399","sq5109","E12",3.952804e-05,"E12","TM3 28E1","TM","External",28,1.516085,1.023,0,FALSE,"Bacteria","Cyanobacteria","Vampirivibrionia","Obscuribacterales","Obscuribacteraceae",NA,NA,NA
"4400","sq6360","E12",3.952804e-05,"E12","TM3 28E1","TM","External",28,1.516085,1.023,0,FALSE,"Bacteria","Proteobacteria","Gammaproteobacteria","Pseudomonadales","Halomonadaceae",NA,NA,NA
"4401","sq6586","E12",3.952804e-05,"E12","TM3 28E1","TM","External",28,1.516085,1.023,0,FALSE,"Bacteria","Spirochaetota","Brachyspirae","Brachyspirales","Brachyspiraceae",NA,NA,NA
"4402","sq7299","E12",3.952804e-05,"E12","TM3 28E1","TM","External",28,1.516085,1.023,0,FALSE,"Bacteria","Bacteroidota","Bacteroidia","Bacteroidales","LKC2.127-25",NA,NA,NA
"4403","sq3486","D1",3.92809e-05,"D1","SB3 1N1 ","SB","Internal",1,1.016766,NA,0,FALSE,"Bacteria","Firmicutes","Clostridia","Peptococcales","Peptococcaceae",NA,NA,NA
"4404","sq4927","D1",3.92809e-05,"D1","SB3 1N1 ","SB","Internal",1,1.016766,NA,0,FALSE,"Bacteria","Gemmatimonadota","Gemmatimonadetes","Gemmatimonadales","Gemmatimonadaceae",NA,NA,NA
"4405","sq6364","D1",3.92809e-05,"D1","SB3 1N1 ","SB","Internal",1,1.016766,NA,0,FALSE,"Bacteria","Verrucomicrobiota","Lentisphaeria","Victivallales","PRD18C08",NA,NA,NA
"4406","sq4113","E7",3.882251e-05,"E7","TM3 26N1","TM","Internal",26,1.910828,NA,0.056,FALSE,"Bacteria","Bacteroidota","Bacteroidia","Sphingobacteriales","E6aC02",NA,NA,NA
"4407","sq6364","E7",3.882251e-05,"E7","TM3 26N1","TM","Internal",26,1.910828,NA,0.056,FALSE,"Bacteria","Verrucomicrobiota","Lentisphaeria","Victivallales","PRD18C08",NA,NA,NA
"4408","sq8451","E7",3.882251e-05,"E7","TM3 26N1","TM","Internal",26,1.910828,NA,0.056,FALSE,"Bacteria","Campylobacterota","Campylobacteria","Campylobacterales","Sulfurospirillaceae",NA,NA,NA
"4409","sq14766","D7",3.831858e-05,"D7","SB4 3N1","SB","Internal",3,0.9474643,NA,0,FALSE,"Bacteria","Proteobacteria","Alphaproteobacteria","Azospirillales","Inquilinaceae",NA,NA,NA
"4410","sq2016","D7",3.831858e-05,"D7","SB4 3N1","SB","Internal",3,0.9474643,NA,0,FALSE,"Bacteria","Chloroflexi","Chloroflexia","Chloroflexales","Chloroflexaceae",NA,NA,NA
"4411","sq2054","D7",3.831858e-05,"D7","SB4 3N1","SB","Internal",3,0.9474643,NA,0,FALSE,"Bacteria","Halanaerobiaeota","Halanaerobiia","Halanaerobiales","Halobacteroidaceae",NA,NA,NA
"4412","sq2114","D7",3.831858e-05,"D7","SB4 3N1","SB","Internal",3,0.9474643,NA,0,FALSE,"Bacteria","Planctomycetota","Phycisphaerae","MSBL9","SG8-4",NA,NA,NA
"4413","sq418","D7",3.831858e-05,"D7","SB4 3N1","SB","Internal",3,0.9474643,NA,0,FALSE,"Bacteria","Planctomycetota","Phycisphaerae","Phycisphaerales","AKAU3564 sediment group",NA,NA,NA
"4414","sq4927","D7",3.831858e-05,"D7","SB4 3N1","SB","Internal",3,0.9474643,NA,0,FALSE,"Bacteria","Gemmatimonadota","Gemmatimonadetes","Gemmatimonadales","Gemmatimonadaceae",NA,NA,NA
"4415","sq5217","D7",3.831858e-05,"D7","SB4 3N1","SB","Internal",3,0.9474643,NA,0,FALSE,"Bacteria","Dependentiae","Babeliae","Babeliales","UBA12409",NA,NA,NA
"4416","sq1410","E4",3.83061e-05,"E4","TM2 22E1","TM","External",22,1.310616,0.595,NA,FALSE,"Bacteria","Cyanobacteria","Cyanobacteriia","Leptolyngbyales","Leptolyngbyaceae",NA,NA,NA
"4417","sq9394","E4",3.83061e-05,"E4","TM2 22E1","TM","External",22,1.310616,0.595,NA,FALSE,"Bacteria","Proteobacteria","Gammaproteobacteria","Burkholderiales","Burkholderiaceae",NA,NA,NA
"4418","sq11981","E5",3.830024e-05,"E5","TM2 23N1","TM","Internal",23,1.04109,0.484,0,FALSE,"Bacteria","Actinobacteriota","Actinobacteria","Propionibacteriales","Propionibacteriaceae",NA,NA,NA
"4419","sq390","E5",3.830024e-05,"E5","TM2 23N1","TM","Internal",23,1.04109,0.484,0,FALSE,"Bacteria","Bacteroidota","Bacteroidia","Bacteroidales","Marinifilaceae",NA,NA,NA
"4420","sq4927","D4",3.805139e-05,"D4","SB3 2E1","SB","External",2,0.6529851,0.136,NA,FALSE,"Bacteria","Gemmatimonadota","Gemmatimonadetes","Gemmatimonadales","Gemmatimonadaceae",NA,NA,NA
"4421","sq1414","E3",3.757033e-05,"E3","TM2 22N1","TM","Internal",22,1.027042,1.612,NA,FALSE,"Bacteria","Cyanobacteria","Cyanobacteriia","Cyanobacteriales","Geitlerinemaceae",NA,NA,NA
"4422","sq4084","E3",3.757033e-05,"E3","TM2 22N1","TM","Internal",22,1.027042,1.612,NA,FALSE,"Bacteria","Verrucomicrobiota","Chlamydiae","Chlamydiales","Simkaniaceae",NA,NA,NA
"4423","sq4777","E3",3.757033e-05,"E3","TM2 22N1","TM","Internal",22,1.027042,1.612,NA,FALSE,"Bacteria","Fibrobacterota","Fibrobacteria","Fibrobacterales","SBXY-748",NA,NA,NA
"4424","sq5217","E3",3.757033e-05,"E3","TM2 22N1","TM","Internal",22,1.027042,1.612,NA,FALSE,"Bacteria","Dependentiae","Babeliae","Babeliales","UBA12409",NA,NA,NA
"4425","sq6474","E3",3.757033e-05,"E3","TM2 22N1","TM","Internal",22,1.027042,1.612,NA,FALSE,"Bacteria","Fibrobacterota","Fibrobacteria","Fibrobacterales","B5-096",NA,NA,NA
"4426","sq6586","E3",3.757033e-05,"E3","TM2 22N1","TM","Internal",22,1.027042,1.612,NA,FALSE,"Bacteria","Spirochaetota","Brachyspirae","Brachyspirales","Brachyspiraceae",NA,NA,NA
"4427","sq9623","E3",3.757033e-05,"E3","TM2 22N1","TM","Internal",22,1.027042,1.612,NA,FALSE,"Bacteria","Actinobacteriota","Thermoleophilia","Solirubrobacterales","67-14",NA,NA,NA
"4428","sq9963","E3",3.757033e-05,"E3","TM2 22N1","TM","Internal",22,1.027042,1.612,NA,FALSE,"Bacteria","Fibrobacterota","Chitinivibrionia","Chitinivibrionales","Chitinivibrionaceae",NA,NA,NA
"4429","sq14044","D5",3.697712e-05,"D5","SB3 3N1","SB","Internal",3,0.4562304,0,0,FALSE,"Bacteria","Bacteroidota","Bacteroidia","Sphingobacteriales","CMW-169",NA,NA,NA
"4430","sq14059","D5",3.697712e-05,"D5","SB3 3N1","SB","Internal",3,0.4562304,0,0,FALSE,"Bacteria","Bacteroidota","Bacteroidia","Sphingobacteriales","ADurb.Bin408",NA,NA,NA
"4431","sq6007","D5",3.697712e-05,"D5","SB3 3N1","SB","Internal",3,0.4562304,0,0,FALSE,"Bacteria","Proteobacteria","Alphaproteobacteria","Rickettsiales","Candidatus Jidaibacter",NA,NA,NA
"4432","sq6244","D5",3.697712e-05,"D5","SB3 3N1","SB","Internal",3,0.4562304,0,0,FALSE,"Bacteria","Verrucomicrobiota","Lentisphaeria","Victivallales","Arctic95B-14",NA,NA,NA
"4433","sq14996","E2",3.6695e-05,"E2","TM2 21E1","TM","External",21,3.767123,NA,0,FALSE,"Bacteria","Chloroflexi","Chloroflexia","Thermomicrobiales","JG30-KF-CM45",NA,NA,NA
"4434","sq15021","E2",3.6695e-05,"E2","TM2 21E1","TM","External",21,3.767123,NA,0,FALSE,"Bacteria","Actinobacteriota","Acidimicrobiia","Actinomarinales","Actinomarinaceae",NA,NA,NA
"4435","sq1766","E2",3.6695e-05,"E2","TM2 21E1","TM","External",21,3.767123,NA,0,FALSE,"Bacteria","Fermentibacterota","Fermentibacteria","Fermentibacterales","Fermentibacteraceae",NA,NA,NA
"4436","sq1792","E2",3.6695e-05,"E2","TM2 21E1","TM","External",21,3.767123,NA,0,FALSE,"Bacteria","Bacteroidota","Bacteroidia","Bacteroidales","Salinivirgaceae",NA,NA,NA
"4437","sq14546","E9",3.647239e-05,"E9","TM3 27N1","TM","Internal",27,1.647955,2.235,NA,FALSE,"Bacteria","Entotheonellaeota","Entotheonellia","Entotheonellales","Entotheonellaceae",NA,NA,NA
"4438","sq1513","E9",3.647239e-05,"E9","TM3 27N1","TM","Internal",27,1.647955,2.235,NA,FALSE,"Bacteria","Campylobacterota","Campylobacteria","Campylobacterales","Helicobacteraceae",NA,NA,NA
"4439","sq2138","E9",3.647239e-05,"E9","TM3 27N1","TM","Internal",27,1.647955,2.235,NA,FALSE,"Bacteria","Cloacimonadota","Cloacimonadia","Cloacimonadales","MSBL8",NA,NA,NA
"4440","sq4084","E9",3.647239e-05,"E9","TM3 27N1","TM","Internal",27,1.647955,2.235,NA,FALSE,"Bacteria","Verrucomicrobiota","Chlamydiae","Chlamydiales","Simkaniaceae",NA,NA,NA
"4441","sq7841","E9",3.647239e-05,"E9","TM3 27N1","TM","Internal",27,1.647955,2.235,NA,FALSE,"Bacteria","Cyanobacteria","Cyanobacteriia","Cyanobacteriales","Cyanobacteriaceae",NA,NA,NA
"4442","sq9386","E9",3.647239e-05,"E9","TM3 27N1","TM","Internal",27,1.647955,2.235,NA,FALSE,"Bacteria","Verrucomicrobiota","Chlamydiae","Chlamydiales","Waddliaceae",NA,NA,NA
"4443","sq1373","E8",3.545261e-05,"E8","TM3 26E1","TM","External",26,1.169005,NA,0.034,FALSE,"Bacteria","Verrucomicrobiota","Verrucomicrobiae","Verrucomicrobiales","DEV007",NA,NA,NA
"4444","sq1410","E8",3.545261e-05,"E8","TM3 26E1","TM","External",26,1.169005,NA,0.034,FALSE,"Bacteria","Cyanobacteria","Cyanobacteriia","Leptolyngbyales","Leptolyngbyaceae",NA,NA,NA
"4445","sq2016","E8",3.545261e-05,"E8","TM3 26E1","TM","External",26,1.169005,NA,0.034,FALSE,"Bacteria","Chloroflexi","Chloroflexia","Chloroflexales","Chloroflexaceae",NA,NA,NA
"4446","sq390","E8",3.545261e-05,"E8","TM3 26E1","TM","External",26,1.169005,NA,0.034,FALSE,"Bacteria","Bacteroidota","Bacteroidia","Bacteroidales","Marinifilaceae",NA,NA,NA
"4447","sq7184","E8",3.545261e-05,"E8","TM3 26E1","TM","External",26,1.169005,NA,0.034,FALSE,"Bacteria","Firmicutes","Clostridia","Clostridiales","Clostridiaceae",NA,NA,NA
"4448","sq9963","E8",3.545261e-05,"E8","TM3 26E1","TM","External",26,1.169005,NA,0.034,FALSE,"Bacteria","Fibrobacterota","Chitinivibrionia","Chitinivibrionales","Chitinivibrionaceae",NA,NA,NA
"4449","sq1513","D12",3.502586e-05,"D12","SB4 5E1","SB","External",5,0.8975208,0.4,0,FALSE,"Bacteria","Campylobacterota","Campylobacteria","Campylobacterales","Helicobacteraceae",NA,NA,NA
"4450","sq2193","D12",3.502586e-05,"D12","SB4 5E1","SB","External",5,0.8975208,0.4,0,FALSE,"Bacteria","Campylobacterota","Campylobacteria","Campylobacterales","Rs-M59 termite group",NA,NA,NA
"4451","sq3921","D12",3.502586e-05,"D12","SB4 5E1","SB","External",5,0.8975208,0.4,0,FALSE,"Bacteria","Proteobacteria","Gammaproteobacteria","Diplorickettsiales","Diplorickettsiaceae",NA,NA,NA
"4452","sq7691","D12",3.502586e-05,"D12","SB4 5E1","SB","External",5,0.8975208,0.4,0,FALSE,"Bacteria","Verrucomicrobiota","Verrucomicrobiae","Opitutales","Opitutaceae",NA,NA,NA
"4453","sq8820","D12",3.502586e-05,"D12","SB4 5E1","SB","External",5,0.8975208,0.4,0,FALSE,"Bacteria","Proteobacteria","Alphaproteobacteria","Paracaedibacterales","Paracaedibacteraceae",NA,NA,NA
"4454","sq2193","D3",3.412271e-05,"D3","SB3 2N1","SB","Internal",2,0.7753723,0.11,NA,FALSE,"Bacteria","Campylobacterota","Campylobacteria","Campylobacterales","Rs-M59 termite group",NA,NA,NA
"4455","sq2645","D3",3.412271e-05,"D3","SB3 2N1","SB","Internal",2,0.7753723,0.11,NA,FALSE,"Bacteria","Proteobacteria","Gammaproteobacteria","Pseudomonadales","Spongiibacteraceae",NA,NA,NA
"4456","sq2938","D3",3.412271e-05,"D3","SB3 2N1","SB","Internal",2,0.7753723,0.11,NA,FALSE,"Bacteria","Proteobacteria","Gammaproteobacteria","Francisellales","Francisellaceae",NA,NA,NA
"4457","sq8296","D3",3.412271e-05,"D3","SB3 2N1","SB","Internal",2,0.7753723,0.11,NA,FALSE,"Bacteria","Proteobacteria","Magnetococcia","Magnetococcales","Magnetococcaceae",NA,NA,NA
"4458","sq11060","E10",3.341492e-05,"E10","TM3 27E1","TM","External",27,0.830019,0.233,NA,FALSE,"Bacteria","Proteobacteria","Alphaproteobacteria","Caedibacterales","Caedibacteraceae",NA,NA,NA
"4459","sq1518","E10",3.341492e-05,"E10","TM3 27E1","TM","External",27,0.830019,0.233,NA,FALSE,"Bacteria","Planctomycetota","Planctomycetes","Planctomycetales","Schlesneriaceae",NA,NA,NA
"4460","sq4446","E10",3.341492e-05,"E10","TM3 27E1","TM","External",27,0.830019,0.233,NA,FALSE,"Bacteria","Proteobacteria","Alphaproteobacteria","Kiloniellales","Fodinicurvataceae",NA,NA,NA
"4461","sq4535","E10",3.341492e-05,"E10","TM3 27E1","TM","External",27,0.830019,0.233,NA,FALSE,"Bacteria","Proteobacteria","Alphaproteobacteria","Rickettsiales","Rickettsiaceae",NA,NA,NA
"4462","sq5611","E10",3.341492e-05,"E10","TM3 27E1","TM","External",27,0.830019,0.233,NA,FALSE,"Bacteria","Dependentiae","Babeliae","Babeliales","UBA12411",NA,NA,NA
"4463","sq6137","E10",3.341492e-05,"E10","TM3 27E1","TM","External",27,0.830019,0.233,NA,FALSE,"Bacteria","Proteobacteria","Alphaproteobacteria","SAR11 clade","Clade I",NA,NA,NA
"4464","sq8451","E10",3.341492e-05,"E10","TM3 27E1","TM","External",27,0.830019,0.233,NA,FALSE,"Bacteria","Campylobacterota","Campylobacteria","Campylobacterales","Sulfurospirillaceae",NA,NA,NA
"4465","sq10085","D1",3.273408e-05,"D1","SB3 1N1 ","SB","Internal",1,1.016766,NA,0,FALSE,"Bacteria","Fibrobacterota","Fibrobacteria","Fibrobacterales","BBMC-4",NA,NA,NA
"4466","sq4117","D1",3.273408e-05,"D1","SB3 1N1 ","SB","Internal",1,1.016766,NA,0,FALSE,"Bacteria","Proteobacteria","Alphaproteobacteria","Rhizobiales","C2U",NA,NA,NA
"4467","sq4594","D1",3.273408e-05,"D1","SB3 1N1 ","SB","Internal",1,1.016766,NA,0,FALSE,"Bacteria","Firmicutes","Bacilli","Erysipelotrichales","Erysipelotrichaceae",NA,NA,NA
"4468","sq4679","D1",3.273408e-05,"D1","SB3 1N1 ","SB","Internal",1,1.016766,NA,0,FALSE,"Bacteria","Fibrobacterota","Fibrobacteria","Fibrobacterales","SBYC",NA,NA,NA
"4469","sq2016","D9",3.270004e-05,"D9","SB4 4N1","SB","Internal",4,1.337103,1.856,NA,FALSE,"Bacteria","Chloroflexi","Chloroflexia","Chloroflexales","Chloroflexaceae",NA,NA,NA
"4470","sq3467","D9",3.270004e-05,"D9","SB4 4N1","SB","Internal",4,1.337103,1.856,NA,FALSE,"Bacteria","Bacteroidota","Bacteroidia","Bacteroidales","Marinilabiliaceae",NA,NA,NA
"4471","sq4397","D9",3.270004e-05,"D9","SB4 4N1","SB","Internal",4,1.337103,1.856,NA,FALSE,"Bacteria","Planctomycetota","Phycisphaerae","MSBL9","L21-RPul-D3",NA,NA,NA
"4472","sq4540","D9",3.270004e-05,"D9","SB4 4N1","SB","Internal",4,1.337103,1.856,NA,FALSE,"Bacteria","Bacteroidota","Bacteroidia","Bacteroidales","Bacteroidetes vadinHA17",NA,NA,NA
"4473","sq4825","D9",3.270004e-05,"D9","SB4 4N1","SB","Internal",4,1.337103,1.856,NA,FALSE,"Bacteria","Fibrobacterota","Fibrobacteria","Fibrobacterales","Candidatus Raymondbacteria",NA,NA,NA
"4474","sq5697","D9",3.270004e-05,"D9","SB4 4N1","SB","Internal",4,1.337103,1.856,NA,FALSE,"Bacteria","Proteobacteria","Gammaproteobacteria","Acidiferrobacterales","Acidiferrobacteraceae",NA,NA,NA
"4475","sq6474","D9",3.270004e-05,"D9","SB4 4N1","SB","Internal",4,1.337103,1.856,NA,FALSE,"Bacteria","Fibrobacterota","Fibrobacteria","Fibrobacterales","B5-096",NA,NA,NA
"4476","sq9072","D9",3.270004e-05,"D9","SB4 4N1","SB","Internal",4,1.337103,1.856,NA,FALSE,"Bacteria","Acidobacteriota","Acidobacteriae","Bryobacterales","Bryobacteraceae",NA,NA,NA
"4477","sq13459","D10",3.260143e-05,"D10","SB4 4E1","SB","External",4,0.9473753,0.459,NA,FALSE,"Bacteria","Firmicutes","Bacilli","Paenibacillales","Paenibacillaceae",NA,NA,NA
"4478","sq13462","D10",3.260143e-05,"D10","SB4 4E1","SB","External",4,0.9473753,0.459,NA,FALSE,"Bacteria","Proteobacteria","Gammaproteobacteria","Piscirickettsiales","Piscirickettsiaceae",NA,NA,NA
"4479","sq3213","D10",3.260143e-05,"D10","SB4 4E1","SB","External",4,0.9473753,0.459,NA,FALSE,"Bacteria","Proteobacteria","Alphaproteobacteria","Rickettsiales","AB1",NA,NA,NA
"4480","sq5109","D10",3.260143e-05,"D10","SB4 4E1","SB","External",4,0.9473753,0.459,NA,FALSE,"Bacteria","Cyanobacteria","Vampirivibrionia","Obscuribacterales","Obscuribacteraceae",NA,NA,NA
"4481","sq6364","D10",3.260143e-05,"D10","SB4 4E1","SB","External",4,0.9473753,0.459,NA,FALSE,"Bacteria","Verrucomicrobiota","Lentisphaeria","Victivallales","PRD18C08",NA,NA,NA
"4482","sq8820","D10",3.260143e-05,"D10","SB4 4E1","SB","External",4,0.9473753,0.459,NA,FALSE,"Bacteria","Proteobacteria","Alphaproteobacteria","Paracaedibacterales","Paracaedibacteraceae",NA,NA,NA
"4483","sq10085","D2",3.228514e-05,"D2","SB3 1E2","SB","External",1,0.9945908,NA,0,FALSE,"Bacteria","Fibrobacterota","Fibrobacteria","Fibrobacterales","BBMC-4",NA,NA,NA
"4484","sq3921","D2",3.228514e-05,"D2","SB3 1E2","SB","External",1,0.9945908,NA,0,FALSE,"Bacteria","Proteobacteria","Gammaproteobacteria","Diplorickettsiales","Diplorickettsiaceae",NA,NA,NA
"4485","sq440","D2",3.228514e-05,"D2","SB3 1E2","SB","External",1,0.9945908,NA,0,FALSE,"Bacteria","Fusobacteriota","Fusobacteriia","Fusobacteriales","Fusobacteriaceae",NA,NA,NA
"4486","sq1414","E6",3.167832e-05,"E6","TM2 23E1","TM","External",23,1.016192,0.102,0,FALSE,"Bacteria","Cyanobacteria","Cyanobacteriia","Cyanobacteriales","Geitlerinemaceae",NA,NA,NA
"4487","sq2938","E6",3.167832e-05,"E6","TM2 23E1","TM","External",23,1.016192,0.102,0,FALSE,"Bacteria","Proteobacteria","Gammaproteobacteria","Francisellales","Francisellaceae",NA,NA,NA
"4488","sq4084","E6",3.167832e-05,"E6","TM2 23E1","TM","External",23,1.016192,0.102,0,FALSE,"Bacteria","Verrucomicrobiota","Chlamydiae","Chlamydiales","Simkaniaceae",NA,NA,NA
"4489","sq4594","E6",3.167832e-05,"E6","TM2 23E1","TM","External",23,1.016192,0.102,0,FALSE,"Bacteria","Firmicutes","Bacilli","Erysipelotrichales","Erysipelotrichaceae",NA,NA,NA
"4490","sq3213","E11",3.110871e-05,"E11","TM3 28N1","TM","Internal",28,1.477156,2.427,0.039,FALSE,"Bacteria","Proteobacteria","Alphaproteobacteria","Rickettsiales","AB1",NA,NA,NA
"4491","sq390","E11",3.110871e-05,"E11","TM3 28N1","TM","Internal",28,1.477156,2.427,0.039,FALSE,"Bacteria","Bacteroidota","Bacteroidia","Bacteroidales","Marinifilaceae",NA,NA,NA
"4492","sq4359","E11",3.110871e-05,"E11","TM3 28N1","TM","Internal",28,1.477156,2.427,0.039,FALSE,"Bacteria","Proteobacteria","Alphaproteobacteria","Thalassobaculales","Thalassobaculaceae",NA,NA,NA
"4493","sq4594","E11",3.110871e-05,"E11","TM3 28N1","TM","Internal",28,1.477156,2.427,0.039,FALSE,"Bacteria","Firmicutes","Bacilli","Erysipelotrichales","Erysipelotrichaceae",NA,NA,NA
"4494","sq7841","E11",3.110871e-05,"E11","TM3 28N1","TM","Internal",28,1.477156,2.427,0.039,FALSE,"Bacteria","Cyanobacteria","Cyanobacteriia","Cyanobacteriales","Cyanobacteriaceae",NA,NA,NA
"4495","sq9971","E11",3.110871e-05,"E11","TM3 28N1","TM","Internal",28,1.477156,2.427,0.039,FALSE,"Bacteria","Verrucomicrobiota","Chlamydiae","Chlamydiales","cvE6",NA,NA,NA
"4496","sq3486","D6",3.004296e-05,"D6","SB3 3E1","SB","External",3,0.7111695,0.121,0,FALSE,"Bacteria","Firmicutes","Clostridia","Peptococcales","Peptococcaceae",NA,NA,NA
"4497","sq6474","D6",3.004296e-05,"D6","SB3 3E1","SB","External",3,0.7111695,0.121,0,FALSE,"Bacteria","Fibrobacterota","Fibrobacteria","Fibrobacterales","B5-096",NA,NA,NA
"4498","sq7299","D6",3.004296e-05,"D6","SB3 3E1","SB","External",3,0.7111695,0.121,0,FALSE,"Bacteria","Bacteroidota","Bacteroidia","Bacteroidales","LKC2.127-25",NA,NA,NA
"4499","sq8820","D6",3.004296e-05,"D6","SB3 3E1","SB","External",3,0.7111695,0.121,0,FALSE,"Bacteria","Proteobacteria","Alphaproteobacteria","Paracaedibacterales","Paracaedibacteraceae",NA,NA,NA
"4500","sq4397","D11",3.003695e-05,"D11","SB4 5N1","SB","Internal",5,1.132759,0.701,0,FALSE,"Bacteria","Planctomycetota","Phycisphaerae","MSBL9","L21-RPul-D3",NA,NA,NA
"4501","sq5217","D11",3.003695e-05,"D11","SB4 5N1","SB","Internal",5,1.132759,0.701,0,FALSE,"Bacteria","Dependentiae","Babeliae","Babeliales","UBA12409",NA,NA,NA
"4502","sq7841","D11",3.003695e-05,"D11","SB4 5N1","SB","Internal",5,1.132759,0.701,0,FALSE,"Bacteria","Cyanobacteria","Cyanobacteriia","Cyanobacteriales","Cyanobacteriaceae",NA,NA,NA
"4503","sq11768","E12",2.964603e-05,"E12","TM3 28E1","TM","External",28,1.516085,1.023,0,FALSE,"Bacteria","Fibrobacterota","Fibrobacteria","Fibrobacterales","B122",NA,NA,NA
"4504","sq15021","E12",2.964603e-05,"E12","TM3 28E1","TM","External",28,1.516085,1.023,0,FALSE,"Bacteria","Actinobacteriota","Acidimicrobiia","Actinomarinales","Actinomarinaceae",NA,NA,NA
"4505","sq442","E12",2.964603e-05,"E12","TM3 28E1","TM","External",28,1.516085,1.023,0,FALSE,"Bacteria","Bacteroidota","Bacteroidia","Flavobacteriales","Schleiferiaceae",NA,NA,NA
"4506","sq8889","E12",2.964603e-05,"E12","TM3 28E1","TM","External",28,1.516085,1.023,0,FALSE,"Bacteria","Verrucomicrobiota","Verrucomicrobiae","Chthoniobacterales","Chthoniobacteraceae",NA,NA,NA
"4507","sq1410","E7",2.911688e-05,"E7","TM3 26N1","TM","Internal",26,1.910828,NA,0.056,FALSE,"Bacteria","Cyanobacteria","Cyanobacteriia","Leptolyngbyales","Leptolyngbyaceae",NA,NA,NA
"4508","sq15148","E7",2.911688e-05,"E7","TM3 26N1","TM","Internal",26,1.910828,NA,0.056,FALSE,"Bacteria","Verrucomicrobiota","Chlamydiae","Chlamydiales","Criblamydiaceae",NA,NA,NA
"4509","sq2866","E7",2.911688e-05,"E7","TM3 26N1","TM","Internal",26,1.910828,NA,0.056,FALSE,"Bacteria","Cyanobacteria","Cyanobacteriia","Cyanobacteriales","Nostocaceae",NA,NA,NA
"4510","sq4535","E7",2.911688e-05,"E7","TM3 26N1","TM","Internal",26,1.910828,NA,0.056,FALSE,"Bacteria","Proteobacteria","Alphaproteobacteria","Rickettsiales","Rickettsiaceae",NA,NA,NA
"4511","sq9343","E7",2.911688e-05,"E7","TM3 26N1","TM","Internal",26,1.910828,NA,0.056,FALSE,"Bacteria","Verrucomicrobiota","Omnitrophia","Omnitrophales","koll11",NA,NA,NA
"4512","sq3554","E4",2.872958e-05,"E4","TM2 22E1","TM","External",22,1.310616,0.595,NA,FALSE,"Bacteria","Nitrospirota","Nitrospiria","Nitrospirales","Nitrospiraceae",NA,NA,NA
"4513","sq5217","E4",2.872958e-05,"E4","TM2 22E1","TM","External",22,1.310616,0.595,NA,FALSE,"Bacteria","Dependentiae","Babeliae","Babeliales","UBA12409",NA,NA,NA
"4514","sq5506","E4",2.872958e-05,"E4","TM2 22E1","TM","External",22,1.310616,0.595,NA,FALSE,"Bacteria","Myxococcota","Polyangia","Polyangiales","Polyangiaceae",NA,NA,NA
"4515","sq6244","E4",2.872958e-05,"E4","TM2 22E1","TM","External",22,1.310616,0.595,NA,FALSE,"Bacteria","Verrucomicrobiota","Lentisphaeria","Victivallales","Arctic95B-14",NA,NA,NA
"4516","sq7329","E4",2.872958e-05,"E4","TM2 22E1","TM","External",22,1.310616,0.595,NA,FALSE,"Bacteria","Chloroflexi","Chloroflexia","Thermomicrobiales","AKYG1722",NA,NA,NA
"4517","sq7876","E4",2.872958e-05,"E4","TM2 22E1","TM","External",22,1.310616,0.595,NA,FALSE,"Bacteria","Firmicutes","Clostridia","Peptostreptococcales-Tissierellales","Dethiosulfatibacteraceae",NA,NA,NA
"4518","sq9963","E4",2.872958e-05,"E4","TM2 22E1","TM","External",22,1.310616,0.595,NA,FALSE,"Bacteria","Fibrobacterota","Chitinivibrionia","Chitinivibrionales","Chitinivibrionaceae",NA,NA,NA
"4519","sq2497","D4",2.853854e-05,"D4","SB3 2E1","SB","External",2,0.6529851,0.136,NA,FALSE,"Bacteria","Latescibacterota","Latescibacteria","Latescibacterales","Latescibacteraceae",NA,NA,NA
"4520","sq3213","D4",2.853854e-05,"D4","SB3 2E1","SB","External",2,0.6529851,0.136,NA,FALSE,"Bacteria","Proteobacteria","Alphaproteobacteria","Rickettsiales","AB1",NA,NA,NA
"4521","sq5842","D4",2.853854e-05,"D4","SB3 2E1","SB","External",2,0.6529851,0.136,NA,FALSE,"Bacteria","Armatimonadota","Fimbriimonadia","Fimbriimonadales","Fimbriimonadaceae",NA,NA,NA
"4522","sq7304","D4",2.853854e-05,"D4","SB3 2E1","SB","External",2,0.6529851,0.136,NA,FALSE,"Bacteria","Fusobacteriota","Fusobacteriia","Fusobacteriales","Leptotrichiaceae",NA,NA,NA
"4523","sq10085","D5",2.773284e-05,"D5","SB3 3N1","SB","Internal",3,0.4562304,0,0,FALSE,"Bacteria","Fibrobacterota","Fibrobacteria","Fibrobacterales","BBMC-4",NA,NA,NA
"4524","sq3738","D5",2.773284e-05,"D5","SB3 3N1","SB","Internal",3,0.4562304,0,0,FALSE,"Bacteria","Bacteroidota","Bacteroidia","Sphingobacteriales","NS11-12 marine group",NA,NA,NA
"4525","sq7714","D5",2.773284e-05,"D5","SB3 3N1","SB","Internal",3,0.4562304,0,0,FALSE,"Bacteria","Proteobacteria","Gammaproteobacteria","Enterobacterales","Aeromonadaceae",NA,NA,NA
"4526","sq314","E9",2.735429e-05,"E9","TM3 27N1","TM","Internal",27,1.647955,2.235,NA,FALSE,"Bacteria","Desulfobacterota","Desulfuromonadia","Desulfuromonadales","Geoalkalibacteraceae",NA,NA,NA
"4527","sq8820","E9",2.735429e-05,"E9","TM3 27N1","TM","Internal",27,1.647955,2.235,NA,FALSE,"Bacteria","Proteobacteria","Alphaproteobacteria","Paracaedibacterales","Paracaedibacteraceae",NA,NA,NA
"4528","sq8977","E9",2.735429e-05,"E9","TM3 27N1","TM","Internal",27,1.647955,2.235,NA,FALSE,"Bacteria","Proteobacteria","Alphaproteobacteria","Holosporales","Holosporaceae",NA,NA,NA
"4529","sq5869","D8",2.68496e-05,"D8","SB4 3E1","SB","External",3,0.7979979,NA,0,FALSE,"Bacteria","Proteobacteria","Alphaproteobacteria","Parvibaculales","Parvibaculaceae",NA,NA,NA
"4530","sq7691","D8",2.68496e-05,"D8","SB4 3E1","SB","External",3,0.7979979,NA,0,FALSE,"Bacteria","Verrucomicrobiota","Verrucomicrobiae","Opitutales","Opitutaceae",NA,NA,NA
"4531","sq12050","D1",2.618727e-05,"D1","SB3 1N1 ","SB","Internal",1,1.016766,NA,0,FALSE,"Bacteria","Verrucomicrobiota","Lentisphaeria","Victivallales","SBYX-4944",NA,NA,NA
"4532","sq2138","D1",2.618727e-05,"D1","SB3 1N1 ","SB","Internal",1,1.016766,NA,0,FALSE,"Bacteria","Cloacimonadota","Cloacimonadia","Cloacimonadales","MSBL8",NA,NA,NA
"4533","sq2581","D1",2.618727e-05,"D1","SB3 1N1 ","SB","Internal",1,1.016766,NA,0,FALSE,"Bacteria","Cyanobacteria","Cyanobacteriia","Thermosynechococcales","Thermosynechococcaceae",NA,NA,NA
"4534","sq4446","D1",2.618727e-05,"D1","SB3 1N1 ","SB","Internal",1,1.016766,NA,0,FALSE,"Bacteria","Proteobacteria","Alphaproteobacteria","Kiloniellales","Fodinicurvataceae",NA,NA,NA
"4535","sq9072","D1",2.618727e-05,"D1","SB3 1N1 ","SB","Internal",1,1.016766,NA,0,FALSE,"Bacteria","Acidobacteriota","Acidobacteriae","Bryobacterales","Bryobacteraceae",NA,NA,NA
"4536","sq13965","D7",2.554572e-05,"D7","SB4 3N1","SB","Internal",3,0.9474643,NA,0,FALSE,"Bacteria","Planctomycetota","Phycisphaerae","Tepidisphaerales","WD2101 soil group",NA,NA,NA
"4537","sq15393","D7",2.554572e-05,"D7","SB4 3N1","SB","Internal",3,0.9474643,NA,0,FALSE,"Bacteria","Bacteroidota","Kryptonia","Kryptoniales","BSV26",NA,NA,NA
"4538","sq5611","D7",2.554572e-05,"D7","SB4 3N1","SB","Internal",3,0.9474643,NA,0,FALSE,"Bacteria","Dependentiae","Babeliae","Babeliales","UBA12411",NA,NA,NA
"4539","sq7869","D7",2.554572e-05,"D7","SB4 3N1","SB","Internal",3,0.9474643,NA,0,FALSE,"Bacteria","Proteobacteria","Alphaproteobacteria","Rickettsiales","Fokiniaceae",NA,NA,NA
"4540","sq2054","E10",2.506119e-05,"E10","TM3 27E1","TM","External",27,0.830019,0.233,NA,FALSE,"Bacteria","Halanaerobiaeota","Halanaerobiia","Halanaerobiales","Halobacteroidaceae",NA,NA,NA
"4541","sq4084","E10",2.506119e-05,"E10","TM3 27E1","TM","External",27,0.830019,0.233,NA,FALSE,"Bacteria","Verrucomicrobiota","Chlamydiae","Chlamydiales","Simkaniaceae",NA,NA,NA
"4542","sq7329","E10",2.506119e-05,"E10","TM3 27E1","TM","External",27,0.830019,0.233,NA,FALSE,"Bacteria","Chloroflexi","Chloroflexia","Thermomicrobiales","AKYG1722",NA,NA,NA
"4543","sq15148","D9",2.452503e-05,"D9","SB4 4N1","SB","Internal",4,1.337103,1.856,NA,FALSE,"Bacteria","Verrucomicrobiota","Chlamydiae","Chlamydiales","Criblamydiaceae",NA,NA,NA
"4544","sq2330","D9",2.452503e-05,"D9","SB4 4N1","SB","Internal",4,1.337103,1.856,NA,FALSE,"Bacteria","Planctomycetota","Phycisphaerae","MSBL9","ST-NAGAB-D1",NA,NA,NA
"4545","sq9020","D9",2.452503e-05,"D9","SB4 4N1","SB","Internal",4,1.337103,1.856,NA,FALSE,"Bacteria","Spirochaetota","Brevinematia","Brevinematales","Brevinemataceae",NA,NA,NA
"4546","sq11898","E2",2.446334e-05,"E2","TM2 21E1","TM","External",21,3.767123,NA,0,FALSE,"Bacteria","Verrucomicrobiota","Chlamydiae","Chlamydiales","Parachlamydiaceae",NA,NA,NA
"4547","sq6364","E2",2.446334e-05,"E2","TM2 21E1","TM","External",21,3.767123,NA,0,FALSE,"Bacteria","Verrucomicrobiota","Lentisphaeria","Victivallales","PRD18C08",NA,NA,NA
"4548","sq6474","E2",2.446334e-05,"E2","TM2 21E1","TM","External",21,3.767123,NA,0,FALSE,"Bacteria","Fibrobacterota","Fibrobacteria","Fibrobacterales","B5-096",NA,NA,NA
"4549","sq15148","D10",2.445107e-05,"D10","SB4 4E1","SB","External",4,0.9473753,0.459,NA,FALSE,"Bacteria","Verrucomicrobiota","Chlamydiae","Chlamydiales","Criblamydiaceae",NA,NA,NA
"4550","sq2938","D10",2.445107e-05,"D10","SB4 4E1","SB","External",4,0.9473753,0.459,NA,FALSE,"Bacteria","Proteobacteria","Gammaproteobacteria","Francisellales","Francisellaceae",NA,NA,NA
"4551","sq9623","D10",2.445107e-05,"D10","SB4 4E1","SB","External",4,0.9473753,0.459,NA,FALSE,"Bacteria","Actinobacteriota","Thermoleophilia","Solirubrobacterales","67-14",NA,NA,NA
"4552","sq12008","D2",2.421386e-05,"D2","SB3 1E2","SB","External",1,0.9945908,NA,0,FALSE,"Bacteria","Dependentiae","Babeliae","Babeliales","Babeliaceae",NA,NA,NA
"4553","sq5593","D2",2.421386e-05,"D2","SB3 1E2","SB","External",1,0.9945908,NA,0,FALSE,"Bacteria","Bacteroidota","Bacteroidia","Bacteroidales","Rs-E47 termite group",NA,NA,NA
"4554","sq6586","D2",2.421386e-05,"D2","SB3 1E2","SB","External",1,0.9945908,NA,0,FALSE,"Bacteria","Spirochaetota","Brachyspirae","Brachyspirales","Brachyspiraceae",NA,NA,NA
"4555","sq15727","E8",2.363507e-05,"E8","TM3 26E1","TM","External",26,1.169005,NA,0.034,FALSE,"Bacteria","Proteobacteria","Gammaproteobacteria","Burkholderiales","Neisseriaceae",NA,NA,NA
"4556","sq2536","E8",2.363507e-05,"E8","TM3 26E1","TM","External",26,1.169005,NA,0.034,FALSE,"Bacteria","Planctomycetota","Planctomycetes","Gemmatales","Gemmataceae",NA,NA,NA
"4557","sq2893","D12",2.335057e-05,"D12","SB4 5E1","SB","External",5,0.8975208,0.4,0,FALSE,"Bacteria","Bacteroidota","Bacteroidia","Flavobacteriales","Weeksellaceae",NA,NA,NA
"4558","sq3738","D12",2.335057e-05,"D12","SB4 5E1","SB","External",5,0.8975208,0.4,0,FALSE,"Bacteria","Bacteroidota","Bacteroidia","Sphingobacteriales","NS11-12 marine group",NA,NA,NA
"4559","sq7184","D12",2.335057e-05,"D12","SB4 5E1","SB","External",5,0.8975208,0.4,0,FALSE,"Bacteria","Firmicutes","Clostridia","Clostridiales","Clostridiaceae",NA,NA,NA
"4560","sq2016","D3",2.274847e-05,"D3","SB3 2N1","SB","Internal",2,0.7753723,0.11,NA,FALSE,"Bacteria","Chloroflexi","Chloroflexia","Chloroflexales","Chloroflexaceae",NA,NA,NA
"4561","sq5217","D3",2.274847e-05,"D3","SB3 2N1","SB","Internal",2,0.7753723,0.11,NA,FALSE,"Bacteria","Dependentiae","Babeliae","Babeliales","UBA12409",NA,NA,NA
"4562","sq7869","D3",2.274847e-05,"D3","SB3 2N1","SB","Internal",2,0.7753723,0.11,NA,FALSE,"Bacteria","Proteobacteria","Alphaproteobacteria","Rickettsiales","Fokiniaceae",NA,NA,NA
"4563","sq2016","E6",2.111888e-05,"E6","TM2 23E1","TM","External",23,1.016192,0.102,0,FALSE,"Bacteria","Chloroflexi","Chloroflexia","Chloroflexales","Chloroflexaceae",NA,NA,NA
"4564","sq5593","E6",2.111888e-05,"E6","TM2 23E1","TM","External",23,1.016192,0.102,0,FALSE,"Bacteria","Bacteroidota","Bacteroidia","Bacteroidales","Rs-E47 termite group",NA,NA,NA
"4565","sq9020","E6",2.111888e-05,"E6","TM2 23E1","TM","External",23,1.016192,0.102,0,FALSE,"Bacteria","Spirochaetota","Brevinematia","Brevinematales","Brevinemataceae",NA,NA,NA
"4566","sq15021","E11",2.073914e-05,"E11","TM3 28N1","TM","Internal",28,1.477156,2.427,0.039,FALSE,"Bacteria","Actinobacteriota","Acidimicrobiia","Actinomarinales","Actinomarinaceae",NA,NA,NA
"4567","sq2536","E11",2.073914e-05,"E11","TM3 28N1","TM","Internal",28,1.477156,2.427,0.039,FALSE,"Bacteria","Planctomycetota","Planctomycetes","Gemmatales","Gemmataceae",NA,NA,NA
"4568","sq4825","E11",2.073914e-05,"E11","TM3 28N1","TM","Internal",28,1.477156,2.427,0.039,FALSE,"Bacteria","Fibrobacterota","Fibrobacteria","Fibrobacterales","Candidatus Raymondbacteria",NA,NA,NA
"4569","sq5611","E11",2.073914e-05,"E11","TM3 28N1","TM","Internal",28,1.477156,2.427,0.039,FALSE,"Bacteria","Dependentiae","Babeliae","Babeliales","UBA12411",NA,NA,NA
"4570","sq1766","D6",2.002864e-05,"D6","SB3 3E1","SB","External",3,0.7111695,0.121,0,FALSE,"Bacteria","Fermentibacterota","Fermentibacteria","Fermentibacterales","Fermentibacteraceae",NA,NA,NA
"4571","sq3793","D11",2.002463e-05,"D11","SB4 5N1","SB","Internal",5,1.132759,0.701,0,FALSE,"Bacteria","Firmicutes","Clostridia","Lachnospirales","Defluviitaleaceae",NA,NA,NA
"4572","sq7184","D11",2.002463e-05,"D11","SB4 5N1","SB","Internal",5,1.132759,0.701,0,FALSE,"Bacteria","Firmicutes","Clostridia","Clostridiales","Clostridiaceae",NA,NA,NA
"4573","sq15535","E12",1.976402e-05,"E12","TM3 28E1","TM","External",28,1.516085,1.023,0,FALSE,"Bacteria","Bacteroidota","Bacteroidia","Chitinophagales","37-13",NA,NA,NA
"4574","sq4006","E12",1.976402e-05,"E12","TM3 28E1","TM","External",28,1.516085,1.023,0,FALSE,"Bacteria","Dependentiae","Babeliae","Babeliales","Vermiphilaceae",NA,NA,NA
"4575","sq14570","D1",1.964045e-05,"D1","SB3 1N1 ","SB","Internal",1,1.016766,NA,0,FALSE,"Bacteria","Proteobacteria","Alphaproteobacteria","Rhizobiales","A0839",NA,NA,NA
"4576","sq3921","D1",1.964045e-05,"D1","SB3 1N1 ","SB","Internal",1,1.016766,NA,0,FALSE,"Bacteria","Proteobacteria","Gammaproteobacteria","Diplorickettsiales","Diplorickettsiaceae",NA,NA,NA
"4577","sq440","D1",1.964045e-05,"D1","SB3 1N1 ","SB","Internal",1,1.016766,NA,0,FALSE,"Bacteria","Fusobacteriota","Fusobacteriia","Fusobacteriales","Fusobacteriaceae",NA,NA,NA
"4578","sq4688","D1",1.964045e-05,"D1","SB3 1N1 ","SB","Internal",1,1.016766,NA,0,FALSE,"Bacteria","Proteobacteria","Alphaproteobacteria","Rickettsiales","Anaplasmataceae",NA,NA,NA
"4579","sq6474","D1",1.964045e-05,"D1","SB3 1N1 ","SB","Internal",1,1.016766,NA,0,FALSE,"Bacteria","Fibrobacterota","Fibrobacteria","Fibrobacterales","B5-096",NA,NA,NA
"4580","sq7869","D1",1.964045e-05,"D1","SB3 1N1 ","SB","Internal",1,1.016766,NA,0,FALSE,"Bacteria","Proteobacteria","Alphaproteobacteria","Rickettsiales","Fokiniaceae",NA,NA,NA
"4581","sq11060","E7",1.941126e-05,"E7","TM3 26N1","TM","Internal",26,1.910828,NA,0.056,FALSE,"Bacteria","Proteobacteria","Alphaproteobacteria","Caedibacterales","Caedibacteraceae",NA,NA,NA
"4582","sq15699","E7",1.941126e-05,"E7","TM3 26N1","TM","Internal",26,1.910828,NA,0.056,FALSE,"Bacteria","Proteobacteria","Gammaproteobacteria","Burkholderiales","Alcaligenaceae",NA,NA,NA
"4583","sq2536","E7",1.941126e-05,"E7","TM3 26N1","TM","Internal",26,1.910828,NA,0.056,FALSE,"Bacteria","Planctomycetota","Planctomycetes","Gemmatales","Gemmataceae",NA,NA,NA
"4584","sq4594","E7",1.941126e-05,"E7","TM3 26N1","TM","Internal",26,1.910828,NA,0.056,FALSE,"Bacteria","Firmicutes","Bacilli","Erysipelotrichales","Erysipelotrichaceae",NA,NA,NA
"4585","sq15638","E4",1.915305e-05,"E4","TM2 22E1","TM","External",22,1.310616,0.595,NA,FALSE,"Bacteria","Proteobacteria","Alphaproteobacteria","SAR11 clade","Clade III",NA,NA,NA
"4586","sq2893","E4",1.915305e-05,"E4","TM2 22E1","TM","External",22,1.310616,0.595,NA,FALSE,"Bacteria","Bacteroidota","Bacteroidia","Flavobacteriales","Weeksellaceae",NA,NA,NA
"4587","sq8889","E4",1.915305e-05,"E4","TM2 22E1","TM","External",22,1.310616,0.595,NA,FALSE,"Bacteria","Verrucomicrobiota","Verrucomicrobiae","Chthoniobacterales","Chthoniobacteraceae",NA,NA,NA
"4588","sq11060","D4",1.902569e-05,"D4","SB3 2E1","SB","External",2,0.6529851,0.136,NA,FALSE,"Bacteria","Proteobacteria","Alphaproteobacteria","Caedibacterales","Caedibacteraceae",NA,NA,NA
"4589","sq4688","D4",1.902569e-05,"D4","SB3 2E1","SB","External",2,0.6529851,0.136,NA,FALSE,"Bacteria","Proteobacteria","Alphaproteobacteria","Rickettsiales","Anaplasmataceae",NA,NA,NA
"4590","sq8820","D4",1.902569e-05,"D4","SB3 2E1","SB","External",2,0.6529851,0.136,NA,FALSE,"Bacteria","Proteobacteria","Alphaproteobacteria","Paracaedibacterales","Paracaedibacteraceae",NA,NA,NA
"4591","sq9963","D4",1.902569e-05,"D4","SB3 2E1","SB","External",2,0.6529851,0.136,NA,FALSE,"Bacteria","Fibrobacterota","Chitinivibrionia","Chitinivibrionales","Chitinivibrionaceae",NA,NA,NA
"4592","sq15613","E3",1.878516e-05,"E3","TM2 22N1","TM","Internal",22,1.027042,1.612,NA,FALSE,"Bacteria","Cyanobacteria","Cyanobacteriia","Pseudanabaenales","Pseudanabaenaceae",NA,NA,NA
"4593","sq3076","E3",1.878516e-05,"E3","TM2 22N1","TM","Internal",22,1.027042,1.612,NA,FALSE,"Bacteria","Bacteroidota","Bacteroidia","Cytophagales","Bernardetiaceae",NA,NA,NA
"4594","sq3216","E3",1.878516e-05,"E3","TM2 22N1","TM","Internal",22,1.027042,1.612,NA,FALSE,"Bacteria","Nitrospinota","Nitrospinia","Nitrospinales","Nitrospinaceae",NA,NA,NA
"4595","sq3921","D5",1.848856e-05,"D5","SB3 3N1","SB","Internal",3,0.4562304,0,0,FALSE,"Bacteria","Proteobacteria","Gammaproteobacteria","Diplorickettsiales","Diplorickettsiaceae",NA,NA,NA
"4596","sq4927","D5",1.848856e-05,"D5","SB3 3N1","SB","Internal",3,0.4562304,0,0,FALSE,"Bacteria","Gemmatimonadota","Gemmatimonadetes","Gemmatimonadales","Gemmatimonadaceae",NA,NA,NA
"4597","sq5222","D5",1.848856e-05,"D5","SB3 3N1","SB","Internal",3,0.4562304,0,0,FALSE,"Bacteria","Verrucomicrobiota","Verrucomicrobiae","Verrucomicrobiales","Verrucomicrobiaceae",NA,NA,NA
"4598","sq6360","D5",1.848856e-05,"D5","SB3 3N1","SB","Internal",3,0.4562304,0,0,FALSE,"Bacteria","Proteobacteria","Gammaproteobacteria","Pseudomonadales","Halomonadaceae",NA,NA,NA
"4599","sq12955","E9",1.82362e-05,"E9","TM3 27N1","TM","Internal",27,1.647955,2.235,NA,FALSE,"Bacteria","Patescibacteria","Saccharimonadia","Saccharimonadales","LWQ8",NA,NA,NA
"4600","sq1410","E9",1.82362e-05,"E9","TM3 27N1","TM","Internal",27,1.647955,2.235,NA,FALSE,"Bacteria","Cyanobacteria","Cyanobacteriia","Leptolyngbyales","Leptolyngbyaceae",NA,NA,NA
"4601","sq15749","E9",1.82362e-05,"E9","TM3 27N1","TM","Internal",27,1.647955,2.235,NA,FALSE,"Bacteria","Acidobacteriota","Vicinamibacteria","Vicinamibacterales","Vicinamibacteraceae",NA,NA,NA
"4602","sq3076","E9",1.82362e-05,"E9","TM3 27N1","TM","Internal",27,1.647955,2.235,NA,FALSE,"Bacteria","Bacteroidota","Bacteroidia","Cytophagales","Bernardetiaceae",NA,NA,NA
"4603","sq12008","E10",1.670746e-05,"E10","TM3 27E1","TM","External",27,0.830019,0.233,NA,FALSE,"Bacteria","Dependentiae","Babeliae","Babeliales","Babeliaceae",NA,NA,NA
"4604","sq1410","E10",1.670746e-05,"E10","TM3 27E1","TM","External",27,0.830019,0.233,NA,FALSE,"Bacteria","Cyanobacteria","Cyanobacteriia","Leptolyngbyales","Leptolyngbyaceae",NA,NA,NA
"4605","sq15393","E10",1.670746e-05,"E10","TM3 27E1","TM","External",27,0.830019,0.233,NA,FALSE,"Bacteria","Bacteroidota","Kryptonia","Kryptoniales","BSV26",NA,NA,NA
"4606","sq15495","E10",1.670746e-05,"E10","TM3 27E1","TM","External",27,0.830019,0.233,NA,FALSE,"Bacteria","Patescibacteria","Saccharimonadia","Saccharimonadales","Saccharimonadaceae",NA,NA,NA
"4607","sq4594","E10",1.670746e-05,"E10","TM3 27E1","TM","External",27,0.830019,0.233,NA,FALSE,"Bacteria","Firmicutes","Bacilli","Erysipelotrichales","Erysipelotrichaceae",NA,NA,NA
"4608","sq3790","D9",1.635002e-05,"D9","SB4 4N1","SB","Internal",4,1.337103,1.856,NA,FALSE,"Bacteria","Planctomycetota","Planctomycetes","Isosphaerales","Isosphaeraceae",NA,NA,NA
"4609","sq5217","D9",1.635002e-05,"D9","SB4 4N1","SB","Internal",4,1.337103,1.856,NA,FALSE,"Bacteria","Dependentiae","Babeliae","Babeliales","UBA12409",NA,NA,NA
"4610","sq2814","D10",1.630072e-05,"D10","SB4 4E1","SB","External",4,0.9473753,0.459,NA,FALSE,"Bacteria","Verrucomicrobiota","Lentisphaeria","Oligosphaerales","Oligosphaeraceae",NA,NA,NA
"4611","sq578","D10",1.630072e-05,"D10","SB4 4E1","SB","External",4,0.9473753,0.459,NA,FALSE,"Bacteria","Fibrobacterota","Fibrobacteria","Fibrobacterales","Fibrobacteraceae",NA,NA,NA
"4612","sq7161","D10",1.630072e-05,"D10","SB4 4E1","SB","External",4,0.9473753,0.459,NA,FALSE,"Bacteria","Proteobacteria","Alphaproteobacteria","Tistrellales","Tistrellaceae",NA,NA,NA
"4613","sq9343","D10",1.630072e-05,"D10","SB4 4E1","SB","External",4,0.9473753,0.459,NA,FALSE,"Bacteria","Verrucomicrobiota","Omnitrophia","Omnitrophales","koll11",NA,NA,NA
"4614","sq2138","D2",1.614257e-05,"D2","SB3 1E2","SB","External",1,0.9945908,NA,0,FALSE,"Bacteria","Cloacimonadota","Cloacimonadia","Cloacimonadales","MSBL8",NA,NA,NA
"4615","sq2016","D1",1.309363e-05,"D1","SB3 1N1 ","SB","Internal",1,1.016766,NA,0,FALSE,"Bacteria","Chloroflexi","Chloroflexia","Chloroflexales","Chloroflexaceae",NA,NA,NA
